name,latitude,longitude,district,pedestrian_traffic_estimate,metro_passenger_flow,distance_to_metro,public_transport_stops_count,cafes_300m,cafes_1km,average_competitor_rating,population_density,median_income,office_density,average_rent_m2,available_commercial_spaces,rating
Креветка,55.6517026,37.5271538,Moscow,498,79000,10533.460758926793,85,1,26,,5228,122348,16,2400,13,4.3
Чайхана Ош,55.7052212,37.6888836,Moscow,1286,62000,4333.180656098598,85,6,17,,6762,127606,18,1950,2,3.6
Шоколадница,55.789623,37.6786602,Moscow,1055,94000,2117.3973235597223,85,10,19,,6302,91866,25,3500,13,4.1
Com,55.7682803,37.6446178,Moscow,667,94000,1076.3385189834214,85,12,161,,13628,60392,16,2100,5,4.3
Старый дуб,55.6976881,37.7857738,Moscow,1352,62000,10028.102799727825,85,1,7,,7808,61851,10,1700,4,3.5
Шоколадница,55.6866726,37.5729914,Moscow,1417,62000,6354.098325205366,85,4,35,,7710,117390,46,2400,3,4.0
Подъезд,55.6567323,37.5973739,Moscow,407,62000,8623.516996747985,85,0,10,,6245,103740,47,2400,0,4.6
Unknown,55.5984177,37.904424,Moscow,1307,62000,22330.420029600817,85,0,1,,14118,129476,23,1800,14,4.5
Шоколадница,55.760415,37.6144665,Moscow,218,89000,391.6645752724263,85,18,149,,9811,119250,13,3500,8,3.8
Шарманка,55.7404892,37.8593626,Moscow,714,68000,12734.915711619858,85,0,21,,9468,91884,15,2000,4,4.0
Unknown,55.7376936,37.8546333,Moscow,902,68000,12492.194291944468,85,0,11,,13635,119180,43,1800,0,4.1
Сахара,55.580458,37.5767712,Moscow,1279,62000,17160.607718060324,85,0,3,,8920,106868,48,2400,10,4.7
Грабли,55.7413227,37.6287265,Moscow,548,62000,1259.280793790834,85,26,117,,9096,111191,23,1700,0,3.7
True Burgers,55.7464981,37.5609638,Moscow,470,79000,375.46850853037756,85,3,32,,10161,76825,10,2100,2,4.4
Unknown,55.6436251,37.5261032,Moscow,434,79000,11424.287165224992,85,6,24,,9806,64682,23,2000,0,4.6
Зерно,55.7413059,37.4286725,Moscow,962,79000,8538.380605882803,85,2,10,,12760,105136,24,1700,14,3.7
Эгриси,55.6116873,37.6963392,Moscow,1305,62000,13778.90291475598,85,2,5,,6681,119345,44,1950,5,3.6
Unknown,55.6294407,37.6002154,Moscow,489,62000,11525.942993858225,85,0,7,,8250,90188,38,1700,8,3.6
Шоколадница,55.6715942,37.5534398,Moscow,806,79000,8083.665652162429,85,6,25,,7631,88282,14,2400,2,4.4
Шоколадница,55.757364,37.6316441,Moscow,1116,85000,276.21688301223725,85,12,186,,12215,107368,48,1700,7,3.5
На изумрудной,55.871815,37.6839384,Moscow,1468,94000,10806.387834959029,85,3,9,,5097,78720,29,1950,11,4.6
Кофе Хауз,55.8653693,37.7040352,Moscow,1108,94000,10398.788994246772,85,1,3,,7884,107860,47,2300,9,3.7
Кофе Хауз,55.7576428,37.6586654,Moscow,1099,68000,82.71753609780724,85,14,126,,11995,106436,18,2100,3,4.6
Pizzamento,55.6729122,37.664561,Moscow,978,62000,6685.941854548686,85,2,17,,13939,93737,27,1950,9,4.4
Москвич,55.7048721,37.7360995,Moscow,600,62000,6853.149071687057,85,0,13,,7784,90728,48,2400,13,4.7
Сбарро,55.6227585,37.6055185,Moscow,221,62000,12196.681797957735,85,4,8,,12086,89244,38,1700,0,4.7
Кальян,55.8959871,37.6195797,Moscow,352,54000,13054.602894998608,85,2,9,,7774,108009,13,2000,11,4.2
Unknown,55.6264956,37.8003361,Moscow,1297,62000,15488.654220504384,85,1,2,,9016,92593,30,2100,12,4.2
Шоколадница,55.7305169,37.6352842,Moscow,940,62000,120.11142895277776,85,22,130,,14932,98392,38,3500,8,3.7
Эссе,55.7990447,37.7747373,Moscow,622,94000,7912.490382698164,85,0,9,,13113,99849,13,2400,11,4.1
Му-Му,55.7897921,37.6809206,Moscow,209,94000,2231.3360669810922,85,11,19,,14534,75820,49,1900,3,4.3
Unknown,55.790264,37.6802253,Moscow,469,94000,2236.8484977008156,85,10,20,,10387,121019,10,2300,12,3.5
Unknown,55.6306283,37.7992384,Moscow,624,62000,15100.13165418976,85,0,5,,14995,81109,42,2300,12,4.7
Unknown,55.642514,37.7962183,Moscow,1344,62000,14014.773044883223,85,0,3,,6236,106288,14,1700,12,4.4
ЗаРайский Дворик,55.7297961,37.7707677,Moscow,1185,68000,7679.195080896723,85,0,8,,10462,76798,35,1700,10,4.0
Unknown,55.7181527,37.7839121,Moscow,613,68000,8988.243020991913,85,5,18,,9741,84999,17,2100,3,3.5
Легенда,55.8603061,37.4483248,Moscow,243,71000,12555.690391980877,85,2,10,,10900,123528,14,1800,7,3.9
Келлер,55.886287,37.6116799,Moscow,899,54000,11945.075436489125,85,2,12,,8231,74251,25,1700,13,3.9
Кафетериус,55.757282,37.5949512,Moscow,540,72000,1017.7702853545148,85,11,124,,14039,71762,46,2300,9,4.0
Финист,55.7964009,37.5835847,Moscow,1405,71000,2157.4379092673757,85,13,81,,7243,70619,30,1900,4,3.6
Unknown,55.7948327,37.7325016,Moscow,414,94000,5278.856851784917,85,1,15,,13271,85955,44,3500,10,4.5
Очаг,55.7213512,37.7337973,Moscow,1374,62000,6155.597448440341,85,2,11,,14368,88785,16,2100,1,4.6
Пушкинъ,55.7634115,37.6046705,Moscow,318,72000,105.82904804817245,85,17,148,,12502,72324,42,1700,13,4.3
Папа Джонс,55.7212034,37.6235815,Moscow,1337,62000,1375.746533255599,85,6,76,,12994,77102,27,1800,9,3.6
Unknown,55.6147365,37.5144143,Moscow,981,79000,14719.167921165288,85,0,9,,13215,120344,38,2300,11,4.0
Шоколадница,55.7428169,37.4285202,Moscow,622,79000,8543.504165549093,85,2,9,,8835,92513,16,1800,11,3.6
ЛаBeerРинт,55.6582049,37.5682109,Moscow,1199,62000,9170.86692876812,85,3,12,,11436,80114,15,3500,5,3.8
Форсаж,55.8015302,37.7266258,Moscow,347,94000,5301.989731010761,85,0,16,,12223,99474,25,1800,2,3.6
Медный всадник,55.8917988,37.4483513,Moscow,1209,71000,15319.865846010996,85,6,21,,8249,104612,22,3500,10,3.7
Шоколадница,55.7351492,37.5178934,Moscow,859,79000,3108.6674668241126,85,0,20,,6447,62355,10,1800,3,4.6
Дворик,55.6476531,37.392901,Moscow,363,79000,15201.722362439823,85,4,18,,12495,87040,29,1950,10,4.1
Urban,55.8044145,37.7814848,Moscow,819,94000,8515.254704536374,85,0,7,,5874,116620,28,1950,6,3.9
Поль Бейкери,55.8233681,37.4969072,Moscow,613,71000,7497.5512680196,85,14,24,,13119,65786,10,2100,1,4.1
СССР,55.8086798,37.4941534,Moscow,1338,71000,6629.797557682901,85,4,34,,5053,129064,27,3500,2,3.6
Очаг Гурманов,55.6404496,37.6908193,Moscow,376,62000,10618.893135458446,85,0,2,,10629,62694,18,3500,0,4.4
Unknown,55.8275767,37.9010758,Moscow,1323,94000,16413.75745715766,85,0,0,,8446,81593,26,1950,14,3.8
Му-Му,55.783007,37.720243,Moscow,424,94000,4153.617913476228,85,14,41,,14167,67392,16,1700,4,3.7
Пекарня Маман,55.783492,37.7210495,Moscow,249,94000,4213.471777712723,85,14,38,,8076,76478,15,2100,4,4.7
Шоколадница,55.7612185,37.5793193,Moscow,576,72000,1697.579596280696,85,5,65,,7479,67942,14,2100,13,4.2
Виктория,55.8599177,37.4484805,Moscow,588,71000,12517.309365056824,85,2,11,,10835,100788,32,2100,2,4.4
Ласточка,55.8740187,37.6366282,Moscow,1133,54000,10784.69369112545,85,1,12,,6839,64495,30,1700,7,4.7
Мечта,55.8719437,37.6719163,Moscow,323,94000,10720.650683851865,85,0,9,,6687,81239,21,1700,14,4.3
Loave,55.7415788,37.6283784,Moscow,937,62000,1294.225696383009,85,25,118,,9844,62134,16,1950,11,3.6
Unknown,55.9039251,37.5859374,Moscow,1253,54000,13927.190530541237,85,1,7,,8358,91756,44,2000,6,3.8
Твое кафе,55.7590525,37.7084841,Moscow,1307,68000,3166.9324181099014,85,1,36,,8583,127092,26,2300,5,4.3
Штолле,55.767666,37.5926032,Moscow,478,77000,888.9220237988975,85,16,145,,10969,69427,37,1950,7,3.8
Шоколадница,55.7673084,37.5933715,Moscow,472,77000,830.6324945802488,85,17,150,,5031,89710,34,1700,9,4.2
Айва,55.7629854,37.5880591,Moscow,342,72000,1128.0279249216494,85,8,95,,9544,94985,15,3500,4,4.6
Даблби,55.7667104,37.6107617,Moscow,394,77000,353.40992861639677,85,17,163,,11503,90775,40,1700,6,3.6
Алтаргана,55.7673462,37.6522939,Moscow,1326,94000,977.0309516444821,85,5,142,,5498,70521,41,1950,1,3.7
Взлет,55.810912,37.4990295,Moscow,379,71000,6513.970229465931,85,5,41,,12526,90748,26,1950,11,4.6
Общежитие МАИ,55.8128478,37.494602,Moscow,554,71000,6864.156754231432,85,1,33,,10226,92122,34,2000,9,4.3
Unknown,55.6777353,37.6588261,Moscow,901,62000,6078.584285920353,85,3,15,,9002,85984,30,2100,3,3.8
Чебуречная № 1,55.6775693,37.66028,Moscow,1282,62000,6117.648433844645,85,6,16,,12849,109010,11,1900,1,4.4
Уйгурское Кафе,55.8160235,37.3651515,Moscow,1188,71000,14351.1514838302,85,0,22,,14408,87726,33,3500,4,4.3
Unknown,55.702286,37.531996,Moscow,337,79000,5078.038107619683,85,3,15,,8119,85025,13,2300,11,4.1
Факультет,55.703591,37.529905,Moscow,1291,79000,5001.965809650666,85,3,10,,7237,83799,29,2300,11,4.4
Шоколадница,55.6932599,37.5336446,Moscow,980,79000,5974.049456639542,85,11,26,,5302,61018,42,1800,2,4.3
Шоколадница,55.7409522,37.6276453,Moscow,697,62000,1252.0424532746429,85,24,122,,14413,128644,12,1800,2,4.2
Шоколадница,55.8461495,37.4387397,Moscow,1479,71000,11895.333203216547,85,3,29,,8676,120412,42,1700,13,4.1
Надин,55.7589836,37.6173425,Moscow,464,89000,236.01930534904582,85,15,149,,14014,92115,11,2100,10,3.7
Чебуречная СССР,55.8051354,37.5107086,Moscow,1087,71000,5548.035541337236,85,12,54,,13359,129192,19,2300,8,4.7
Гаврош,55.7345371,37.4884003,Moscow,1276,79000,4909.102143059079,85,0,11,,9650,99261,41,2300,11,3.7
Шоколадница,55.7390749,37.4846421,Moscow,682,79000,5059.697599349384,85,2,17,,14604,72110,37,1900,0,4.6
Кофе Хауз,55.6182552,37.5070676,Moscow,400,79000,14446.172262105934,85,6,8,,5192,67487,17,2100,9,3.9
Палехский дворик,55.8767037,37.7120284,Moscow,1054,94000,11750.598491446275,85,0,6,,9501,128678,23,2300,13,3.8
Stars Coffee,55.6036933,37.4906682,Moscow,982,79000,16282.71494076643,85,6,8,,5401,73213,17,2400,2,4.6
Аквариум,55.8891575,37.594626,Moscow,702,54000,12257.607472597918,85,2,13,,12281,108992,10,2000,7,4.0
Шоколадница,55.7409749,37.5360004,Moscow,822,79000,1846.0792955060924,85,7,77,,6464,124404,27,2300,9,4.2
El Caracol,55.7852,37.709086,Moscow,1451,94000,3533.43144316093,85,7,58,,8584,96674,42,2300,11,4.4
Гурман,55.7420779,37.5588186,Moscow,421,79000,442.014711331374,85,3,40,,11424,104604,33,3500,5,4.7
Кулинарная лавка братьев Караваевых,55.7658952,37.6322394,Moscow,335,85000,1212.4251825100812,85,17,205,,13592,66830,41,2100,13,4.6
Кулинарная лавка братьев Караваевых,55.7591694,37.6453003,Moscow,1393,68000,830.4051576697689,85,30,213,,5982,70990,43,1800,12,3.6
Кулинарная лавка братьев Караваевых,55.7626987,37.5892139,Moscow,447,72000,1060.0544142498793,85,9,97,,14519,62317,14,1800,2,3.7
Му-Му,55.8081589,37.6384319,Moscow,925,94000,3722.8812584216785,85,5,25,,11896,86809,27,2000,11,3.9
Шоколадница,55.8085513,37.6363308,Moscow,1248,94000,3803.041126973721,85,6,25,,11877,68047,32,1800,4,4.5
Floo,55.7687885,37.5893563,Moscow,1383,71000,972.5939447624224,85,12,142,,12445,126077,25,2000,3,4.1
Шантимель,55.8267194,37.4467822,Moscow,381,71000,10203.399504774005,85,4,11,,11230,112726,49,1900,4,4.5
Андиамо,55.6869871,37.5355596,Moscow,383,79000,6602.296354800058,85,0,33,,5663,97192,34,1700,2,4.2
Kitchen,55.7582211,37.4191351,Moscow,215,79000,9264.074659870352,85,0,7,,9454,103590,20,1950,1,4.7
Unknown,55.7698272,37.4830885,Moscow,1120,79000,5874.964316687109,85,0,5,,8832,63381,34,1800,0,4.2
Архитектор,55.7699843,37.5937454,Moscow,784,77000,945.9316714875353,85,17,156,,6844,78093,12,2000,2,3.9
Папа Джонс,55.7432939,37.50604,Moscow,598,79000,3691.2147425511553,85,11,43,,13558,83595,17,2100,8,4.6
Чачапури,55.8697285,37.630399,Moscow,1334,54000,10243.307952292414,85,0,6,,5372,62709,32,1900,14,4.8
Пронто,55.8706639,37.5904446,Moscow,354,54000,10218.083524053116,85,0,3,,8249,108083,49,1900,0,3.7
Обжорка,55.7079851,37.3644093,Moscow,1007,79000,13183.83504405623,85,0,10,,10911,104559,15,2100,3,4.5
Sous,55.8747675,37.5878456,Moscow,584,54000,10685.493275097182,85,0,4,,12551,85096,21,1900,3,4.4
Штолле,55.8111129,37.638425,Moscow,604,94000,4039.5178192883154,85,4,25,,7995,92755,32,2400,8,4.4
Сытый лось,55.6657973,37.6511706,Moscow,1153,62000,7304.385765842544,85,0,3,,13118,88366,22,2300,10,4.8
Булка,55.7737934,37.5860675,Moscow,909,71000,379.2787727036655,85,24,186,,5041,101058,20,2300,5,4.4
Триумф и ВитаминКафе,55.6754069,37.8917876,Moscow,481,62000,17119.04909992841,85,1,6,,14382,68207,12,1950,8,4.7
Unknown,55.6761382,37.8937842,Moscow,969,62000,17206.62868461277,85,2,10,,10362,115247,45,1950,13,4.4
Шоколадница,55.8074121,37.6376851,Moscow,800,94000,3656.7416758502163,85,4,24,,6773,84320,31,1900,0,4.3
Unknown,55.8226861,37.3644936,Moscow,620,71000,14629.707304832864,85,1,25,,5550,64811,20,1950,13,4.7
Капли,55.8648069,37.6042686,Moscow,1101,54000,9542.34424426013,85,8,9,,6038,127440,27,3500,3,3.8
Карамель,55.5480669,37.5505158,Moscow,480,62000,21052.89210524729,85,4,12,,7896,116844,28,1800,4,4.2
Шоколадница,55.6832512,37.4919947,Moscow,345,79000,8157.3184201334925,85,1,11,,9861,125266,38,2300,4,4.2
Домашний,55.8009625,37.5865861,Moscow,1479,54000,2625.3617628978545,85,6,98,,7297,124542,45,1950,3,4.8
Фестивальное,55.7544221,37.6228179,Moscow,1325,89000,513.9679247238881,85,10,130,,6101,102031,46,1700,13,4.1
Unknown,55.5840124,37.6585419,Moscow,1231,62000,16400.04170101743,85,1,4,,10664,61349,38,2000,12,4.6
Unknown,55.609362,37.6051752,Moscow,1230,62000,13671.96906872337,85,2,10,,14356,105947,48,1700,11,4.1
Багеттерия,55.7091356,37.6219655,Moscow,1419,62000,2607.1800634120764,85,30,67,,12352,86797,19,2300,4,4.2
Поль Бейкери,55.7093969,37.6223362,Moscow,611,62000,2571.724199760713,85,30,65,,10223,126831,16,2400,6,4.6
Шоколадница,55.7079507,37.6222314,Moscow,460,62000,2724.7636890996378,85,27,62,,8649,119248,20,1900,12,4.0
Lux cafe,55.7080597,37.6218884,Moscow,280,62000,2720.7637799389786,85,27,65,,7378,104029,31,1700,13,3.6
Баскин Роббинс,55.7091282,37.6223071,Moscow,704,62000,2600.299643822979,85,30,67,,13346,116079,14,1950,8,3.6
кремлевский экспресс,55.7093922,37.6220148,Moscow,667,62000,2579.467692631531,85,30,65,,14234,121978,40,2000,11,4.7
УДОНъяСАН,55.7093406,37.6220093,Moscow,1025,62000,2584.9382625512944,85,30,66,,14932,112617,34,2100,2,4.6
Кофетун,55.707847,37.6222844,Moscow,1077,62000,2734.4925431741826,85,27,62,,7365,85253,36,2400,0,3.9
Техас Чикен,55.7092401,37.6219747,Moscow,1234,62000,2596.1384978587994,85,30,66,,6626,66998,17,1900,7,3.6
Ташир Пицца,55.7094982,37.6220254,Moscow,777,62000,2568.249476052356,85,33,65,,11324,60465,34,2300,14,3.6
Кебаб Тун,55.7094503,37.6220185,Moscow,1036,62000,2573.3663682564625,85,32,65,,11526,129722,28,2300,4,4.2
Шарм,55.7079682,37.6219598,Moscow,1488,62000,2728.758495021908,85,27,62,,14025,69593,22,2100,8,4.4
Венский Штрудель,55.7091655,37.6223129,Moscow,1220,62000,2596.292005928241,85,30,67,,14247,121346,21,2100,12,4.4
Кофе Хауз,55.709483,37.6223537,Moscow,790,62000,2562.3909478583237,85,32,65,,9650,109238,32,3500,1,3.9
Сушитун,55.7078489,37.6222176,Moscow,911,62000,2735.7066458684208,85,27,62,,13721,80339,37,2100,9,4.4
Пивбар 6/9,55.7611536,37.6240418,Moscow,371,89000,682.986878358045,85,24,176,,10993,68104,37,3500,13,3.9
Unknown,55.7677056,37.4047502,Moscow,375,79000,10367.777111116633,85,0,2,,12436,98084,21,1900,0,3.7
Шаурма 24,55.8910558,37.7271052,Moscow,1030,94000,13562.871195593341,85,0,3,,6935,94162,45,1700,11,3.8
French Kiss,55.735131,37.61281,Moscow,307,62000,1582.6203598988302,85,7,96,,9390,86495,31,2100,0,4.7
A'petit,55.7738478,37.5990744,Moscow,496,54000,601.4051769376463,85,14,242,,7040,96899,46,1800,12,3.9
Stars Coffee,55.7949773,37.7125119,Moscow,902,94000,4169.3178850513095,85,8,32,,5786,126363,36,2100,9,3.8
Буржуй,55.7748626,37.6718904,Moscow,809,94000,1063.8741353025637,85,19,105,,13348,111705,28,1800,3,3.9
Кофе Хауз,55.7279643,37.4493719,Moscow,465,79000,7455.103951600521,85,3,4,,6505,119376,36,1950,2,4.4
Лебединое озеро,55.885494,37.4205512,Moscow,1192,71000,15802.915278979512,85,1,10,,8490,77576,46,1700,1,4.6
Флэшбэк-2,55.8757288,37.6220999,Moscow,1334,54000,10828.765691193288,85,0,4,,13343,125084,36,1800,7,4.1
Клюква,55.7839536,37.8707379,Moscow,1259,94000,13519.680927997857,85,0,8,,5429,60343,20,2000,3,4.4
Гранд,55.8495072,37.4445068,Moscow,553,71000,11872.74887987833,85,11,30,,13618,114603,20,2300,4,4.4
Шоколадница,55.8651596,37.6615003,Moscow,1232,94000,9922.407328809342,85,1,5,,14012,111936,48,2100,12,4.8
Surf Coffee,55.7246075,37.5624248,Moscow,1447,79000,2162.3663130892805,85,9,36,,7794,83042,14,1900,6,4.4
Рай,55.6444778,37.7115551,Moscow,489,62000,10695.744236016984,85,0,7,,13284,69579,21,2300,0,3.5
Шоколадница,55.7305611,37.6116567,Moscow,760,62000,1587.5419865346983,85,9,82,,11915,95416,19,1950,10,3.8
Megapolis,55.7990827,37.6129023,Moscow,1088,54000,2334.7979243108175,85,3,28,,7395,110680,45,1800,1,4.2
Кофе Хауз,55.6536211,37.6206341,Moscow,590,62000,8665.063334890418,85,2,13,,7603,88804,16,2300,5,4.0
Шоколадница,55.6539117,37.620604,Moscow,532,62000,8633.202010567704,85,2,13,,11026,85976,12,1950,14,3.5
Сбарро,55.6536925,37.6205751,Moscow,248,62000,8657.618665348526,85,2,13,,10985,104581,27,1700,9,3.8
Паутина,55.6474769,37.7238214,Moscow,911,62000,10764.213562391933,85,1,6,,11877,71152,20,2000,2,3.6
Карина,55.6474613,37.7233698,Moscow,845,62000,10751.430676012082,85,1,6,,11150,98573,29,1900,9,4.2
Алло! Пицца,55.7843102,37.4737842,Moscow,1150,71000,6939.7685476985425,85,1,9,,6423,66003,40,1800,14,4.0
Чеми,55.7847828,37.4561101,Moscow,260,71000,8043.833200859126,85,0,7,,13470,128055,36,2100,8,4.5
Штолле,55.7938566,37.4923304,Moscow,378,71000,6030.268194828629,85,10,21,,12942,125407,49,2400,0,4.5
Шоколадница,55.7947761,37.4948471,Moscow,460,71000,5914.230494894561,85,8,21,,14924,87745,14,2300,5,3.8
Шоколадница,55.77306,37.6786196,Moscow,941,94000,1512.9511198461635,85,23,91,,6035,99146,37,1800,4,4.3
Фрэндс,55.6519495,37.5085339,Moscow,283,79000,10829.905063509006,85,8,19,,14155,111249,25,1700,1,3.6
Ягодка,55.5852454,37.7325671,Moscow,1376,62000,17280.321547014006,85,1,6,,9195,89203,21,1900,8,3.8
Unknown,55.6241352,37.6089272,Moscow,999,62000,12012.468197374037,85,5,8,,8465,99174,38,1700,9,3.7
Бакинский дворик,55.7112592,37.507018,Moscow,837,79000,5141.565924002902,85,1,17,,12448,70114,34,1700,2,3.8
27 часов,55.7675148,37.8581701,Moscow,928,68000,12577.376796236606,85,0,16,,9672,87935,39,1900,13,4.8
Свой Круг,55.7260802,37.6470552,Moscow,1474,62000,834.0751116426052,85,6,77,,14904,103935,49,1800,9,4.4
Ханой Фуд,55.738663,37.6609498,Moscow,1470,62000,1724.5901970888597,85,15,98,,6961,116096,41,1950,1,4.2
Чебуречная,55.7743568,37.5844455,Moscow,638,71000,295.2280548577996,85,29,174,,9872,107898,13,1700,6,3.6
Шоколадница,55.6922365,37.5275538,Moscow,416,79000,6215.326412219358,85,5,24,,5898,93623,40,2400,11,4.0
Neo Tokio,55.8854808,37.4277899,Moscow,1127,71000,15513.617132862708,85,1,8,,10555,77983,48,1950,3,3.9
Хинкальная 53,55.7358898,37.5952501,Moscow,657,79000,2097.350215736247,85,4,59,,14164,119824,24,1700,8,4.1
Старый город,55.8141313,37.7333404,Moscow,512,94000,6477.489122860589,85,1,5,,12045,114370,36,2300,6,3.9
Старт,55.7218771,37.5426065,Moscow,302,79000,2831.4376841678977,85,0,8,,14830,110976,38,2100,9,3.5
Шоколадница,55.7822827,37.7089356,Moscow,1420,94000,3444.414987735568,85,12,55,,6907,99769,21,3500,2,3.9
Домик в деревне,55.6511382,37.385912,Moscow,1435,79000,15250.154941444656,85,0,11,,11490,68591,34,1950,2,3.9
Шоколадница,55.5491422,37.5542228,Moscow,860,62000,20878.27219552173,85,6,12,,8043,82179,40,3500,2,4.4
Burgers pub,55.7941067,37.3903134,Moscow,940,71000,12258.539346616973,85,0,4,,6247,74371,49,3500,12,3.8
Unknown,55.884788,37.6055095,Moscow,1024,54000,11765.130450033232,85,3,11,,6642,128075,41,1700,13,4.2
Му-Му,55.7520464,37.5988331,Moscow,1274,89000,1207.1863700097326,85,21,111,,14725,87005,20,2000,10,3.6
Шоколадница,55.6439048,37.5265314,Moscow,1079,79000,11388.191040392438,85,5,24,,8176,89278,48,1900,8,4.0
Столовая,55.8814294,37.6003315,Moscow,704,54000,11390.10626960079,85,0,11,,9000,128451,24,1700,13,4.3
Гранд кафе,55.8829319,37.604761,Moscow,492,54000,11557.986242984378,85,2,11,,6519,87077,31,1900,9,4.3
Столовая,55.8398717,37.6470964,Moscow,1349,94000,7119.3602717842,85,1,19,,9489,123358,39,3500,12,4.6
Пицца Пиппони,55.6835,37.843364,Moscow,278,62000,13965.89150435565,85,0,7,,6617,66357,48,2400,1,4.6
Хинкальная,55.8628914,37.6074354,Moscow,522,54000,9334.47524929301,85,3,9,,8914,92371,35,1950,8,4.0
Кофейная Кантата,55.8631382,37.6014703,Moscow,1347,54000,9355.79948983118,85,8,9,,11468,77556,21,2100,8,3.8
Суши Сити,55.8882979,37.5883842,Moscow,408,54000,12183.078265716422,85,1,9,,13945,78213,28,1800,0,3.5
Лаферм,55.7395497,37.63042,Moscow,1060,62000,1036.0946845622577,85,18,134,,13876,81955,43,2100,6,3.6
SeDelice,55.8517478,37.4413693,Moscow,725,71000,12185.748501769027,85,13,31,,7084,127945,41,1950,9,4.8
Рандеву,55.8518386,37.4420206,Moscow,1477,71000,12162.921074055574,85,13,32,,14560,93587,19,1900,2,4.7
Аморино,55.852268,37.4462085,Moscow,1265,71000,12006.635299820064,85,10,33,,10307,80335,46,1800,5,4.0
Рай,55.8971527,37.5422896,Moscow,1454,71000,13611.85704842054,85,2,5,,8362,109935,37,1700,9,4.8
Ночной дворик,55.7659488,37.8219042,Moscow,416,68000,10302.44428285107,85,0,3,,5744,115389,21,1800,10,3.8
ЛаГатта,55.8505364,37.4220093,Moscow,1350,71000,13011.34838482107,85,1,11,,11285,123259,35,2100,9,4.3
Парус,55.8507117,37.4309285,Moscow,246,71000,12595.414254562986,85,2,32,,11775,124453,26,2300,3,3.6
Алоха,55.7430993,37.6300845,Moscow,546,85000,1335.8172204930454,85,26,101,,6907,89003,43,2400,2,4.4
Гелена,55.819211,37.7233386,Moscow,1109,94000,6429.002194931529,85,0,5,,10294,108022,25,3500,10,4.2
Big City,55.8481546,37.6192177,Moscow,536,54000,7764.521889471996,85,4,19,,10375,120318,17,2100,1,4.0
Аллея,55.8531546,37.6074492,Moscow,402,54000,8252.64020018462,85,0,10,,14005,125620,22,2000,11,3.6
Unknown,55.5718301,37.3567086,Moscow,317,79000,23178.094695373748,85,0,0,,6946,70993,37,2300,11,4.5
Дива,55.6823958,37.8995203,Moscow,952,68000,17251.741716590222,85,2,12,,9288,65246,22,3500,7,3.7
Unknown,55.7680837,37.4965635,Moscow,680,79000,5050.597749391727,85,0,5,,12355,86829,10,2400,7,4.0
Волконский,55.7657175,37.5911035,Moscow,606,77000,935.2806483026827,85,14,130,,13196,67314,29,1700,10,3.7
Unknown,55.6744032,37.4724303,Moscow,483,79000,9670.547587227891,85,2,6,,11470,121053,31,2300,12,4.0
Восток,55.8106977,37.476493,Moscow,532,71000,7694.349879627582,85,0,15,,10944,104460,45,1800,1,4.7
Кафе де Пари,55.546241,37.7088364,Moscow,1299,62000,21033.129040261232,85,0,1,,8689,105764,28,2400,13,3.7
Дворик,55.8389027,37.4068941,Moscow,1309,71000,13032.949134435607,85,0,4,,7072,73403,16,1800,7,4.5
Улыбка,55.8484472,37.4236813,Moscow,1093,71000,12784.826394098365,85,1,12,,11660,107168,31,2400,8,4.1
Unknown,55.8044744,37.6381093,Moscow,840,94000,3337.6492849520337,85,3,20,,8324,85428,11,1800,11,3.5
Флокс кафе,55.8884529,37.5880548,Moscow,559,54000,12201.722206471693,85,1,9,,6128,87448,45,2300,4,4.0
Шоколадница,55.7517713,37.5988304,Moscow,787,89000,1221.599104289928,85,21,115,,8993,125789,34,1800,14,3.7
Шоколадница,55.7499909,37.5936839,Moscow,817,89000,1599.209758142544,85,19,122,,13027,84222,20,1950,11,3.6
Unknown,55.683789,37.6241951,Moscow,428,62000,5310.565315364391,85,6,16,,11293,121335,20,2000,8,4.7
Хорошее место,55.7044378,37.6918941,Moscow,1447,62000,4532.623429061196,85,3,17,,8421,78308,22,1800,11,4.3
Не только Хлеб,55.7780118,37.5873204,Moscow,1205,71000,236.16806275139717,85,14,220,,11355,90032,21,3500,13,3.8
F1,55.6458704,37.560827,Moscow,1288,62000,10601.917319498709,85,1,5,,13255,111232,12,2400,10,4.7
Coffee Bean,55.7452044,37.6272489,Moscow,906,85000,1147.1429235528915,85,25,88,,13341,69950,49,1950,6,3.7
Unknown,55.8932828,37.7243658,Moscow,629,94000,13741.784365387883,85,0,3,,14553,122194,13,2300,2,4.7
Вель,55.8909651,37.6194176,Moscow,234,54000,12497.368974200243,85,0,10,,8962,96214,23,3500,1,4.3
Unknown,55.5699835,37.5803026,Moscow,975,62000,18254.17290629066,85,2,5,,13082,113517,20,1700,5,4.3
Мир Шашлыков,55.8494084,37.4333553,Moscow,1034,71000,12386.106541058038,85,3,33,,10591,96181,24,1900,13,4.0
Абриколь,55.5836221,37.6824654,Moscow,336,62000,16633.99894883066,85,0,0,,9251,68362,33,2000,10,3.9
Хинкальная Сити,55.8000834,37.5753712,Moscow,777,71000,2622.8352262988683,85,2,70,,13166,115543,19,1950,4,4.7
InCrosta,55.801293,37.6365614,Moscow,393,94000,3039.5324049680607,85,1,15,,9083,88210,19,1950,9,3.6
Вечерние огни,55.8592896,37.6597671,Moscow,1474,94000,9266.168009126684,85,1,5,,13125,109712,47,1950,0,3.7
Пронто,55.8598625,37.6591052,Moscow,528,94000,9328.61047227312,85,1,4,,10696,87657,34,2300,6,4.7
Balabowl,55.7009182,37.6218261,Moscow,799,62000,3477.3493910021357,85,7,62,,13135,64596,27,2000,7,3.8
Шоколадница,55.9101521,37.5425108,Moscow,1475,71000,15030.701394845217,85,3,3,,10944,95905,26,2000,7,4.1
Вкусный мир,55.8569981,37.5831294,Moscow,1018,54000,8752.746459417427,85,2,4,,10884,93377,28,2300,12,3.8
Coffee Bean,55.8605851,37.6029974,Moscow,556,54000,9072.063171957961,85,2,10,,13135,118476,10,3500,10,3.6
Unknown,55.7446648,37.6109085,Moscow,918,89000,1408.133585943069,85,4,82,,13470,95577,11,2300,7,4.1
Chokolat,55.6668776,37.5518362,Moscow,1004,79000,8615.187496900526,85,2,20,,11894,110705,14,2400,12,3.7
Трактир,55.7860469,37.8781208,Moscow,1427,94000,13996.677493210136,85,3,10,,13285,76456,10,1950,4,3.9
Prime,55.6970753,37.6256623,Moscow,1454,62000,3838.5229598019855,85,6,32,,13644,62149,11,2100,11,3.7
Зерно,55.8991472,37.424605,Moscow,857,71000,16838.295373355333,85,2,6,,10724,79371,38,3500,0,3.9
Удон-сан,55.7805622,37.6080726,Moscow,1266,54000,417.584521038284,85,7,173,,8527,73369,48,1900,2,4.3
Unknown,55.7854655,37.7061251,Moscow,1272,94000,3365.7427183529876,85,10,54,,8304,116070,45,1700,8,3.8
Кедр,55.6800509,37.6406928,Moscow,407,62000,5670.003742188386,85,2,4,,6706,111915,16,2100,13,3.6
Prime,55.7718112,37.6489648,Moscow,1457,94000,599.5157085365339,85,17,104,,12584,95993,37,2000,1,3.6
Венская кофейня,55.7717541,37.6488127,Moscow,613,94000,610.447401745808,85,17,104,,13804,127847,25,2000,6,3.8
Unknown,55.7804433,37.6383978,Moscow,1478,94000,1149.7964994675979,85,4,48,,12673,116987,41,1700,5,3.9
Спектр,55.7226569,37.5618782,Moscow,1307,79000,2381.278958770626,85,7,33,,8481,106570,16,2100,11,4.6
А. Ф. Кони,55.7697611,37.6553654,Moscow,443,94000,694.1103609114289,85,9,109,,7811,104123,38,2400,9,4.1
Кофейная Кантата,55.54796,37.5424666,Moscow,709,62000,21200.15918603835,85,1,11,,8923,78098,42,2300,8,3.5
Lilian's,55.7959736,37.489596,Moscow,603,71000,6268.10522041535,85,6,24,,9657,124437,35,1900,2,4.0
Грабли,55.7663808,37.6036411,Moscow,657,77000,212.9524873326734,85,14,150,,5251,88431,15,2100,0,3.8
Фаворит,55.772544,37.6278224,Moscow,585,77000,1602.1652168475252,85,7,123,,6556,128058,34,1800,9,4.3
Unknown,55.7889772,37.7086401,Moscow,209,94000,3651.2940612313146,85,2,56,,9079,99416,15,2300,8,4.6
Китайское барбекю 1314,55.7120797,37.6261392,Moscow,810,62000,2211.060369660265,85,5,63,,8007,124843,10,1800,2,4.2
У Мангала,55.7896498,37.4999666,Moscow,1241,71000,5439.41884208691,85,0,17,,6306,66886,44,1950,4,4.1
Пепела,55.5342247,37.5297277,Moscow,1036,62000,22893.031624617808,85,1,1,,9072,106148,46,1900,11,3.8
Столовая,55.887745,37.59735,Moscow,1048,54000,12095.378436066041,85,2,14,,8512,82915,40,3500,7,4.0
Улей,55.7061596,37.5214575,Moscow,1321,79000,5013.897297270575,85,1,19,,6668,78234,23,3500,1,4.8
La Pausa,55.6301938,37.6242546,Moscow,765,62000,11237.581460152194,85,0,5,,6200,65978,21,1900,5,4.8
Кулинарное чтиво,55.8165449,37.6376958,Moscow,525,94000,4636.32166053308,85,0,18,,5345,111391,38,1800,12,4.3
Jeans Cafe,55.9088765,37.5398906,Moscow,1410,71000,14920.33510176765,85,2,3,,6806,123832,42,2300,12,4.7
Му-Му,55.7293121,37.6226498,Moscow,208,62000,917.9006010688688,85,21,109,,7324,107631,15,3500,5,3.7
Маяк,55.8126774,37.6272716,Moscow,537,54000,4064.300319933767,85,2,18,,10093,107775,25,2400,14,4.7
Kalabasa,55.7625311,37.6797727,Moscow,515,68000,1494.6231588351493,85,5,41,,10879,120889,40,2100,11,4.4
Папа Джонс,55.6762018,37.5195059,Moscow,1340,79000,8059.5361234255815,85,0,20,,11368,96742,20,2400,11,4.7
Шоколадница,55.7944736,37.5839068,Moscow,920,71000,1942.9844084364258,85,10,76,,8326,125838,19,1700,1,4.8
Станция,55.751707,37.8584224,Moscow,229,68000,12555.043329292146,85,19,54,,6895,81544,45,1950,4,4.4
Лето,55.744112,37.5616329,Moscow,1155,79000,211.1164153791757,85,14,35,,8646,90234,49,2400,13,3.6
Unknown,55.908211,37.7442976,Moscow,1216,94000,15722.820961544829,85,1,2,,7376,61307,22,2300,3,4.1
Unknown,55.7275758,37.6936064,Moscow,1375,62000,3564.7611225709597,85,0,10,,14768,82579,39,2400,2,4.7
Вояж,55.8352637,37.4467098,Moscow,1038,71000,10750.75021416543,85,0,11,,11961,93779,16,1800,13,4.7
Вельвет,55.9075588,37.8670373,Moscow,704,94000,19729.404842021442,85,2,4,,6942,125438,47,2300,2,4.4
Замок,55.6971691,37.9010275,Moscow,1207,68000,16608.53768408826,85,0,5,,13866,95805,43,1800,7,4.0
Unknown,55.9090991,37.8658729,Moscow,967,94000,19808.16455357594,85,3,4,,14353,105198,30,2000,1,4.5
Unknown,55.6986836,37.8457898,Moscow,211,68000,13428.20870277798,85,1,6,,11773,108138,20,2400,11,4.1
Зерно,55.7051762,37.3573754,Moscow,893,79000,13699.778986378922,85,1,8,,11190,90260,10,2000,11,4.2
Кафе-бар,55.894668,37.6128955,Moscow,1180,54000,12879.675647843163,85,1,10,,12164,69551,34,1900,7,3.8
Волконский,55.771521,37.6322476,Moscow,1228,94000,1507.6405318379839,85,17,138,,12999,60904,13,1950,2,4.6
"Кафе-столовая ""Уголок""",55.7674395,37.8388951,Moscow,1024,68000,11376.434506111229,85,0,9,,14026,121780,44,2400,2,3.5
У Джонни,55.8009586,37.7814529,Moscow,223,94000,8378.720146789748,85,0,9,,8224,110129,49,1900,1,3.7
Триумф,55.7887007,37.592714,Moscow,405,54000,1225.0099667770655,85,5,148,,10133,83868,15,2100,2,3.7
Домашняя кухня,55.8002716,37.7985971,Moscow,1309,94000,9374.565786705945,85,3,19,,11153,115062,34,2000,1,4.2
Шоколадница,55.7634787,37.6359136,Moscow,1031,85000,960.2503524456662,85,34,220,,5751,113641,17,1700,4,3.9
Unknown,55.8160706,37.8440606,Moscow,757,94000,12629.703614255352,85,2,3,,8495,63048,31,2100,11,3.5
Погребок,55.7617805,37.6341871,Moscow,360,85000,757.6068142579909,85,35,224,,13301,86110,15,1900,11,3.6
Хинкальная,55.644078,37.5085108,Moscow,770,79000,11661.194784553109,85,0,18,,7463,61318,40,1950,10,4.7
Кофе Хауз,55.6921481,37.8970327,Moscow,1300,68000,16615.113689673155,85,1,11,,6395,119908,29,1900,14,4.0
Unknown,55.6825001,37.6605306,Moscow,632,62000,5590.8051691727105,85,2,19,,6617,127793,12,2000,12,3.7
Важная Персона,55.798376,37.5809784,Moscow,1086,71000,2384.398142846505,85,13,95,,9068,70376,27,2300,6,4.7
Столовая,55.7920128,37.7084491,Moscow,1470,94000,3786.712306077362,85,5,43,,10895,60461,46,1900,10,4.3
Кафе на Басманной,55.7689427,37.6687105,Moscow,1028,94000,1162.392611655055,85,7,120,,12734,106861,40,2300,7,4.6
Хомяк,55.790153,37.7897106,Moscow,1320,94000,8568.934119600886,85,1,19,,6150,64612,33,2300,3,4.3
БлинБери,55.7647342,37.6396849,Moscow,247,85000,1160.3889904669304,85,14,203,,5580,107611,31,2000,5,4.6
Stars Coffee,55.7795288,37.6021306,Moscow,473,54000,59.364338511848004,85,37,191,,5381,122019,37,2000,4,4.3
Stars Coffee,55.773752,37.6037014,Moscow,486,54000,593.1723395859717,85,14,186,,14100,123463,37,1700,10,3.6
Шоколадница,55.7795397,37.6667934,Moscow,1120,94000,835.973111139047,85,6,76,,6826,118238,13,3500,13,4.7
Тбилисо,55.7682737,37.6793515,Moscow,1373,94000,1748.674301855672,85,12,85,,13824,99814,43,2400,14,4.5
Наше кафе,55.7400885,37.7838962,Moscow,344,68000,8100.306674617084,85,1,7,,14452,114826,23,1700,12,3.8
Сахар,55.7412594,37.5090825,Moscow,221,79000,3513.278533779009,85,8,42,,5206,117195,49,1900,10,4.3
Шоколадница,55.7525371,37.6035518,Moscow,976,89000,923.5756382772954,85,15,123,,14133,84198,47,2300,1,4.5
Prime,55.7286119,37.6450227,Moscow,724,62000,568.1973547457565,85,15,91,,10672,91153,43,2000,4,4.6
Кафе,55.8109425,37.8064447,Moscow,1385,94000,10233.312379137327,85,2,21,,11590,67633,39,2000,4,4.5
Unknown,55.7000972,37.5184779,Moscow,613,79000,5685.074473459046,85,0,21,,14944,111539,15,3500,3,3.9
Iskra,55.805648,37.5843231,Moscow,267,54000,3162.468082424844,85,28,76,,5746,121675,38,2100,8,4.0
Unknown,55.6983893,37.5236666,Moscow,855,79000,5694.098302625812,85,0,28,,6195,72969,16,2400,3,4.0
Кофейная кантата,55.659242,37.4307467,Moscow,414,79000,12632.814616675878,85,0,8,,13755,70311,34,1900,3,3.9
Кофейная кантата,55.7410443,37.4154144,Moscow,509,79000,9368.783288354398,85,1,18,,13951,87248,47,1900,9,4.4
Столовая №8,55.7833891,37.7339971,Moscow,325,94000,5007.819715260638,85,0,25,,8956,86744,11,2300,2,4.1
Му-Му,55.7482253,37.5838337,Moscow,1247,79000,1268.9342353736683,85,17,68,,13468,116746,42,1950,8,4.1
Кафе-столовая,55.8099943,37.5090412,Moscow,875,71000,5951.176976511791,85,5,54,,5724,127875,49,2000,1,4.0
Чебуречная,55.7909318,37.7486205,Moscow,1480,94000,6084.750977936114,85,5,17,,8822,80624,46,2100,8,4.4
Шоколадница,55.8221332,37.4974241,Moscow,1111,71000,7380.137681952269,85,14,22,,9236,128178,16,2300,5,3.6
Unknown,55.7864521,37.7352912,Moscow,905,94000,5153.448566287901,85,0,29,,12205,80904,39,2400,13,3.7
Costa,55.7452425,37.7061923,Moscow,725,68000,3287.020994199515,85,2,36,,5196,78735,36,2400,9,4.1
Шоколадница,55.6939855,37.533403,Moscow,380,79000,5902.959523045164,85,10,29,,5170,122582,16,1950,5,3.6
Buy The Way,55.7733053,37.4854146,Moscow,1369,79000,5950.901476749757,85,0,9,,14243,62385,34,1900,1,4.0
Кофе Порт,55.7964748,37.599163,Moscow,450,54000,1951.1876744232495,85,1,59,,14838,67917,29,1950,3,4.5
Prime,55.7961005,37.6001505,Moscow,617,54000,1905.0014778679852,85,1,51,,8389,126680,18,3500,11,3.8
Оранжерея,55.7426745,37.5026595,Moscow,1128,79000,3904.782905675783,85,19,46,,9071,64384,21,2400,3,4.8
Тушинский дворик,55.8265104,37.4456867,Moscow,1190,71000,10248.52845042488,85,5,11,,12556,85232,14,2400,14,3.6
Кофишенская,55.6184757,37.6822139,Moscow,214,62000,12829.285923048594,85,0,5,,10673,78314,32,3500,5,4.2
Елисей-1,55.715402,37.6327473,Moscow,877,62000,1754.7462532572704,85,0,58,,14187,102774,19,3500,12,4.7
RollOff,55.7014084,37.8832837,Moscow,214,68000,15400.977060378327,85,2,5,,11195,97018,38,2300,12,4.2
Кулинарная лавка братьев Караваевых,55.7356765,37.5870084,Moscow,531,79000,1659.691388567843,85,20,55,,11390,69669,26,3500,13,3.7
Чинар,55.7939405,37.5790542,Moscow,656,71000,1908.911001748957,85,6,77,,12419,89478,43,2300,3,4.7
Пронто,55.7202169,37.8220026,Moscow,662,68000,11051.191478395052,85,1,4,,7448,116743,21,1800,12,3.9
Пена,55.7932041,37.8076166,Moscow,1095,94000,9732.297412763573,85,4,21,,11813,101873,32,1950,3,4.3
Рюмка,55.8880917,37.6626044,Moscow,1240,94000,12473.071911605291,85,1,6,,5362,77983,49,1900,9,4.3
Рома,55.8862619,37.6574175,Moscow,916,94000,12261.493387009867,85,0,6,,12361,124867,24,1950,0,4.2
9barcoffee,55.8103468,37.5065686,Moscow,1229,71000,6097.363555872556,85,2,47,,6014,121073,26,2100,11,4.1
Сандал,55.7668802,37.632799,Moscow,625,85000,1321.0778204835758,85,13,182,,10611,115303,39,2300,11,4.4
Coffee Bean,55.7787524,37.6005056,Moscow,1134,54000,97.42309297948294,85,32,205,,10904,97368,18,1800,9,4.7
Шоколадница,55.7708113,37.6206762,Moscow,1249,77000,1122.6475960914916,85,28,134,,8577,104983,26,1900,1,4.1
Пипл & паста,55.7729906,37.6207757,Moscow,845,77000,1282.0514336914543,85,25,126,,12337,90598,17,3500,6,4.7
Бульвар,55.8023549,37.7920326,Moscow,907,94000,9054.39040022977,85,0,19,,8221,84554,19,2400,12,4.4
Цезарь,55.5831193,37.6627423,Moscow,206,62000,16522.683241531813,85,1,3,,5305,118164,36,1800,10,4.3
Чайная высота,55.7603649,37.6112873,Moscow,703,89000,476.3801332702358,85,19,163,,8067,128081,32,1800,11,4.2
Маренго,55.8045534,37.6459064,Moscow,741,94000,3225.4880908738833,85,3,19,,10415,111369,11,1800,10,3.9
Буфет,55.8038718,37.6480841,Moscow,1000,94000,3129.2161716311994,85,1,14,,13604,98520,12,2000,6,4.6
Флорентино,55.6815101,37.4152431,Moscow,1374,79000,11674.051700615524,85,1,3,,8875,106537,29,2000,4,4.6
Блеск,55.7124036,37.4153865,Moscow,573,79000,10005.340578913152,85,0,7,,8932,70017,13,3500,8,3.8
Ёрш,55.662844,37.7605382,Moscow,1381,62000,10833.675528418975,85,1,12,,13126,70924,22,1800,7,4.8
Unknown,55.6548062,37.7395668,Moscow,1469,62000,10634.930597425804,85,0,19,,7263,84000,36,1700,10,4.7
Линдфорс,55.8031929,37.6316147,Moscow,1174,54000,3265.630689630289,85,0,19,,11039,110825,28,1800,1,4.2
Чайная высота,55.7599555,37.6479801,Moscow,347,68000,707.8348814886764,85,30,211,,6210,113217,24,2300,14,4.0
Кулинарная лавка братьев Караваевых,55.7536975,37.6373394,Moscow,1334,85000,307.7447258133506,85,22,148,,14639,129401,11,2400,10,4.7
Шоколадница,55.7523348,37.819518,Moscow,323,68000,10120.058804709672,85,6,7,,14786,117791,36,3500,10,4.3
Black Milk,55.7621117,37.642506,Moscow,1156,85000,989.4878800297108,85,9,214,,8874,102528,47,3500,3,3.7
Offer,55.769613,37.6448871,Moscow,747,94000,951.0260632026507,85,14,132,,12252,128740,38,1700,1,4.7
Кулинариум,55.7081479,37.6553057,Moscow,465,62000,2787.7043964779787,85,25,40,,14025,121512,46,1800,10,3.5
Maximus,55.6316931,37.4826248,Moscow,1153,79000,13513.292132399021,85,1,4,,13948,65701,21,2300,5,3.5
Unknown,55.5617548,37.8380106,Moscow,1184,62000,22654.92315937723,85,0,2,,8335,115990,11,2100,7,4.6
Две печеньки,55.7905666,37.7778068,Moscow,211,94000,7847.78946682221,85,2,13,,6210,67024,43,2000,9,4.2
Unknown,55.6445021,37.8212318,Moscow,1039,62000,15028.640462549933,85,0,0,,5700,122525,22,2400,10,4.7
Unknown,55.5889976,37.7543885,Moscow,853,62000,17422.38277238635,85,0,4,,11662,125056,43,1900,5,4.6
Баловень,55.7302962,37.6325579,Moscow,1099,62000,288.9295919605846,85,15,132,,11344,114612,46,2000,1,3.6
Шоколадница,55.7363186,37.5907705,Moscow,541,79000,1825.322271981471,85,20,58,,12538,115004,11,2100,10,4.5
Шоколадница,55.7600899,37.5847296,Moscow,631,72000,1399.9405614020366,85,4,71,,11193,74476,13,1800,7,3.9
Unknown,55.7243088,37.6369747,Moscow,1246,62000,744.0291797352806,85,3,108,,7909,101502,48,1700,7,4.1
Stars Coffee,55.7301244,37.6361691,Moscow,460,62000,110.39004481159279,85,23,128,,12170,60717,23,1900,7,3.9
Шоколадница,55.8073104,37.5806818,Moscow,836,71000,3376.7399645232895,85,20,70,,12995,83143,10,2000,7,4.5
Тарелка,55.7969836,37.5807169,Moscow,822,71000,2231.535510238333,85,11,82,,7021,73196,24,2300,13,4.0
Хинкальная,55.7869404,37.5609673,Moscow,737,71000,1815.4880156506406,85,4,40,,5384,61573,23,2100,7,4.1
Шоколадница,55.8880532,37.6624163,Moscow,411,94000,12468.352157760248,85,1,6,,7286,83277,23,2300,1,4.6
Unknown,55.8808825,37.7111083,Moscow,1048,94000,12177.49480477909,85,3,6,,7474,89655,17,2300,10,3.7
Мозаика,55.6664395,37.8792749,Moscow,1052,62000,16793.452758692245,85,1,6,,14022,111154,45,2100,5,4.4
Родничок,55.6665117,37.8809093,Moscow,935,62000,16882.672654339905,85,1,6,,6296,122197,47,2300,0,4.4
Манки,55.7747398,37.6679884,Moscow,421,94000,824.2970231299796,85,9,114,,10680,103705,13,1700,9,4.2
Даблби,55.7615427,37.631564,Moscow,1340,85000,733.0420771215196,85,32,208,,6581,82841,19,3500,3,4.6
StarHit,55.7211045,37.6104661,Moscow,1428,62000,1992.8459970552278,85,18,57,,9756,108894,26,1700,6,4.5
Unknown,55.8256475,37.5934263,Moscow,820,54000,5214.568487273241,85,1,5,,9930,61659,15,2400,12,3.8
Университет,55.7057663,37.5109187,Moscow,1349,79000,5435.411312539411,85,4,22,,9729,84559,23,1950,13,4.6
Кофе Хауз,55.7458923,37.549262,Moscow,689,79000,1007.2510405759028,85,4,68,,11910,127449,48,1800,14,3.6
Столовая,55.801124,37.695897,Moscow,207,94000,3787.084420428913,85,0,13,,6247,76883,12,3500,5,4.7
Циферблат,55.7632797,37.6079595,Moscow,835,72000,146.43090131588238,85,11,149,,12478,75074,34,2400,10,4.6
"Чебуречная ""СССР""",55.7641969,37.6026665,Moscow,369,72000,209.6847218271029,85,14,157,,13055,117542,31,1800,9,3.6
Шоколадница,55.6786728,37.5644057,Moscow,245,79000,7264.1486111962895,85,9,26,,5120,82049,32,1900,13,4.1
Халяль,55.8293736,37.3707313,Moscow,957,71000,14545.124654525427,85,0,13,,10165,123879,43,2400,8,4.0
Столовая,55.7238071,37.6538897,Moscow,284,62000,1325.968855986574,85,8,40,,9996,71194,45,1800,10,4.1
Южный Дворик,55.661895,37.9037493,Moscow,253,62000,18397.877469904608,85,0,2,,10915,73978,39,1800,2,4.2
Breakfast,55.7579096,37.5973729,Moscow,604,72000,865.9964357293594,85,14,133,,14709,113486,23,2000,6,4.2
Unknown,55.5922973,37.674505,Moscow,1435,62000,15601.406783445871,85,0,1,,10091,89631,44,1800,3,3.6
Шоколадница,55.6890358,37.5457923,Moscow,401,79000,6229.024290908784,85,1,31,,14824,117339,10,2100,6,4.1
Никольское,55.7512748,37.8887884,Moscow,479,68000,14455.467389726315,85,5,15,,11145,118937,19,2100,3,4.8
Ulitka bar,55.7535816,37.8578526,Moscow,799,68000,12511.060988215797,85,16,52,,11201,78152,26,1800,6,4.6
Шоколадница,55.7802125,37.5785878,Moscow,1259,71000,492.08932578181316,85,11,139,,10660,85941,40,2000,12,3.6
Томи,55.8044752,37.565006,Moscow,1245,71000,3277.7471630591667,85,1,24,,11529,80547,15,1700,11,4.6
Rock House,55.7910458,37.7494062,Moscow,778,94000,6135.4651280826665,85,4,16,,6663,110291,12,2100,10,3.5
Сладкая Жизнь,55.65938,37.8631266,Moscow,1304,62000,16255.52116509382,85,0,7,,11257,111099,42,2300,10,4.5
Prime,55.7239764,37.651,Moscow,351,62000,1174.0704610688404,85,9,49,,8272,87178,48,2400,2,4.4
Петровское,55.5964572,37.8859623,Moscow,468,62000,21624.881656200803,85,0,0,,11573,102180,20,2100,2,4.6
Феина.ru,55.8454339,37.5760317,Moscow,994,54000,7563.202825656637,85,8,17,,14226,106261,16,2300,3,4.6
Кулинарная лавка братьев Караваевых,55.7428182,37.6002715,Moscow,443,89000,1858.928720986188,85,6,87,,5284,92761,21,1900,10,4.1
Кофе с собой,55.6916755,37.5750002,Moscow,822,62000,5848.479648311201,85,3,21,,14729,103440,32,1800,9,3.8
ГончаровЪ,55.7975961,37.5688742,Moscow,826,71000,2477.7509109927682,85,0,47,,5517,111628,22,2100,3,4.2
Кофе Хауз,55.6640185,37.4822836,Moscow,335,79000,10293.400983617388,85,4,8,,10103,126953,22,2400,5,3.7
Unknown,55.8199516,37.8801571,Moscow,360,94000,14897.66318558051,85,0,0,,7390,88266,23,2000,4,3.7
MFCafe,55.7717696,37.6484513,Moscow,460,94000,623.719294794438,85,18,103,,12104,62152,42,1900,12,4.4
Панорама парк,55.800505,37.5861582,Moscow,635,54000,2588.2283825051863,85,5,100,,9609,83142,23,1950,6,3.9
Кондитерская Олега Ильина,55.6716044,37.5179708,Moscow,405,79000,8572.261508385329,85,2,17,,13830,67791,44,1800,5,3.8
Unknown,55.7932417,37.5897431,Moscow,1188,54000,1759.2839659858578,85,7,79,,11872,86194,42,1900,12,4.4
Кофеин,55.6256162,37.7599365,Moscow,456,62000,14025.772235151506,85,0,2,,7099,105338,17,1900,3,4.8
Кофеин,55.8092662,37.4646415,Moscow,228,71000,8279.121091911644,85,5,11,,10083,103878,47,1800,5,3.6
Рэдимэйд,55.6968499,37.5619461,Moscow,1137,79000,5246.339387269826,85,3,18,,10768,104833,25,2100,11,4.3
Булка,55.7595465,37.6463758,Moscow,540,68000,780.4769326055379,85,28,216,,10926,127463,31,2100,12,3.6
Cezve Coffee,55.7341268,37.6054914,Moscow,288,62000,2003.1272469284047,85,4,70,,5126,100869,10,1950,5,3.8
Prime,55.7619735,37.622799,Moscow,576,89000,697.705106914908,85,23,182,,10921,95136,26,2300,0,4.7
Cafe Garage,55.7279467,37.6019626,Moscow,1162,62000,2219.9464410225173,85,2,52,,7807,77066,33,1950,2,3.9
Бейрут,55.7642666,37.6531341,Moscow,955,68000,863.4560435279803,85,12,160,,10788,90052,34,2300,2,4.2
Ess-Thetik,55.7623314,37.5955384,Moscow,539,72000,680.2684357494398,85,14,123,,7898,115154,22,2100,0,4.3
Costa Coffee,55.7557958,37.5571318,Moscow,1439,79000,1401.0141639307458,85,5,57,,13791,90857,48,3500,8,4.3
Costa Coffee,55.9084644,37.4148691,Moscow,944,71000,18032.959921723508,85,1,3,,8759,106128,20,1800,8,4.5
Шоколадница,55.8057858,37.3963875,Moscow,325,71000,12157.449653833823,85,0,15,,10646,77089,27,1800,11,3.8
Хинкальная,55.6741716,37.4411473,Moscow,1157,79000,10976.785895592671,85,1,7,,5905,85175,17,2000,12,4.7
Prime,55.6532344,37.5537315,Moscow,437,62000,10099.923284620727,85,2,14,,14843,112420,28,1800,14,3.7
Prime,55.7504786,37.652918,Moscow,743,68000,791.8116372345809,85,4,98,,9247,89214,36,2300,12,3.9
Prime,55.7603631,37.6143271,Moscow,968,89000,388.33146882807205,85,18,151,,9069,79353,32,2300,6,3.7
Prime,55.7706045,37.4237619,Moscow,657,79000,9319.17737398575,85,2,4,,13699,92643,34,1700,1,4.6
Prime,55.7790523,37.5874612,Moscow,760,71000,314.52860084395616,85,15,214,,5512,81897,21,2300,9,3.9
Prime,55.7198771,37.6290769,Moscow,742,62000,1332.6147230805316,85,6,44,,7434,110348,12,1900,9,3.6
Prime,55.7616389,37.6584451,Moscow,1070,68000,516.5733308693098,85,16,125,,13869,74233,27,1700,7,4.2
Poke house,55.7338188,37.589913,Moscow,1368,79000,1927.1127256208365,85,14,60,,14503,93850,28,2000,1,3.7
Prime,55.7349828,37.6423498,Moscow,1161,62000,555.2634556086775,85,14,117,,7452,122806,39,1800,10,4.0
Prime,55.7456867,37.6635393,Moscow,231,68000,1304.86749533596,85,3,102,,7518,107532,48,1950,3,4.1
Prime,55.7624866,37.6837841,Moscow,1195,68000,1724.7005696389938,85,5,36,,10360,124396,44,2400,7,4.4
Prime,55.7633879,37.5514311,Moscow,933,79000,2317.015052525297,85,6,55,,7384,123575,26,1950,13,4.6
Prime,55.7713371,37.5904231,Moscow,828,71000,746.9131955489895,85,15,178,,6116,128356,27,2100,8,4.4
Prime,55.7902577,37.584448,Moscow,1085,71000,1474.455094473038,85,8,71,,7114,87018,28,1950,3,4.7
Prime,55.7950099,37.7130071,Moscow,911,94000,4197.873489033879,85,7,32,,10171,124104,19,1800,8,4.7
Очаково,55.6758133,37.4364242,Moscow,211,79000,11061.857500928927,85,2,8,,10756,105077,19,2000,14,4.4
Шоколад,55.6885544,37.5285971,Moscow,426,79000,6573.385974592396,85,1,27,,12994,62993,19,1950,7,4.5
9Бар,55.7715849,37.7139138,Moscow,1350,94000,3717.200626515867,85,2,6,,6610,95370,47,2300,4,4.2
Кафе-столовая,55.7764918,37.6946078,Moscow,227,94000,2477.6334903903253,85,3,50,,10864,69769,42,1800,11,3.5
Хинкали-Gали!,55.678485,37.6888351,Moscow,1359,62000,6681.757499073628,85,2,7,,12850,93502,12,1950,6,4.6
Frank by Баста,55.7628266,37.635186,Moscow,513,85000,880.9599610277412,85,35,229,,8182,63896,30,1900,7,4.2
Kulek,55.7602517,37.6146967,Moscow,242,89000,370.65361647558495,85,17,148,,8774,70665,24,2400,9,3.9
Balanch,55.7619891,37.6268508,Moscow,1378,85000,867.1738670687523,85,25,197,,10800,81820,19,3500,9,3.9
Unknown,55.7542479,37.8627679,Moscow,1460,68000,12816.392588645489,85,5,54,,6410,65101,34,1900,13,4.1
Брусника,55.7576274,37.636339,Moscow,420,85000,359.1699685810708,85,23,215,,9296,114806,46,1800,12,3.7
Николай,55.7350988,37.6279271,Moscow,535,62000,728.2787651138976,85,12,165,,8784,77028,34,2100,6,4.4
Николай,55.7644766,37.6570614,Moscow,241,68000,833.4313118401157,85,13,142,,5760,89075,48,2100,5,4.7
Штолле,55.7454704,37.6270757,Moscow,585,85000,1122.6293971550313,85,21,87,,7985,81637,31,1900,7,4.7
I love cake,55.7626112,37.5920186,Moscow,543,72000,888.2001185204556,85,12,111,,5475,102788,47,2400,2,4.1
Песто Кафе,55.757773,37.409127,Moscow,356,79000,9873.965201493818,85,4,6,,5069,111333,13,2300,0,3.8
Gамбит,55.7993916,37.7946691,Moscow,757,94000,9111.337862059052,85,1,25,,9023,105568,38,2400,0,3.8
Unknown,55.7408977,37.8185946,Moscow,219,68000,10208.690531398357,85,0,3,,5818,81610,48,1700,13,4.1
Хуторок,55.7227662,37.4052767,Moscow,899,79000,10274.866754390778,85,1,8,,6300,108266,34,2300,14,3.8
Unknown,55.7226511,37.4059484,Moscow,710,79000,10236.917745221997,85,1,8,,7971,119247,48,3500,13,4.5
Таверна на Дубровке,55.5663879,37.4453719,Moscow,806,79000,21127.340254726056,85,1,3,,6626,98593,43,1700,6,4.3
Unknown,55.8482819,37.5064998,Moscow,314,71000,9288.26204939324,85,0,6,,5717,79227,36,2000,1,4.5
Маэстро,55.7214796,37.6357752,Moscow,454,62000,1061.3948150702677,85,5,62,,12294,118213,44,3500,7,4.7
Пиццерия,55.7215334,37.6353644,Moscow,553,62000,1057.6087909659445,85,5,66,,12372,102574,17,2400,7,3.7
Кафе 2.0,55.7600185,37.7529087,Moscow,451,68000,5947.668390527877,85,1,17,,6009,110290,19,1950,13,3.6
Церковная старообрядческая трапезная,55.7369766,37.7024139,Moscow,1066,68000,3561.4522629034855,85,0,11,,11231,64084,28,2100,11,4.5
Зерно,55.7617446,37.7719849,Moscow,509,68000,7151.068062258982,85,1,5,,9290,107292,37,1800,12,4.0
Семейный очаг,55.682966,37.8768756,Moscow,1059,62000,15949.128808706128,85,0,5,,9304,129896,47,2400,10,3.8
Tutti Frutti Frozen Yogurt,55.7492845,37.5429426,Moscow,1158,79000,1500.349631343065,85,11,70,,13122,124790,46,1950,6,4.0
Unknown,55.7235211,37.7093053,Moscow,1281,62000,4603.319907706309,85,0,4,,14556,75383,44,1800,11,3.6
Сойка напела,55.7624421,37.5670775,Moscow,953,71000,1934.116102320903,85,16,79,,7767,97926,33,1900,4,3.5
Шоколадница,55.7393618,37.5876826,Moscow,394,79000,1510.5742765124537,85,8,62,,10124,62569,15,1700,6,3.8
Волшебнутый кофе,55.7654244,37.5974271,Moscow,1129,77000,538.3641751831902,85,9,140,,12033,128542,36,1900,14,4.8
Сорока Бистро,55.6776176,37.5740961,Moscow,591,62000,7125.124618237073,85,5,27,,11776,60813,30,3500,11,3.7
PhoBo,55.7778754,37.59858,Moscow,1343,54000,247.74649867208785,85,23,227,,9329,91612,49,2400,5,4.5
Coffeshop Company,55.7409385,37.6224194,Moscow,1027,62000,1433.341896388062,85,15,129,,12135,78210,32,2000,7,3.9
Сок,55.7415244,37.6214754,Moscow,797,62000,1521.208167446926,85,14,125,,8419,63553,10,2000,6,4.2
Шоколадница,55.7372102,37.5246631,Moscow,915,79000,2635.3939130027406,85,2,24,,14537,120083,13,2400,12,4.1
Линдфорс,55.727862,37.5669291,Moscow,853,79000,1798.523041018603,85,10,54,,11262,129364,46,2100,11,4.2
Штолле,55.7829993,37.7023724,Moscow,303,94000,3062.9039131078825,85,7,49,,10717,109467,22,3500,3,4.1
Cofix,55.7440195,37.6276755,Moscow,438,85000,1265.6285777833161,85,27,95,,5604,85796,29,2000,3,4.0
Coffee Bean,55.7986849,37.5375466,Moscow,715,71000,3774.782618267275,85,7,42,,5427,125388,14,2300,9,4.1
Берёзка,55.7330833,37.4816128,Moscow,636,79000,5359.273744950123,85,0,12,,8181,90210,18,2300,5,4.5
Плов,55.7350605,37.45998,Moscow,471,79000,6648.751551623017,85,0,4,,13720,106564,42,2100,0,3.6
Проспект 9,55.7378211,37.5099057,Moscow,1489,79000,3516.4367661982883,85,4,43,,14363,99216,43,2300,2,3.8
Сказочный двор,55.7447885,37.5552676,Moscow,1457,79000,615.4288442450178,85,3,41,,7701,81819,39,3500,7,3.9
Шоколадница,55.7621287,37.6223723,Moscow,879,89000,695.8283953020275,85,21,186,,6389,90754,29,3500,0,4.4
Шоколадница,55.6469667,37.411804,Moscow,588,79000,14442.515513351073,85,0,12,,8796,94321,13,1950,11,3.6
Шоколадница,55.7055121,37.3893038,Moscow,1147,79000,11805.39980322641,85,0,5,,8241,82773,27,1700,14,4.0
Dolchezza,55.8506857,37.4436258,Moscow,1263,71000,12002.190062030095,85,15,29,,11546,61479,30,2300,0,4.7
Tutti Frutti,55.8505472,37.4450097,Moscow,413,71000,11928.601610145393,85,13,30,,13317,108134,23,2000,6,3.6
Unknown,55.8508537,37.4443983,Moscow,1016,71000,11979.751157709152,85,14,29,,10710,126132,45,2400,4,4.5
Кофе Хауз,55.8502827,37.4451036,Moscow,1297,71000,11904.201094081416,85,13,30,,5955,69345,35,1950,8,4.2
"Кафе-Пиццерия ""Ланч Хаус""",55.6369446,37.4349926,Moscow,698,79000,14425.742858630205,85,0,15,,11533,127156,32,1800,10,4.0
Stars Coffee,55.850434,37.4434857,Moscow,1459,71000,11989.529998351025,85,15,29,,9709,90647,45,2300,7,4.2
Кофейная Кантата,55.8504755,37.4449186,Moscow,1332,71000,11927.289036245049,85,13,30,,10762,129141,33,2100,7,4.6
Шоколадница,55.8506955,37.4433669,Moscow,739,71000,12014.757614893473,85,15,29,,14502,106073,23,1950,9,3.7
Кулинарная лавка братьев Караваевых,55.7611131,37.6028932,Moscow,924,72000,375.26523503834983,85,8,154,,6399,69006,12,2400,0,4.6
Maestrello,55.7587752,37.6458727,Moscow,1052,68000,784.0407470876156,85,29,207,,7736,100856,38,1900,14,4.2
Рамен Клаб,55.7608519,37.6324894,Moscow,1443,85000,651.4853772329974,85,29,217,,5906,103171,31,1700,8,4.4
Чайхана Лоза,55.7502787,37.7789701,Moscow,527,68000,7606.5343550874,85,3,16,,10532,124812,36,2000,12,4.5
Чайхана Имрона,55.747743,37.7758371,Moscow,488,68000,7445.416508825037,85,4,17,,13156,110790,36,2100,14,3.9
"Кафе-бар ""7 Линия""",55.769664,37.8932963,Moscow,1081,68000,14787.252196717505,85,0,1,,8862,89992,31,1950,0,3.6
Баракат,55.6702031,37.868355,Moscow,634,62000,15995.55173371881,85,1,9,,5975,123962,27,2100,1,4.7
Шоколадница,55.7520985,37.8867228,Moscow,624,68000,14322.411673527457,85,6,19,,12984,110106,25,3500,9,4.5
Кофейная Кантата,55.7524139,37.887683,Moscow,248,68000,14381.107199360113,85,6,16,,6758,95615,43,2300,11,4.7
Баскин-Роббинс,55.7522163,37.8875194,Moscow,790,68000,14371.70943910287,85,6,15,,10642,77223,46,2400,2,4.6
Калина,55.76431,37.6293553,Moscow,1084,85000,1060.042090607102,85,11,214,,10641,101986,10,1700,8,4.6
Лубянка,55.7644551,37.6290416,Moscow,1196,85000,1080.1347489557093,85,8,206,,6981,74272,22,1800,6,3.7
Орлово,55.555941,37.8790301,Moscow,203,62000,24689.69677571738,85,1,1,,9468,69382,42,2000,12,4.3
Unknown,55.5611279,37.8295381,Moscow,1198,62000,22422.05447298165,85,1,4,,13989,63810,40,2400,12,3.7
Хинкальная,55.561148,37.8285643,Moscow,229,62000,22387.303115580056,85,1,4,,14940,74036,27,1900,5,3.7
Unknown,55.7828442,37.7280531,Moscow,648,94000,4631.2488365786985,85,4,22,,10090,103316,33,1900,1,3.9
У Саши,55.648361,37.7127709,Moscow,320,62000,10343.733526067146,85,0,8,,14382,125046,10,1950,13,4.0
Unknown,55.5334487,37.8130263,Moscow,1148,62000,24588.99457570541,85,1,4,,10155,120400,29,1800,4,4.5
Шоколадница,55.6500922,37.7459131,Moscow,300,62000,11293.17102065438,85,2,15,,14502,81803,23,1900,5,3.6
Аннино,55.5831658,37.5955493,Moscow,940,62000,16642.789815630862,85,1,7,,12694,96478,18,1800,11,4.3
Даблби,55.7732756,37.5954849,Moscow,1420,54000,755.7628360279896,85,18,243,,6120,104126,12,3500,14,4.2
Пицца Паоло,55.7778466,37.6288194,Moscow,586,94000,1650.103818936692,85,16,95,,5106,106545,24,2100,8,3.5
Хинкальная на Щепкина,55.777591,37.628767,Moscow,990,94000,1650.0720484073124,85,16,95,,10823,65848,39,3500,8,3.7
Салам Алейкум,55.7782008,37.6288772,Moscow,1384,94000,1651.8838524840912,85,16,94,,8100,100065,31,3500,7,4.6
Lovemark,55.7341435,37.5870892,Moscow,971,79000,1764.427647198189,85,15,58,,10824,125674,11,2400,4,3.9
Сыто Piano,55.765693,37.6209295,Moscow,1141,77000,937.1098462964691,85,12,201,,11514,121000,49,3500,4,4.1
Штолле,55.7255031,37.7605471,Moscow,1395,68000,7312.243666409598,85,2,20,,11453,117647,10,2000,9,4.6
Prime,55.7625562,37.6077948,Moscow,1423,72000,195.91179599199293,85,10,149,,9967,73027,35,1950,8,4.1
Coffee Bean,55.8376822,37.6364205,Moscow,1062,54000,6870.509282874009,85,2,27,,9740,71024,33,1800,2,4.1
Coffee,55.7761547,37.5817739,Moscow,374,71000,167.97619749247914,85,20,156,,13271,117070,34,1800,1,3.7
Пахра,55.626162,37.4732024,Moscow,1238,79000,14310.859604898871,85,0,3,,5982,86070,35,1900,1,4.5
Пиццетория,55.872266,37.5591946,Moscow,597,71000,10705.804266655732,85,0,5,,5291,90074,19,2100,9,4.7
Пельмени & Пельмени,55.747311,37.6081919,Moscow,224,89000,1182.988942560942,85,6,95,,5543,106889,26,1700,3,4.5
Шоколадница,55.6407522,37.6090829,Moscow,779,62000,10186.535700060076,85,1,4,,9945,83761,14,2400,5,4.6
Кулинарная лавка братьев Караваевых,55.7716874,37.5909374,Moscow,951,71000,732.9513640290845,85,12,209,,8079,86115,18,1950,2,4.2
Unknown,55.7515898,37.6097522,Moscow,1237,89000,717.4602689392115,85,4,111,,7453,93372,46,2000,9,3.9
Costa Coffee,55.7470041,37.6073358,Moscow,1081,89000,1236.6827265878553,85,6,94,,14684,110369,28,2400,8,4.8
Мольберт,55.7564742,37.5541095,Moscow,929,79000,1545.460008835028,85,11,51,,14127,94754,16,1950,13,3.9
Гурмэ,55.756879,37.621849,Moscow,1184,89000,366.2187008856834,85,15,149,,6430,89519,26,1950,4,3.9
Unknown,55.7273127,37.5499629,Moscow,630,79000,2080.683318093327,85,0,20,,7663,99709,46,1950,1,4.8
Кофе ON,55.7424943,37.6248548,Moscow,1335,85000,1481.0579550005064,85,28,118,,10304,81837,47,1950,7,4.6
Каллипсо,55.6935993,37.5342578,Moscow,700,79000,5925.827677235677,85,11,27,,6712,62453,24,2000,11,4.5
Карло,55.7507473,37.5958901,Moscow,242,89000,1437.6726921671946,85,27,126,,14794,60163,34,2000,14,4.1
Штолле,55.8475453,37.3597025,Moscow,870,71000,16060.342987047672,85,9,18,,7576,108626,17,2000,13,3.7
Штолле,55.5699593,37.5790796,Moscow,973,62000,18271.91809887531,85,2,5,,7241,72733,33,2300,4,4.7
Альбатрос,55.8980433,37.5733186,Moscow,274,54000,13357.602688603622,85,0,10,,14663,121453,47,1900,13,4.4
Трапезная паломника,55.731468,37.657397,Moscow,1363,62000,1278.1395122544766,85,0,76,,12409,85213,22,2300,0,3.5
Unknown,55.8962974,37.661898,Moscow,671,94000,13383.393644451602,85,0,2,,14873,115693,15,1950,3,3.8
MoreКот,55.7435778,37.6018142,Moscow,727,89000,1736.5507099578954,85,10,85,,7216,124239,34,2300,3,3.5
Bubbleology,55.6636372,37.5107998,Moscow,1282,79000,9559.456182406293,85,1,9,,8010,101398,19,1950,10,4.0
Еврокафе,55.7885959,37.7839784,Moscow,341,94000,8185.633608593121,85,1,13,,12231,84368,28,1900,12,4.2
Unknown,55.6245397,37.8413084,Moscow,1308,62000,17441.827422297232,85,0,0,,8196,74756,40,1800,9,3.9
Corneli Pizza,55.8572707,37.4321984,Moscow,677,71000,13023.270557970993,85,1,21,,7072,63752,21,1800,4,4.2
Хинкальная,55.7826823,37.7050302,Moscow,356,94000,3215.6124487109623,85,13,50,,14373,95071,48,2300,6,4.0
Кофешефф,55.7040427,37.65298,Moscow,1002,62000,3160.198105355438,85,3,43,,9590,126820,16,1800,8,4.1
Кулинарная лавка братьев Караваевых,55.7837493,37.6012187,Moscow,281,54000,530.3530912662966,85,35,167,,11633,81524,34,2300,14,4.2
Трапезная,55.7186111,37.6733864,Moscow,499,62000,2662.6328316441663,85,1,13,,11543,85338,13,2000,0,3.9
Unknown,55.6089437,37.7868158,Moscow,1314,62000,16506.462846964856,85,1,1,,5299,99121,32,3500,4,4.4
Олимпия,55.6337037,37.7413853,Moscow,228,62000,12643.959429824112,85,0,5,,12139,75232,26,2300,6,4.6
Traveler's coffee,55.7778767,37.5202387,Moscow,902,71000,3988.6336268520836,85,3,17,,13200,126203,21,1700,3,4.2
Surf Coffee,55.7609837,37.6322817,Moscow,1267,85000,666.8732256228603,85,30,216,,13553,67367,16,1800,10,4.8
Шоколадница,55.795734,37.5922059,Moscow,461,54000,1958.9016670945618,85,15,75,,13017,78974,48,2100,11,4.7
Шоколадница,55.7468795,37.6796278,Moscow,1125,68000,1760.1599294553894,85,13,37,,11748,118319,17,2100,12,3.5
У Гио,55.7950188,37.5122,Moscow,817,71000,4916.000808129529,85,3,19,,7835,94889,44,1700,2,3.5
Волконский,55.7529318,37.5889565,Moscow,541,72000,1628.4449025902832,85,7,101,,12908,126348,23,1950,13,3.8
Волконский,55.7562213,37.5709539,Moscow,714,79000,1409.1013816846187,85,4,48,,13878,100744,46,3500,8,4.0
Кар-Ланч,55.7546809,37.8633315,Moscow,398,68000,12850.520494323511,85,3,51,,8392,106838,17,2000,4,4.2
Кафетеррия,55.7015097,37.5778053,Moscow,690,79000,4792.27861113412,85,5,12,,9882,73345,28,1900,8,4.6
Вай Мэ!,55.7427985,37.6298385,Moscow,846,85000,1371.095746614865,85,23,104,,7338,122982,24,2000,11,3.6
Kotleta,55.764985,37.5757965,Moscow,737,71000,1431.1512808785033,85,2,70,,13793,86936,29,3500,2,3.6
Шоколадница,55.7648357,37.6394658,Moscow,272,85000,1166.09747323637,85,14,204,,6495,72599,42,2000,4,4.8
Kiosk 1936,55.7619464,37.6426608,Moscow,1152,85000,980.8009405845474,85,8,218,,5140,75266,15,2300,4,3.7
Unknown,55.683955,37.4295126,Moscow,260,79000,10798.311794496834,85,0,3,,11196,74024,10,1700,8,4.2
Кондитерская Олега Ильина,55.7595988,37.5801976,Moscow,673,72000,1686.8064848381455,85,5,59,,10875,107028,43,2400,13,4.7
Шоколадница,55.7659019,37.6027536,Moscow,686,77000,226.49500747241015,85,14,158,,13789,114617,34,1950,4,4.5
Пеперон,55.7449156,37.6247746,Moscow,1336,85000,1233.8406093200408,85,16,94,,9593,85067,10,1950,5,3.6
Кулинарная лавка братьев Караваевых,55.7446726,37.6248551,Moscow,208,85000,1256.396045666702,85,17,97,,14058,88515,25,2000,1,4.7
Чинар-А,55.7916964,37.6605422,Moscow,1119,94000,1779.429315589089,85,3,19,,14296,115585,33,3500,5,4.0
Lao Lee,55.7786989,37.5966131,Moscow,942,54000,338.52823699720295,85,49,236,,5779,110671,26,2000,5,4.4
Хинкальная,55.9106499,37.4059339,Moscow,622,71000,18559.002919393537,85,0,15,,5705,116030,42,1800,0,3.8
Баклажан,55.7474092,37.6560648,Moscow,1194,68000,1073.3020049151137,85,12,98,,12676,106576,21,1950,12,4.0
Кулинарная лавка братьев Караваевых,55.747292,37.6564227,Moscow,613,68000,1083.9835029197188,85,11,100,,6127,107822,25,2000,10,3.5
Шоколадница,55.6537517,37.6474444,Moscow,502,62000,8614.52486830919,85,3,9,,13189,119843,38,1950,13,4.3
Суши Магия,55.7049257,37.7730206,Moscow,1177,62000,8999.143286076218,85,0,20,,13452,91237,41,2100,4,4.1
Пан Запекан,55.7293877,37.6453199,Moscow,775,62000,550.9190020706587,85,15,93,,11343,68153,42,1900,7,3.7
Prime,55.8053964,37.5199627,Moscow,568,71000,5098.661180522263,85,15,68,,11426,94678,36,2300,3,3.6
Морс,55.7081019,37.6420148,Moscow,241,62000,2565.450596498855,85,1,38,,11335,65616,28,2400,13,4.6
Beats & Brew,55.7549992,37.6671558,Moscow,535,68000,614.5742160519211,85,7,68,,8450,84627,30,2100,8,3.8
Амбарчик,55.7510725,37.591352,Moscow,1083,89000,1677.2687054594114,85,19,111,,7067,110818,34,2300,11,4.1
Coffee Kiss,55.7635928,37.5941761,Moscow,407,72000,741.0749210906273,85,17,130,,13331,125627,19,3500,5,4.7
Шоколадница,55.7773907,37.6605569,Moscow,835,94000,380.37134741091495,85,7,92,,6560,110799,22,2000,2,4.3
Бейрут,55.6518072,37.508139,Moscow,791,79000,10852.962366148238,85,8,19,,7467,80691,44,1900,12,4.1
Евразия,55.6516263,37.508159,Moscow,778,79000,10871.556539072113,85,8,20,,5922,77684,48,2100,8,3.8
Пикассо,55.6526998,37.5055254,Moscow,979,79000,10814.58976806593,85,9,17,,14213,88897,14,1900,9,4.6
Симбад,55.651989,37.5072631,Moscow,342,79000,10852.042864744555,85,8,19,,6113,70308,36,2300,12,4.5
Wild Bean Cafe,55.8263859,37.8348616,Moscow,714,94000,12559.98207436593,85,0,0,,8368,91589,47,3500,5,4.6
"Буфет к/ст ""Лужники-Южные""",55.7159005,37.5638606,Moscow,336,79000,3125.3361970257984,85,1,21,,10222,92343,23,2400,2,3.6
La Princesse Choco,55.8075857,37.5109981,Moscow,213,71000,5691.476147991017,85,11,52,,8059,60331,31,1950,4,4.5
Сказка Востока,55.5370394,37.6614417,Moscow,756,62000,21621.928272554756,85,0,0,,5191,102096,40,2300,10,4.7
bodro coffee,55.8064146,37.5872344,Moscow,844,54000,3185.0461713624936,85,32,70,,7902,113059,36,1900,9,4.2
Академия вкуса,55.7691548,37.6728221,Moscow,1136,94000,1349.764265708182,85,4,104,,10271,79006,17,2100,14,4.7
Папа Джонс,55.8943036,37.5857064,Moscow,1451,54000,12861.479178444524,85,1,13,,12654,62575,41,3500,9,4.5
Unknown,55.6368861,37.4916218,Moscow,507,79000,12767.621137536964,85,0,3,,9637,104170,34,2400,9,4.6
Чайхона Халяль,55.7866009,37.572183,Moscow,241,71000,1298.3479825621796,85,4,65,,7202,111047,39,2300,11,4.0
Big City Coffee,55.7857543,37.7509925,Moscow,1111,94000,6099.761673938035,85,1,18,,13757,115690,19,2000,4,4.2
СушиStore,55.6484459,37.7415302,Moscow,419,62000,11277.849716192653,85,2,10,,11991,89844,40,2100,12,3.5
Новогиреевское,55.7579676,37.7952391,Moscow,1389,68000,8587.592290659948,85,0,9,,10877,93405,32,1900,7,4.4
Николай-Каравай,55.7240193,37.6214957,Moscow,1119,62000,1242.9943956163606,85,6,91,,9772,112074,30,1900,12,4.8
Шоколадница,55.7072142,37.6589194,Moscow,1136,62000,2979.9219365352956,85,14,36,,5809,113001,31,3500,4,3.5
СушиТун,55.7321263,37.6470791,Moscow,1085,62000,643.3660848416963,85,10,98,,14443,86912,39,2400,13,4.3
Китаки,55.7201906,37.8220843,Moscow,1127,68000,11057.028256239355,85,1,4,,10178,70800,25,1700,12,3.7
Месье Круассан,55.7708462,37.678783,Moscow,1121,94000,1594.047595136264,85,29,91,,8829,61411,24,2400,7,4.1
Хинкальная,55.7882183,37.7483361,Moscow,335,94000,5992.310662234203,85,4,18,,8008,106225,37,1900,4,3.7
Кофейная кантата,55.8099532,37.4048651,Moscow,1493,71000,11782.217297686826,85,6,12,,6920,77934,22,1700,11,3.6
Шашлык,55.8101592,37.4045723,Moscow,1409,71000,11806.719434757557,85,6,12,,14534,74361,30,1900,10,4.1
Брусника,55.7405103,37.6344729,Moscow,983,62000,1069.2658130552095,85,12,118,,6035,68983,45,2100,1,4.5
Unknown,55.6543619,37.7657002,Moscow,736,62000,11733.762375512977,85,2,11,,12743,60284,31,2100,0,4.1
Unknown,55.8159648,37.8451605,Moscow,1398,94000,12689.948351698513,85,2,3,,9404,81595,12,2100,3,4.8
Unknown,55.8162437,37.8477504,Moscow,546,94000,12852.43429305551,85,2,3,,12428,121249,28,1900,8,3.7
Старик Хинкалыч,55.7470621,37.6074097,Moscow,363,89000,1228.8593514437182,85,6,94,,14245,87794,42,1900,10,4.3
Кулинарная лавка братьев Караваевых,55.6997145,37.6232042,Moscow,550,62000,3584.5054187257324,85,9,45,,5652,114064,21,1900,3,4.7
Кулинарная лавка братьев Караваевых,55.7704566,37.6259823,Moscow,712,77000,1389.4256158956086,85,12,142,,6578,97170,20,3500,13,3.9
Кулинарная лавка братьев Караваевых,55.7719449,37.5957314,Moscow,833,54000,876.995741359991,85,18,235,,13853,91777,39,1900,8,4.6
Рынок и общепит Шук,55.7788685,37.6002741,Moscow,1152,54000,108.9145140840281,85,32,205,,5544,77723,10,2000,0,3.7
Unknown,55.7229,37.7683383,Moscow,794,68000,7879.220703444013,85,0,8,,6751,116529,36,1700,10,3.9
Шашлычок,55.7415138,37.7755234,Moscow,818,68000,7553.77100415709,85,1,14,,12391,68510,42,1950,0,4.7
Unknown,55.7873207,37.8807474,Moscow,647,94000,14172.052017092345,85,4,9,,5911,91407,23,1950,10,3.8
Bubble Mania,55.7576481,37.6366411,Moscow,584,85000,372.3023305602491,85,24,214,,10108,105595,42,1800,7,4.5
Patisserie Francois Bodrero,55.7577028,37.6369488,Moscow,1265,85000,389.0646705947745,85,23,212,,10625,128690,46,1800,4,4.5
Экслибрис,55.764969,37.6342,Moscow,1046,85000,1111.0418049008529,85,21,208,,12123,104964,28,1800,11,4.7
Stolovaya,55.7618868,37.6520245,Moscow,849,68000,659.5779248090355,85,21,167,,10433,67986,29,2100,4,4.2
Шарманка,55.7134712,37.7775558,Moscow,1390,68000,8913.413799566419,85,0,12,,9537,92243,31,3500,13,3.9
Stars Coffee,55.7781896,37.5857264,Moscow,1063,71000,170.74381121012783,85,19,199,,11369,111705,44,1800,6,4.2
Пиццетория,55.8211705,37.3702166,Moscow,283,71000,14236.036177619355,85,4,26,,12773,108793,12,1700,12,4.3
Palati,55.7294768,37.6469347,Moscow,1317,62000,644.6854190246422,85,15,92,,14632,119892,23,1800,9,4.1
Шашлычная,55.7109746,37.7714509,Moscow,662,62000,8709.78266814322,85,1,8,,11800,95696,32,2100,0,4.3
Cofix,55.7647487,37.5643024,Moscow,785,71000,1836.7711155932616,85,11,70,,11808,108261,25,2000,0,4.2
Unknown,55.6482826,37.8542168,Moscow,1091,62000,16430.39380466928,85,1,7,,14372,85472,30,2100,11,3.7
Палермо,55.8644663,37.5446001,Moscow,1483,71000,10032.393822750919,85,5,15,,11417,71962,38,2000,13,3.8
Каравелла,55.6993384,37.7738224,Moscow,812,62000,9265.086849627774,85,0,20,,6386,113150,36,3500,13,3.9
Кампанелло,55.7026409,37.7662455,Moscow,1439,62000,8687.695112179794,85,8,18,,10951,92520,18,1900,0,4.1
Хоум-Бар,55.7071284,37.7476509,Moscow,1093,62000,7421.096199766741,85,0,5,,6072,74019,15,1700,5,4.0
Шашлычок,55.8955279,37.4363193,Moscow,877,71000,16085.445454097446,85,0,14,,14913,87105,23,3500,13,3.7
Unknown,55.754051,37.6125342,Moscow,1039,89000,393.13726887635767,85,7,110,,12319,73766,44,1700,7,3.5
Монтре,55.8225091,37.389659,Moscow,209,71000,13158.49306879469,85,8,19,,14265,96992,35,3500,0,4.0
Унаги Маки,55.8999597,37.4036451,Moscow,258,71000,17713.018056052417,85,4,10,,8970,115087,30,1700,6,3.6
Новый Баку,55.659091,37.7354129,Moscow,983,62000,10098.1255641675,85,0,15,,6037,128905,29,2400,5,4.4
Борго,55.7920762,37.6809832,Moscow,1183,94000,2415.559936401241,85,7,23,,10648,94646,17,2400,1,3.8
Культ вкуса,55.7906726,37.61317,Moscow,423,54000,1473.9075108718037,85,3,36,,14157,79108,43,1900,14,4.5
Pinzeria by Bontempi,55.7460979,37.6020454,Moscow,676,89000,1494.0384947087389,85,11,101,,13432,65203,44,3500,5,4.5
Шоколадница,55.8016777,37.5315134,Moscow,350,71000,4277.500249180308,85,11,55,,9927,117084,28,2300,9,4.2
Ришон,55.7892894,37.6070165,Moscow,312,54000,1186.3455803171603,85,3,80,,7211,108528,19,1800,1,4.2
Шоколадница,55.8399982,37.491461,Moscow,215,71000,9083.415394532984,85,11,23,,9272,67235,48,1700,4,4.1
Мерлин,55.8602767,37.4835643,Moscow,1326,71000,11185.414557097145,85,3,21,,9979,103950,31,2100,8,4.2
Папа Джонс,55.8602707,37.4834232,Moscow,1281,71000,11189.809585049274,85,3,21,,5890,86039,11,2000,11,4.6
Unknown,55.7894729,37.7525922,Moscow,1315,94000,6283.500111504011,85,4,16,,5260,97008,37,2100,14,4.1
СушиWok,55.7493485,37.7847752,Moscow,255,68000,7978.572101990145,85,2,16,,13941,91763,37,2000,11,4.5
Кофе Хауз,55.84506,37.6603087,Moscow,626,94000,7686.282548370833,85,7,14,,7968,88783,37,1700,9,3.9
Шоколадница,55.8453804,37.6603943,Moscow,1199,94000,7722.1079129348445,85,7,14,,7280,125808,12,1800,10,4.7
Ла Гатта,55.8800501,37.6949946,Moscow,517,94000,11836.415983118995,85,0,7,,8204,73913,15,1800,14,4.6
Кофе Хауз,55.7447606,37.5675998,Moscow,1154,79000,183.38823524236614,85,16,42,,11486,126487,45,2100,14,3.9
Чихо,55.7411321,37.609552,Moscow,540,89000,1809.986586005772,85,14,87,,13802,69459,22,2000,14,4.3
Соло,55.7081927,37.6402786,Moscow,281,62000,2544.3553268364317,85,1,37,,6332,115263,39,1800,1,4.6
Open Food,55.7284819,37.6435708,Moscow,250,62000,497.661823351412,85,15,93,,5099,105022,11,1800,1,3.8
Кругозор,55.7824018,37.5987009,Moscow,220,54000,430.8618711552747,85,43,171,,14789,127305,14,1800,4,4.4
Unknown,55.4964783,37.5024949,Moscow,867,62000,27411.5105929834,85,0,0,,7324,85197,31,1700,5,3.6
Встреча,55.6665524,37.6287899,Moscow,1311,62000,7184.689574859889,85,2,11,,8184,63014,20,2300,1,4.6
Prime,55.7105374,37.4439382,Moscow,990,79000,8444.535717403862,85,2,8,,11466,74933,32,2000,13,3.5
Prime,55.770295,37.6207364,Moscow,818,77000,1093.79056478438,85,25,138,,13422,104314,24,3500,11,3.8
Sixties,55.7445196,37.6304381,Moscow,864,85000,1176.3442674284574,85,19,90,,6839,89316,44,3500,6,4.6
Шыкыдым,55.7445332,37.6299123,Moscow,804,85000,1179.787040693141,85,19,87,,10571,97903,44,2300,9,4.5
Шоколадница,55.6801746,37.6235993,Moscow,1264,62000,5713.55010610782,85,1,16,,13008,67434,44,2000,11,4.3
Home Cafe,55.6970057,37.4620321,Moscow,626,79000,8300.119816265615,85,0,3,,8483,63224,38,2100,9,3.5
Шоколадница,55.6772151,37.89563,Moscow,381,62000,17272.779704608463,85,1,12,,7088,106331,43,2300,11,3.7
Unknown,55.6777051,37.9015617,Moscow,876,62000,17603.394101265236,85,0,9,,14947,120988,40,1900,14,4.6
Жаровня Офис.,55.7237844,37.6539997,Moscow,1222,62000,1332.9871184505917,85,8,40,,9288,114665,29,1900,0,4.6
David B Café,55.7640119,37.598511,Moscow,459,72000,468.50309464344997,85,12,139,,8381,88508,34,1900,1,4.0
Убежище,55.7611409,37.6375512,Moscow,873,85000,739.8341041375702,85,24,218,,7164,124827,32,2400,5,4.6
Pho City,55.7715675,37.6823101,Moscow,1292,94000,1777.7418992619264,85,26,87,,9001,79400,27,1900,8,4.4
Чак-чак,55.7570743,37.7508749,Moscow,785,68000,5811.165951592519,85,7,18,,7767,118150,21,2000,14,3.8
Лабиринт,55.7334327,37.861765,Moscow,1145,68000,13019.839668532213,85,0,6,,7356,107325,39,2300,0,4.2
Кафе,55.5316699,37.4469201,Moscow,1266,79000,24745.766097790587,85,1,3,,8535,92398,31,2300,6,4.0
Столовая,55.5249677,37.446483,Moscow,1009,79000,25465.975335711355,85,1,3,,5838,117976,20,1700,11,4.6
Южный дворик,55.5233572,37.4487392,Moscow,405,79000,25596.609185087047,85,1,2,,5302,67373,28,1700,7,3.7
Unknown,55.8896746,37.411895,Moscow,1032,71000,16506.97372542485,85,1,7,,11165,95276,43,2000,12,4.4
Меркалето,55.7685594,37.6593988,Moscow,869,94000,871.901907468535,85,9,114,,11574,78094,31,2000,12,3.7
Котиссимо,55.770043,37.665554,Moscow,892,94000,935.1351290326904,85,8,117,,9158,70512,39,1800,8,4.1
Мистер Хинкали,55.6549228,37.5216936,Moscow,774,79000,10269.940889002892,85,1,19,,9807,103038,47,2400,1,3.7
Чихо,55.7635527,37.6336686,Moscow,412,85000,951.9364169418666,85,38,209,,10197,101098,16,2000,10,4.3
Unknown,55.808587,37.5116921,Moscow,467,71000,5724.33448419191,85,5,52,,8643,73176,34,2000,4,3.9
Unknown,55.7071673,37.8539574,Moscow,806,68000,13462.125514404639,85,0,3,,9885,78634,35,1800,3,4.1
Ку-Ка,55.7386027,37.5817676,Moscow,1491,79000,1209.0392477702544,85,4,60,,11516,126683,25,3500,13,3.8
Подоконник,55.6988993,37.6242424,Moscow,1443,62000,3657.7901395440017,85,11,40,,8464,82413,37,2400,12,4.3
Com 1989,55.806687,37.5885953,Moscow,554,54000,3190.655849639065,85,28,67,,11330,77547,40,2100,1,4.7
Mangal,55.760582,37.7727852,Moscow,711,68000,7192.79537459111,85,1,6,,5630,112691,36,2000,3,4.7
Unknown,55.8891657,37.3626509,Moscow,962,71000,18617.86277994291,85,2,2,,13627,124015,36,2400,3,3.8
Скворец,55.7594176,37.5975208,Moscow,636,72000,735.5525327241978,85,14,143,,5174,111708,44,2300,11,4.1
Unknown,55.5897627,37.9005669,Moscow,1199,62000,22802.502362056846,85,0,1,,7780,104031,21,1800,3,4.6
Блины,55.7392107,37.6559545,Moscow,1330,62000,1497.2223408793946,85,24,102,,11717,65087,14,1950,7,4.3
Спешиlove,55.7490787,37.6552163,Moscow,1335,68000,897.8678608871073,85,10,102,,7031,107818,30,2000,10,3.8
Восточное,55.7552575,37.711964,Moscow,727,68000,3382.147827694581,85,6,48,,10711,99298,31,1700,2,3.8
Восточное,55.7554718,37.712007,Moscow,716,68000,3383.5442971235734,85,6,47,,11076,106422,31,3500,6,4.3
Unknown,55.7545134,37.7092201,Moscow,1310,68000,3216.839606004637,85,7,48,,8462,69441,28,2400,8,3.6
"Гриль,Аж",55.7946343,37.6716067,Moscow,712,94000,2317.641961040186,85,1,22,,13585,118308,40,1800,6,4.8
Дринкит,55.7347863,37.5887768,Moscow,595,79000,1806.9074503387521,85,16,58,,7832,74542,34,2100,3,4.1
Кофепровод,55.7586973,37.6542127,Moscow,931,68000,302.9391207167693,85,14,147,,7648,64407,22,2400,5,4.0
Шоколадница,55.7371909,37.6188273,Moscow,1025,62000,1329.7820147724667,85,9,130,,5839,114148,43,2100,2,3.7
Циники,55.7625654,37.5995868,Moscow,417,72000,431.7576668154864,85,14,142,,11995,85129,31,2400,2,3.6
Мацони,55.7333565,37.6344606,Moscow,396,62000,306.4935157266811,85,13,139,,9262,62734,10,1700,11,4.3
Рондо,55.8311078,37.5929371,Moscow,420,54000,5821.737768955811,85,0,4,,12939,111861,19,1950,5,3.9
Барбос,55.7128676,37.576856,Moscow,221,79000,3540.470473674102,85,0,14,,12582,114631,27,3500,11,3.7
Upside Down Cake Co.,55.7774907,37.6329172,Moscow,1487,94000,1390.9293640423655,85,15,74,,6665,104211,38,1900,8,3.8
Кулинарная лавка братьев Караваевых,55.7254091,37.5631091,Moscow,862,79000,2070.600583027126,85,7,40,,9685,71929,41,3500,1,4.8
Шоколадница,55.6337872,37.4403714,Moscow,1480,79000,14533.015447316508,85,1,16,,6986,118380,11,3500,8,3.6
Кулинарная лавка братьев Караваевых,55.7507877,37.5993445,Moscow,1368,89000,1250.3532497647495,85,18,117,,5235,73464,15,1800,1,4.7
Бистро,55.7435204,37.6296229,Moscow,772,85000,1293.8513701787706,85,25,98,,5396,128764,11,1800,8,4.0
Папа Джонс,55.7340974,37.4191922,Moscow,859,79000,9193.544381755957,85,2,11,,12654,105774,22,1950,6,3.7
ЧаЕ,55.794188,37.665579,Moscow,714,94000,2127.832409619436,85,1,17,,6900,122214,16,2300,0,4.7
Дубки,55.8004491,37.6795551,Moscow,924,94000,3122.1216213932494,85,0,8,,11507,121677,19,1800,1,4.4
Монастырская выпечка,55.765033,37.623916,Moscow,1132,89000,1021.3383487415883,85,11,197,,8829,117043,42,2400,4,4.5
Tabera,55.7707098,37.6284925,Moscow,540,77000,1543.5787898159217,85,21,145,,6972,101834,14,1950,6,4.4
Листок,55.753142,37.50285,Moscow,1141,79000,4020.1987197216467,85,0,20,,6908,110552,39,1800,4,4.4
Полуостров,55.8092837,37.4034535,Moscow,876,71000,11843.429817457558,85,5,12,,12435,65829,10,1700,3,4.3
Unknown,55.7466402,37.7126693,Moscow,880,68000,3609.840489380378,85,0,41,,5442,123014,34,2000,8,3.7
Шоколадница,55.6983018,37.8500057,Moscow,1355,68000,13680.22463107445,85,2,6,,6243,83837,42,2300,5,4.6
Либерто,55.780848,37.607984,Moscow,253,54000,426.9067118276076,85,6,172,,14963,116568,31,2000,12,4.3
Coffee and the City,55.7904907,37.5479462,Moscow,1049,71000,2707.8234039023805,85,1,21,,8884,121473,16,3500,11,4.7
Point 242,55.7079762,37.6811645,Moscow,1341,62000,3768.9709684951263,85,0,24,,14730,97747,24,1900,1,3.9
Даблби,55.7409045,37.6228048,Moscow,1188,62000,1415.1548334523989,85,16,130,,14025,88830,11,1900,10,4.1
Дринкит,55.7739559,37.5848392,Moscow,558,71000,342.5331938194267,85,25,177,,10754,81854,24,2400,4,4.8
Veranda,55.713959,37.549639,Moscow,1290,79000,3476.1222071765683,85,2,16,,14327,122042,24,2100,2,4.4
Волконский,55.7526007,37.6057766,Moscow,209,89000,805.3129053184127,85,11,124,,14902,125713,27,1700,1,4.3
Блюм,55.7533533,37.6050733,Moscow,620,89000,794.9151967971736,85,11,124,,5739,115257,47,2000,8,3.7
Checkpoint,55.763526,37.6345716,Moscow,937,85000,953.1335178212597,85,33,214,,13725,70057,45,1800,1,4.3
Зеленая дверь,55.7655452,37.632091,Moscow,569,85000,1173.9510912169344,85,18,210,,11090,85283,10,3500,2,4.5
Бамбук и капуста,55.750815,37.5970965,Moscow,736,89000,1368.2828629884987,85,26,123,,7264,60427,26,1700,0,3.9
Il Pittore,55.6813181,37.5157902,Moscow,1388,79000,7621.137122060666,85,3,13,,9811,92605,43,1900,10,3.6
Тбилисская шаурма,55.6754611,37.4704859,Moscow,1280,79000,9650.871763558485,85,2,5,,12387,106622,48,1700,7,4.7
Ош Сити,55.7723655,37.5808887,Moscow,872,71000,550.846068972616,85,8,109,,5836,106216,21,1800,9,3.9
Дрозд,55.7704613,37.5839049,Moscow,760,71000,727.0945947450684,85,10,126,,10762,123749,21,1900,2,4.3
Чебуречная на Тишинке,55.7697155,37.5846766,Moscow,797,71000,811.104077817968,85,9,127,,13171,89269,20,2100,9,3.7
Daily Food,55.7460564,37.6639628,Moscow,539,68000,1272.798339978573,85,3,101,,5169,81937,47,2300,14,3.6
Шоколадница,55.8355333,37.4904487,Moscow,916,71000,8748.64076384621,85,0,20,,11561,128644,28,2000,14,4.1
Unknown,55.8536571,37.4055616,Moscow,834,71000,14033.449513257829,85,0,1,,10345,80124,15,1800,2,4.8
Каfема,55.8136628,37.57678,Moscow,1036,71000,4101.62225104922,85,2,39,,8060,111158,17,1950,5,4.3
Главпирог,55.7685553,37.684233,Moscow,573,94000,2007.0558847467646,85,7,69,,13054,76743,31,1900,0,3.6
Сити кафе,55.7956486,37.5617738,Moscow,877,71000,2496.2069828999297,85,6,29,,11293,107692,41,2000,11,4.3
Кулинарная лавка братьев Караваевых,55.7589016,37.5528728,Moscow,201,79000,1822.505623960925,85,7,63,,6952,117607,33,2400,0,4.0
Pizza? Si!,55.7899938,37.6341837,Moscow,667,94000,2028.6526860002396,85,6,20,,8932,91294,38,1800,11,4.2
Триумф,55.7262178,37.5817509,Moscow,1101,79000,2238.174726318521,85,10,43,,6623,98256,36,2300,6,3.8
Unknown,55.6901773,37.6146267,Moscow,1277,62000,4750.726619796547,85,1,23,,10041,60428,15,3500,8,4.3
Unknown,55.633726,37.480893,Moscow,1449,79000,13347.12348247747,85,1,3,,12979,87746,35,2000,1,3.5
Yugen,55.7861173,37.6135981,Moscow,533,54000,1073.4353607019852,85,5,57,,12624,90767,12,2300,0,4.6
Unknown,55.5577566,37.4347968,Moscow,355,79000,22262.236727591728,85,0,1,,5196,99267,16,2400,0,4.2
De Villagio,55.6667331,37.5524238,Moscow,395,79000,8627.741679577388,85,1,20,,6108,125313,14,2100,0,4.0
Культурный код,55.775971,37.5956266,Moscow,425,54000,521.8247284047277,85,7,255,,11883,110881,18,1800,3,4.5
Караван-Л,55.7757604,37.5800935,Moscow,701,71000,280.5089585746261,85,12,152,,8268,117165,43,2100,4,3.6
Уголок вкуса,55.7860784,37.6345898,Moscow,511,94000,1698.4619844897886,85,8,39,,11347,95195,40,2400,12,4.3
Брусника,55.783615,37.6341245,Moscow,872,94000,1555.9839256323316,85,8,48,,5432,115068,19,2300,14,3.8
Манас,55.7469341,37.6790083,Moscow,578,68000,1726.5860456161586,85,13,41,,10789,101927,27,3500,1,4.8
Шоколадница,55.7805505,37.6000918,Moscow,404,54000,209.67384633047433,85,49,185,,14887,79852,18,1950,3,3.6
Наша чайная,55.6483809,37.6630974,Moscow,930,62000,9331.31007026654,85,0,8,,8797,126010,24,1800,5,4.1
Мангал House,55.748881,37.7713669,Moscow,887,68000,7151.298148034891,85,5,14,,5067,77289,19,1700,0,3.9
Фрэш Кофе,55.7489053,37.7714919,Moscow,851,68000,7158.71524303832,85,6,14,,9848,103763,49,1900,6,3.8
Чайхана Пиала,55.749593,37.7750773,Moscow,456,68000,7372.351519192477,85,9,15,,8552,103533,11,2400,3,4.0
Правда Кофе,55.7867522,37.5805035,Moscow,486,71000,1106.216295909775,85,7,68,,10042,76947,16,2300,3,4.7
СтарХит,55.7223237,37.6516555,Moscow,1472,62000,1331.5200943676791,85,12,44,,11493,64374,47,1900,11,3.9
Hanoi,55.7545805,37.6557095,Moscow,332,68000,304.8298509783176,85,5,138,,8437,94230,22,1700,5,3.8
Пляж,55.7243673,37.5932896,Moscow,1337,79000,2811.1508210497927,85,1,38,,9641,108109,48,2300,0,4.0
Шоколадница,55.7948545,37.7998974,Moscow,1499,94000,9299.013291508687,85,6,28,,8591,99037,32,2100,8,4.4
Волконский,55.7925104,37.6045936,Moscow,1365,54000,1511.0146828814766,85,3,63,,14681,83977,44,2000,3,4.4
Unknown,55.8158105,37.797436,Moscow,520,94000,9943.070516868122,85,0,15,,11215,79789,47,1950,12,3.6
Касабланка,55.7177472,37.8577199,Moscow,1481,68000,13242.68595638284,85,1,3,,11183,84967,27,2000,10,4.6
Поварская лавка,55.7613627,37.6834651,Moscow,1465,68000,1665.473450286701,85,4,29,,7338,76301,21,1950,13,4.5
Арарат,55.886007,37.6845886,Moscow,1143,94000,12371.002970131412,85,0,5,,5540,72689,12,2400,12,4.6
14,55.89597,37.7170336,Moscow,325,94000,13891.06028596693,85,0,4,,14368,82429,44,1700,4,4.5
На воде & на суше,55.9084474,37.7460014,Moscow,1342,94000,15785.369351265002,85,1,2,,12791,71169,45,2100,1,4.4
МотоМосква,55.7226779,37.6906544,Moscow,331,62000,3484.85084509844,85,4,14,,6224,120182,29,1900,11,3.9
Шоколадница,55.8476071,37.3602635,Moscow,835,71000,16033.11991063311,85,9,20,,5655,72647,38,3500,13,3.6
Crop,55.7342808,37.6070436,Moscow,494,62000,1910.6869876544795,85,4,69,,14470,61094,16,1700,5,3.6
Православная трапеза,55.7438987,37.6061744,Moscow,875,89000,1581.2493575057827,85,3,83,,9122,65057,44,2300,11,4.5
Чайхана,55.7171382,37.7915483,Moscow,1094,68000,9462.666949738237,85,7,14,,6865,83487,14,2300,6,4.0
Шоколадница,55.8545743,37.477394,Moscow,200,71000,10897.91825613634,85,5,12,,8936,109666,23,3500,12,4.5
Волконский,55.7390127,37.5765786,Moscow,244,79000,912.5868358750434,85,4,69,,10025,107714,38,2000,12,3.5
Брусника,55.7711999,37.6011558,Moscow,1470,77000,753.0515099220482,85,12,165,,5050,97185,32,2300,2,4.6
Burger Heroes,55.7416406,37.6252731,Moscow,801,62000,1392.4355690090993,85,21,121,,5124,127698,23,1950,2,4.8
Буфет № 11,55.751813,37.6016615,Moscow,349,89000,1066.6113994702657,85,19,117,,14339,64284,17,1700,2,4.1
Воронеж,55.7445453,37.6009803,Moscow,298,89000,1673.7427841777176,85,9,97,,9235,86252,47,1900,1,3.5
Pasta time,55.7080252,37.6552893,Moscow,1201,62000,2799.7267442080715,85,25,40,,7772,85244,18,1700,12,3.8
Prime,55.7090968,37.6538914,Moscow,1252,62000,2655.35651599557,85,21,42,,11404,61877,42,1800,2,4.2
Столовая,55.684588,37.8889113,Moscow,995,68000,16551.933457447758,85,2,13,,11155,60798,42,2300,14,4.0
Столовая,55.6850791,37.8879855,Moscow,390,68000,16474.64341000759,85,2,12,,14134,74908,11,3500,12,4.1
Кочерга,55.7456329,37.5606193,Moscow,1366,79000,328.85450202155556,85,2,33,,9216,125041,20,1800,0,4.2
Pero,55.7394836,37.7723613,Moscow,1179,68000,7417.464719964677,85,0,9,,5363,76065,49,1800,9,4.5
Хинкальная,55.8843868,37.6715805,Moscow,201,94000,12096.464135370921,85,0,8,,9502,97121,27,2100,0,4.3
Восточное,55.8311475,37.6249618,Moscow,659,54000,5973.449633984331,85,1,30,,7378,123259,41,3500,0,4.3
Белый лист,55.7302813,37.6262951,Moscow,263,62000,675.003755610532,85,17,118,,7035,123886,27,2100,2,3.5
Арена,55.7637793,37.4344909,Moscow,274,79000,8457.554015267666,85,1,3,,7261,103443,20,1900,11,3.9
Гурман,55.8378109,37.6191888,Moscow,997,54000,6627.093493642502,85,4,26,,8616,62768,38,1800,5,3.7
Арлекин,55.8305383,37.6278893,Moscow,1204,54000,5954.800817560709,85,3,31,,10915,118923,10,2300,8,4.2
Гюльчатай,55.8286486,37.6302303,Moscow,1190,54000,5795.7206730388625,85,2,26,,5293,118659,39,1950,4,3.8
Арцец,55.8284067,37.6265568,Moscow,1445,54000,5704.102086749675,85,4,26,,14952,113544,36,3500,9,3.5
Ласточка,55.8340803,37.6295271,Moscow,1053,54000,6361.63068244237,85,6,33,,10202,121448,46,2000,13,4.0
Штолле,55.800845,37.5327245,Moscow,282,71000,4160.1063001669545,85,14,53,,12263,73174,45,2100,3,3.9
Unknown,55.7563064,37.5525398,Moscow,1277,79000,1574.987020205416,85,11,51,,12115,126801,11,1900,1,4.5
Кофе с собой,55.7907873,37.5526479,Moscow,861,71000,2488.628090857416,85,2,31,,14681,71392,24,2400,12,4.5
Cultura Coffee,55.7231294,37.5609162,Moscow,1436,79000,2334.746502403657,85,8,34,,14025,125196,47,1950,14,4.7
Баранка,55.5730211,37.6182892,Moscow,652,62000,17605.63071855221,85,0,1,,9135,115769,49,3500,2,3.6
Хинкали Point,55.7546007,37.6376789,Moscow,1155,85000,296.12202529481664,85,24,159,,12273,129390,30,1950,6,3.8
Зерно,55.8137839,37.3908704,Moscow,1252,71000,12746.260624700919,85,1,21,,10912,79394,34,1700,6,3.5
Кафе для Вас,55.829369,37.6417897,Moscow,529,94000,5991.515997208211,85,0,18,,9736,66941,18,2000,11,4.3
Kathrin bakery,55.6436908,37.4806348,Moscow,794,79000,12343.580224631572,85,0,3,,8577,65901,23,1900,11,4.3
Азербайджанское кафе,55.70546,37.72873,Moscow,1151,62000,6408.809741139748,85,1,13,,10961,97381,16,1700,12,4.0
Шале,55.6703951,37.8952993,Moscow,693,62000,17531.95340455366,85,0,4,,12399,93040,21,2400,6,4.4
Borghetto,55.6890745,37.5832422,Moscow,1277,62000,5751.043638471405,85,1,20,,8368,104491,14,1800,3,4.4
Simit House,55.778788,37.6239072,Moscow,1285,54000,1370.1628355724188,85,3,79,,10188,123003,21,2100,12,4.6
LUSUN,55.6795516,37.5699103,Moscow,299,62000,7098.996940523431,85,7,33,,14636,73746,18,2400,2,4.4
Кофе Хауз,55.7198598,37.4196368,Moscow,1013,79000,9488.783424909185,85,1,7,,5879,77291,49,2300,12,4.4
Бон Архитект,55.722218,37.6334732,Moscow,555,62000,1001.1748091017266,85,6,73,,9022,80203,23,2400,11,4.4
Unknown,55.8442224,37.3782035,Moscow,1372,71000,14873.623460371064,85,0,11,,13104,100096,43,1800,8,3.9
Москофе,55.8663713,37.6813002,Moscow,1447,94000,10182.242771270565,85,0,9,,11618,73202,27,2000,2,4.2
Гранд Гриль,55.7766461,37.6568565,Moscow,913,94000,136.53352377937472,85,12,85,,14774,71257,34,1950,12,4.3
Cinnabon,55.8464792,37.6640372,Moscow,981,94000,7857.24600371978,85,7,13,,10808,128284,39,2300,2,3.6
Unknown,55.7126977,37.42597,Moscow,1119,79000,9375.509339307964,85,0,6,,11520,99362,10,2400,3,4.0
Небо,55.7525201,37.8169172,Moscow,732,68000,9956.459289706267,85,6,7,,5737,89487,20,2000,10,4.4
Лепим и варим,55.763307,37.6150576,Moscow,753,72000,571.851388853186,85,6,160,,12075,61637,28,1900,1,4.4
Skuratov Coffee,55.7551066,37.6014699,Moscow,722,89000,933.2265466835477,85,19,133,,11982,107285,20,2300,14,3.6
Кулинарная лавка братьев Караваевых,55.7508929,37.788657,Moscow,1141,68000,8203.977606695302,85,2,13,,8021,63988,28,1950,11,3.6
Стумари,55.7925227,37.6050527,Moscow,1190,54000,1515.7209842794184,85,3,60,,10642,92350,32,1950,10,3.6
Готика,55.8564687,37.4865016,Moscow,275,71000,10732.45543954272,85,0,14,,7594,90675,27,1900,0,4.3
Парос,55.7717657,37.6738912,Moscow,1082,94000,1271.86592401441,85,10,104,,8006,65388,31,2400,7,4.4
Jinju,55.7828956,37.6339219,Moscow,501,94000,1524.8887096855192,85,8,49,,5723,126914,41,1700,6,4.3
Хинкальная Гогиели,55.7494923,37.7189404,Moscow,1299,68000,3903.7055716028513,85,8,36,,10818,124084,48,1800,8,4.1
Крепость,55.8574268,37.4956772,Moscow,822,71000,10508.298243748053,85,1,9,,7532,90299,33,2300,11,4.0
Жили-Были,55.8539553,37.4754944,Moscow,1338,71000,10916.849405005625,85,5,10,,8838,71698,16,1950,8,3.5
Unknown,55.7043011,37.5955958,Moscow,1364,62000,3941.9156138586177,85,3,22,,11786,73331,21,1800,4,4.7
Coffeeshop Company,55.7817923,37.5984564,Moscow,523,54000,381.4520272183438,85,42,182,,6337,72031,13,1900,1,4.5
1000 и 1 ночь,55.8647366,37.5728544,Moscow,1039,54000,9705.757406974228,85,0,2,,6750,71693,10,3500,7,4.7
Upside Down Cake Co.,55.8223511,37.4980366,Moscow,1205,71000,7368.664624982299,85,14,22,,8906,100025,25,2300,3,3.7
Андерсон,55.6563462,37.5279127,Moscow,747,79000,10019.878379548143,85,2,20,,7673,83723,14,1950,1,4.8
Селфи,55.7156468,37.8812295,Moscow,1391,68000,14711.893546838543,85,0,6,,7376,77218,45,2400,9,3.6
TaAm hummus bar,55.8083544,37.5002335,Moscow,587,71000,6290.932725603976,85,6,42,,11111,95141,29,3500,13,3.7
Пит Брэд,55.7374743,37.6165436,Moscow,1469,62000,1469.1707067878508,85,11,118,,12671,99913,27,2300,12,4.6
Триумф,55.7472834,37.6076933,Moscow,595,89000,1198.9784647237266,85,6,95,,14517,125138,31,1800,0,4.0
В своей тарелке,55.8215629,37.3684076,Moscow,1259,71000,14357.150410355593,85,4,24,,10509,63836,15,1700,8,3.7
Чайхана,55.7451222,37.852976,Moscow,1256,68000,12272.741602604097,85,1,41,,7997,94607,20,2100,13,3.9
Штолле,55.687115,37.5720395,Moscow,935,79000,6340.672968083393,85,7,33,,8251,73297,26,3500,14,4.0
Даров,55.799748,37.5319952,Moscow,1099,71000,4119.370581291659,85,15,51,,13947,90270,29,2400,3,4.2
Хинкали-Гали,55.8285457,37.4459244,Moscow,875,71000,10359.291014801427,85,5,11,,7365,80414,36,1800,5,3.6
"Кафе ""Лагуна""",55.5751157,37.8176803,Moscow,485,62000,20710.83885469019,85,0,0,,14138,94491,18,2100,0,3.8
Unknown,55.6358129,37.673245,Moscow,1294,62000,10825.451882052188,85,0,2,,10090,119529,26,1800,10,4.1
Пекарня ДК,55.6655372,37.4720965,Moscow,477,79000,10488.123328468746,85,1,8,,8437,77220,13,2400,13,3.8
Don Giulio Pasticceria,55.7600771,37.6486509,Moscow,765,68000,677.6700733901541,85,32,198,,8532,108701,11,3500,3,4.7
Даблби,55.7471201,37.6074749,Moscow,841,89000,1221.2751554660658,85,6,94,,11213,117426,39,2400,2,3.7
Table,55.7810029,37.5917681,Moscow,1340,71000,658.8571344564507,85,57,210,,13688,91519,33,1800,7,3.6
Pho Bo,55.7222468,37.6518642,Moscow,984,62000,1346.7280769914703,85,11,40,,6531,99718,47,1800,4,4.6
Prime,55.7733772,37.6207755,Moscow,717,77000,1312.1978009415798,85,24,121,,5057,60834,49,2400,13,4.2
Cafetera,55.6351472,37.430864,Moscow,1099,79000,14737.285259688011,85,12,16,,5794,112396,31,2000,8,4.0
Стархит,55.6340526,37.4313201,Moscow,787,79000,14821.299007630516,85,12,16,,8265,90088,38,2400,14,4.3
Даблби,55.6340526,37.4320229,Moscow,1458,79000,14796.440598500547,85,12,16,,7103,103725,45,2100,8,4.0
Кафетериус,55.7229572,37.6928528,Moscow,422,62000,3609.9220901010176,85,2,11,,13545,101084,18,3500,7,4.7
Папа Вейдер,55.7592396,37.6324362,Moscow,766,85000,472.7400576374026,85,26,212,,11361,127329,28,1900,12,4.4
Unknown,55.6075222,37.5938562,Moscow,1054,62000,13994.136880861422,85,0,10,,7936,78744,32,1800,8,4.4
Чебуречная СССР,55.7705595,37.6322432,Moscow,913,94000,1546.5248319773968,85,15,151,,6638,61018,24,1950,7,3.7
Play Cafe,55.7442412,37.5086997,Moscow,746,79000,3523.9649882191206,85,9,41,,11532,75333,39,2100,8,4.4
Crosby Coffee Company,55.7673476,37.6088571,Moscow,276,77000,316.3630254073036,85,15,158,,12853,121031,30,1950,4,3.8
Питербургер,55.7714688,37.6795831,Moscow,903,94000,1617.9517794967428,85,29,88,,10761,86977,31,2100,3,3.7
Меркато,55.6600869,37.6507797,Moscow,992,62000,7932.322236912896,85,0,10,,14580,60360,37,1900,9,3.9
Кулинария,55.7384681,37.5803527,Moscow,489,79000,1141.008475740342,85,4,61,,13702,72683,32,1950,8,3.7
Prime,55.7408915,37.6289909,Moscow,543,62000,1208.7789641582037,85,23,120,,5273,89766,24,2000,10,4.1
Unknown,55.8130191,37.8348272,Moscow,345,94000,11970.909562218,85,0,9,,14849,127921,49,1700,4,4.1
Кофешоп 4.20,55.7788999,37.5984287,Moscow,1369,54000,223.60702974055246,85,28,217,,5121,76439,48,3500,14,4.6
Репаст Траттория,55.7464127,37.4930338,Moscow,1127,79000,4512.256208616062,85,4,33,,5188,81302,41,2000,7,3.8
Кофе Хауз,55.7464387,37.682339,Moscow,868,68000,1923.263100235974,85,11,29,,9344,86884,44,1800,7,4.3
Сити Пицца,55.8114652,37.6533026,Moscow,518,94000,3944.977508205073,85,0,12,,9706,70584,14,2100,10,4.3
Bella Vita,55.8199096,37.7005993,Moscow,316,94000,5653.526482156279,85,1,5,,10566,72659,12,3500,8,3.9
Scrocchiarella,55.7586794,37.639607,Moscow,1284,85000,581.6251777280007,85,28,201,,13224,109101,33,1800,3,4.6
Bamboo суши,55.6719742,37.4464828,Moscow,430,79000,10921.16555691663,85,2,7,,14739,119050,46,2400,14,4.5
Пицца Паоло,55.6716912,37.4459896,Moscow,1345,79000,10965.2673380606,85,2,7,,14527,92589,17,2300,2,3.6
Unknown,55.7623586,37.7849764,Moscow,811,68000,7966.657805823364,85,1,10,,7470,76938,16,2300,8,4.7
Цех,55.764374,37.5811776,Moscow,539,71000,1415.0025509230254,85,4,80,,12265,89559,39,2300,3,4.2
Кулинария,55.7802009,37.5458436,Moscow,1369,71000,2412.516280438031,85,0,10,,11537,105993,29,1800,7,3.9
Заяц и шляпа,55.8199433,37.7027973,Moscow,1128,94000,5727.212460089916,85,1,5,,8537,117736,41,2400,6,4.6
Good Mood,55.8209562,37.6345143,Moscow,954,54000,5088.703033981013,85,1,14,,14083,116469,36,1900,3,4.6
Кондитерская,55.7587697,37.5575969,Moscow,1393,79000,1706.4075637773192,85,2,72,,9688,126409,27,1950,11,4.6
Даблби,55.761909,37.5625909,Moscow,903,79000,1997.087940464599,85,7,79,,8986,124229,24,1950,0,3.5
Unknown,55.7890607,37.8885653,Moscow,428,94000,14676.594549084737,85,0,9,,5663,78032,18,1700,2,3.9
Кулинарная лавка братьев Караваевых,55.7612427,37.6326927,Moscow,856,85000,694.4227999698597,85,32,216,,5934,111604,18,3500,9,4.0
Шоколадница,55.6782731,37.4682236,Moscow,1037,79000,9495.62058975231,85,0,5,,13985,62110,44,2300,2,4.1
Кальян,55.6838528,37.6215089,Moscow,986,62000,5331.603747747203,85,6,15,,9112,101199,14,2400,11,4.2
Пивной дворик,55.6599601,37.5159251,Moscow,876,79000,9837.719013707852,85,1,12,,12441,86243,38,3500,9,4.0
Unknown,55.8310015,37.3757199,Moscow,305,71000,14334.61572188601,85,0,8,,13441,103794,35,2300,0,4.7
Meet Bar,55.8210035,37.3702455,Moscow,609,71000,14227.970986363764,85,4,27,,14924,113694,33,3500,6,4.4
Del gusto,55.7015213,37.4227865,Moscow,374,79000,10081.117580135724,85,0,1,,14146,84347,40,2100,12,4.5
Cofix,55.7568131,37.6212521,Moscow,1256,89000,329.2802412447419,85,15,143,,7532,72184,48,1800,5,3.7
Кировакан,55.7717607,37.8653527,Moscow,1483,68000,13074.98831200948,85,2,10,,11388,112317,18,3500,0,4.3
Территория Кофе,55.7871847,37.5799222,Moscow,1103,71000,1160.8372354632554,85,8,66,,7046,120787,27,2400,10,4.5
София,55.7902028,37.8816773,Moscow,496,94000,14261.371453235823,85,1,10,,6143,101536,10,1800,3,3.9
Евразия,55.7922415,37.8881307,Moscow,268,94000,14688.242426503377,85,1,9,,11608,96294,48,2000,4,4.5
Хинкали-Гали,55.8185205,37.7102243,Moscow,660,94000,5854.020335174898,85,0,6,,5118,90949,46,1800,5,4.2
Коворкафе,55.8053933,37.585398,Moscow,868,54000,3112.905806489581,85,31,76,,14666,127241,40,2300,7,4.6
Шоколадница,55.607557,37.5326606,Moscow,710,62000,15206.003161856155,85,5,16,,13786,73468,29,3500,5,3.6
Lavazza,55.7962965,37.6167879,Moscow,541,54000,2133.9654551083336,85,3,29,,5244,117885,32,2000,13,3.5
Газ Мяс,55.5514969,37.6835347,Moscow,308,62000,20172.33490595736,85,0,2,,7405,69150,41,1800,2,3.9
Загорье,55.5716086,37.6687326,Moscow,409,62000,17834.981685447747,85,0,0,,10134,77927,15,1800,6,4.2
Шоколадница,55.5696432,37.578294,Moscow,877,62000,18316.21690679543,85,2,5,,13353,107204,11,1800,10,4.8
Шоколадница,55.6379785,37.6567341,Moscow,1064,62000,10417.230064915128,85,2,9,,10525,100653,45,1700,9,4.5
Корифей,55.7040301,37.6916289,Moscow,628,62000,4549.802978378932,85,3,17,,11171,87553,38,2000,0,4.8
Встреча,55.6167344,37.5091198,Moscow,858,79000,14578.474633849844,85,6,7,,14583,66186,15,2300,11,4.7
Пан Запекан,55.7823334,37.7085459,Moscow,1378,94000,3421.7091766967824,85,12,53,,10785,125173,44,2000,13,3.8
Food Room,55.6344516,37.4311671,Moscow,754,79000,14790.13630660576,85,12,16,,14487,91393,27,1950,7,4.8
Шоколадница,55.6624668,37.4814796,Moscow,598,79000,10467.981615358143,85,5,10,,11813,94224,44,1950,6,3.6
Secret Draft beer,55.7107234,37.5087059,Moscow,631,79000,5110.473301573385,85,1,19,,11800,110216,16,2000,14,4.6
Rich Lounge,55.6847217,37.4795199,Moscow,690,79000,8492.10751178971,85,0,5,,12144,112428,37,1900,6,4.0
Surf Coffee,55.7383488,37.6301639,Moscow,628,62000,922.4415623794556,85,13,147,,8062,96772,20,2400,3,3.7
Айва,55.7991124,37.5335426,Moscow,518,71000,3999.638416963754,85,12,47,,11046,107243,19,2300,6,4.6
Rockberry,55.7975219,37.5197922,Moscow,1299,71000,4617.600792656883,85,5,57,,13601,124391,42,1800,0,3.7
Торнадо,55.7094529,37.6223574,Moscow,1297,62000,2565.4336747799557,85,30,65,,6581,115165,41,2100,14,4.1
Груша,55.6344792,37.4315459,Moscow,691,79000,14774.15180838477,85,12,16,,13984,112010,30,2100,1,4.2
Миллениум,55.7685348,37.6245483,Moscow,1288,77000,1225.0402350948834,85,12,171,,11586,118373,18,3500,10,4.2
ТаБаТа,55.8195218,37.4635002,Moscow,933,71000,8892.806893747247,85,0,2,,11924,129904,33,2100,14,3.9
Wonjo,55.6346762,37.4309174,Moscow,1143,79000,14778.454921669689,85,12,16,,6188,105668,44,1700,14,3.9
Pasta Deli,55.6341664,37.4319434,Moscow,499,79000,14788.789560547822,85,12,16,,6435,115055,12,3500,4,4.7
Паскуччи,55.7567164,37.6788059,Moscow,330,68000,1302.208095139415,85,6,30,,10798,90080,10,1950,14,4.0
Столовая,55.8538529,37.5176811,Moscow,483,71000,9497.12858088302,85,0,4,,11082,84313,39,1950,2,3.6
BLAK's,55.6343915,37.4319972,Moscow,413,79000,14766.208395702515,85,12,16,,11170,125377,27,2300,8,3.8
Блиняшка,55.7692939,37.5824357,Moscow,986,71000,862.4466191568658,85,8,116,,9556,65074,42,1800,7,4.3
Территория кофе,55.7694504,37.5827764,Moscow,1413,71000,842.9582573401187,85,9,120,,8217,105396,21,1950,11,3.7
Мадина,55.7381615,37.7168021,Moscow,951,68000,4234.53437132383,85,0,8,,7722,102235,43,2100,6,4.5
Виват Пицца,55.8668959,37.4940753,Moscow,1213,71000,11466.13487430301,85,1,10,,10537,98978,19,1700,2,3.5
White Fox,55.7436573,37.5781359,Moscow,1162,79000,823.0710877150232,85,2,65,,5128,75641,39,2000,13,4.1
Playground.ru,55.7687027,37.5834883,Moscow,230,71000,923.1725782401634,85,8,124,,8844,85636,36,1800,4,4.0
Скалка,55.8563441,37.4945582,Moscow,869,71000,10443.310405670383,85,2,9,,10268,73779,10,2100,7,4.0
Кафе,55.5508915,37.5569805,Moscow,610,62000,20647.131797087433,85,5,13,,10415,73762,38,1800,0,3.5
Камин,55.7734909,37.5838777,Moscow,889,71000,390.26907610155513,85,25,180,,12926,60793,24,2000,7,3.8
White Fox,55.7685179,37.5726997,Moscow,1011,71000,1178.5965129869771,85,3,71,,13486,97296,41,2000,6,4.7
Unknown,55.593188,37.6115632,Moscow,515,62000,15406.825480101772,85,0,10,,13904,114314,21,2000,2,4.1
РОС,55.7716642,37.6037854,Moscow,921,77000,753.8621120286654,85,15,152,,13913,99442,37,3500,11,3.6
"Буфет-бар ""Бутербург""",55.7904102,37.5533279,Moscow,1317,71000,2429.3213869635815,85,1,31,,9693,62146,12,2100,2,4.2
Виталита,55.6956174,37.557383,Moscow,1126,79000,5401.008767708065,85,5,15,,12012,113303,42,2000,8,4.4
Хинкальная,55.6956069,37.5570722,Moscow,1225,79000,5403.925455696528,85,5,16,,11536,91464,22,1950,10,4.3
Импреза,55.8764876,37.7014462,Moscow,1488,94000,11544.151229780982,85,0,9,,7515,107182,31,1700,9,4.2
Адажио,55.8272066,37.5223024,Moscow,1183,71000,6784.912420695916,85,0,6,,14575,120888,21,2000,3,4.4
У Эдуарда,55.6740454,37.5597192,Moscow,440,79000,7785.628454534926,85,2,34,,12097,79514,22,1900,3,3.7
Чайхана,55.6739477,37.5596009,Moscow,1447,79000,7796.800407384925,85,2,33,,11820,77989,43,2100,3,4.0
SEEDS,55.6343144,37.431243,Moscow,897,79000,14800.01666612858,85,12,16,,7605,67491,29,1950,1,4.1
Unknown,55.6843436,37.8898404,Moscow,437,68000,16616.032356755095,85,2,13,,9944,123344,29,2300,7,3.7
Coffee Like,55.7786449,37.6905339,Moscow,728,94000,2241.5681867122416,85,3,54,,7897,116922,15,2100,13,3.7
У камина,55.6279126,37.4372702,Moscow,676,79000,15189.804843723847,85,0,17,,11849,65721,34,2100,9,4.1
Хинкальная Кинто,55.6803811,37.5703632,Moscow,617,62000,7007.911720059304,85,4,36,,11703,115766,32,2400,9,3.7
Марани,55.6715729,37.5549271,Moscow,1373,79000,8078.212162165758,85,5,26,,6832,91318,31,1700,2,4.6
Верона,55.7343767,37.6616778,Moscow,1000,62000,1590.0164503362198,85,11,77,,9169,85070,22,3500,10,4.3
Тирольские пироги,55.7328635,37.6639478,Moscow,1192,62000,1699.879276078928,85,11,67,,9390,106050,15,3500,12,3.6
Тесто,55.8182762,37.5735996,Moscow,1262,71000,4635.5126798808615,85,3,14,,14719,93279,44,1900,13,4.4
Шоколадница,55.8184075,37.5738876,Moscow,1072,71000,4647.486169984408,85,3,12,,13355,105805,40,1800,3,4.1
Рич Бро,55.7393594,37.6136048,Moscow,886,62000,1734.7101692013473,85,12,101,,6671,101912,18,2400,3,3.7
Unknown,55.8179854,37.6301174,Moscow,1104,54000,4677.669778548215,85,0,21,,13810,106470,10,2100,6,4.5
"Алло, пицца",55.6645014,37.4688752,Moscow,755,79000,10696.49375274471,85,1,9,,13106,77272,26,2300,9,4.7
Хинкальная,55.7918174,37.8862423,Moscow,466,94000,14565.379511527504,85,1,9,,14311,107067,20,2100,7,4.5
Кафе-столовая «Пора обедать»,55.654689,37.5406816,Moscow,404,79000,10047.162656901563,85,4,19,,11446,87296,47,2100,9,4.4
Prime,55.8668422,37.4010356,Moscow,737,71000,15179.64061767676,85,3,13,,9784,106678,27,2100,11,4.3
Unknown,55.8799671,37.4815777,Moscow,1402,71000,13115.185264523365,85,2,7,,6524,117022,41,3500,5,4.3
Unknown,55.7540838,37.7498729,Moscow,493,68000,5757.823778496215,85,7,20,,5498,107624,47,1900,1,3.7
Unknown,55.7543917,37.7509244,Moscow,936,68000,5821.686198816828,85,9,19,,11378,115617,17,3500,13,3.9
Unknown,55.7545275,37.7500339,Moscow,1296,68000,5765.2859512855075,85,10,20,,14963,87801,14,1900,9,4.8
Unknown,55.7564605,37.7510802,Moscow,946,68000,5824.360425735063,85,9,19,,9369,105779,24,2400,14,4.2
Presnja,55.763645,37.5658882,Moscow,1076,71000,1867.7881289529528,85,21,77,,14595,86869,47,1900,1,4.5
Лесная Чайная высота,55.6716526,37.3756304,Moscow,405,79000,14334.054809958478,85,0,0,,8556,126208,24,1800,4,3.9
Resto7,55.6187057,37.7501963,Moscow,1112,62000,14362.78695041303,85,0,3,,9453,102909,22,2100,7,4.2
Штолле,55.8920643,37.4396289,Moscow,616,71000,15651.72440043989,85,1,19,,12958,96127,16,1800,4,3.9
Меркато,55.7973254,37.6746038,Moscow,413,94000,2669.3118856473343,85,0,18,,6570,107310,12,2400,10,3.6
Тирольские пироги,55.7727744,37.5909851,Moscow,306,71000,641.573493297789,85,16,213,,9632,84720,10,2100,9,3.8
Veranda,55.7266512,37.5961064,Moscow,1254,62000,2605.814304449432,85,3,40,,8907,98321,40,2100,5,4.0
Шоколадница,55.7290513,37.6115117,Moscow,520,62000,1610.5444451364606,85,10,85,,14363,96114,41,1800,6,3.7
Smart Food,55.7947048,37.7122263,Moscow,929,94000,4138.62734257334,85,7,32,,9595,124272,35,2100,8,4.2
Coffeeport,55.7950874,37.7129171,Moscow,1303,94000,4197.360582753372,85,7,32,,6943,105459,31,2000,8,4.7
Well's Home Cafe,55.7735986,37.4719175,Moscow,1272,79000,6689.524488008596,85,3,15,,9207,83523,29,2300,14,4.3
Stoleshnikov,55.6342169,37.4322082,Moscow,1204,79000,14774.793330318218,85,12,16,,8270,105663,10,2300,11,4.6
Папа Джонс,55.7768093,37.4588227,Moscow,1185,79000,7578.7773475354,85,0,14,,14200,102804,46,2000,7,3.5
Райский пирожок,55.7780597,37.6330588,Moscow,490,94000,1391.134287752936,85,16,72,,14154,113620,33,2300,5,4.7
Даблби,55.7290021,37.5585695,Moscow,261,79000,1715.590620658646,85,3,40,,8066,90138,20,2400,0,4.5
Paul,55.7354292,37.6425724,Moscow,607,62000,603.552561525472,85,16,124,,8061,115689,43,2400,2,3.6
Coffeeport,55.7865221,37.5947856,Moscow,418,54000,950.3123341854924,85,7,167,,7589,72203,38,1800,9,4.3
Gustatore,55.7935889,37.5605127,Moscow,486,71000,2357.78170852341,85,8,30,,7249,64978,42,1950,1,4.5
Выпечка из тандыра,55.6498254,37.4102294,Moscow,524,79000,14273.241876521111,85,1,10,,12233,127190,24,2100,14,4.5
Буфет Паштет,55.760781,37.6512565,Moscow,696,68000,595.6303257219846,85,26,171,,7102,129981,31,2400,14,4.4
Unknown,55.7037369,37.4152416,Moscow,854,79000,10392.147644678073,85,0,3,,10794,101590,22,1700,1,4.1
Корпоративное кафе,55.7453482,37.706233,Moscow,1123,68000,3284.700527772775,85,3,37,,11742,86959,30,2400,3,3.8
Де Марко,55.6868494,37.5731776,Moscow,800,62000,6331.48199837186,85,5,32,,8975,82621,40,1700,10,4.1
Unknown,55.7054701,37.7254994,Moscow,1383,62000,6227.55404072713,85,1,10,,12273,73009,30,1700,2,3.6
Ирина,55.7138858,37.597313,Moscow,996,62000,3130.2890836114016,85,1,39,,7665,125244,34,1950,6,3.6
Wooden Door,55.7618887,37.6322174,Moscow,1204,85000,767.5519344859209,85,33,210,,13816,119017,41,3500,6,4.6
Unknown,55.6527894,37.4758101,Moscow,1179,79000,11580.153772570717,85,1,4,,10025,68059,20,1900,13,4.6
Unknown,55.6114934,37.7304532,Moscow,939,62000,14523.31979261753,85,2,11,,12203,77325,27,2100,10,3.8
Гранат,55.5992843,37.7381136,Moscow,524,62000,15960.072521332426,85,1,14,,9102,108576,29,2300,6,3.9
Jazzve,55.6899187,37.6028876,Moscow,461,62000,5043.162186691289,85,6,12,,12852,79465,24,1800,13,4.0
Гончаровъ,55.6445987,37.6543986,Moscow,1250,62000,9669.083989578758,85,1,8,,7614,79373,27,1900,6,4.7
Cezve Coffee,55.630511,37.51701,Moscow,753,79000,12972.967474038875,85,3,9,,7898,85295,21,2400,11,3.6
RibsBurger,55.6303262,37.516866,Moscow,918,79000,12995.05145606361,85,3,9,,9835,79887,23,2300,14,3.7
Кофе Хауз,55.6560029,37.5422884,Moscow,442,79000,9887.782104329455,85,4,17,,11560,119429,26,1950,7,3.8
Му-му,55.6181687,37.5071374,Moscow,224,79000,14454.384112799376,85,6,8,,8157,125708,31,2400,8,4.4
Cafetera,55.8369921,37.4814654,Moscow,802,71000,9249.531732817122,85,0,19,,6669,89874,10,2100,12,4.0
Kitchen,55.8938657,37.3896121,Moscow,322,71000,17782.172670392603,85,2,6,,14123,116739,18,1950,8,4.2
Кофе Хаус,55.6411571,37.529928,Moscow,932,79000,11644.94132603054,85,4,19,,11914,79486,22,3500,11,3.9
столовая-пельменная,55.8852635,37.5059379,Moscow,268,71000,12987.991116944499,85,0,0,,12870,108087,44,3500,5,4.5
Марков Двор,55.6515529,37.5080945,Moscow,824,79000,10880.59317338291,85,8,20,,11839,116569,16,2300,7,4.5
Марков Двор,55.6551687,37.5220489,Moscow,1478,79000,10237.69468981458,85,1,20,,11714,97590,45,2300,11,4.0
Шоколадница,55.6712635,37.5546229,Moscow,277,79000,8114.0160949188685,85,6,25,,14099,75535,38,2000,13,4.2
Nespresso,55.6919525,37.5289196,Moscow,314,79000,6212.963174018555,85,5,24,,8360,103944,17,1900,6,4.0
Кушон,55.7227999,37.6909622,Moscow,930,62000,3499.8726990775604,85,4,13,,13771,123987,19,2300,2,4.5
Кофе Хауз,55.6166759,37.7154808,Moscow,1372,62000,13631.496055070305,85,1,12,,5541,97068,15,2100,13,4.6
Пион,55.7979259,37.66932,Moscow,914,94000,2597.2417195958737,85,0,9,,5606,76093,19,1800,12,4.2
СушиStore,55.8718334,37.6838983,Moscow,1049,94000,10807.986328241854,85,3,9,,13132,89394,40,1700,4,4.6
Impress,55.7804294,37.5701215,Moscow,1182,71000,947.9715549651604,85,4,52,,8021,78874,46,1900,13,3.5
Минутка,55.7198386,37.6481015,Moscow,358,62000,1422.5273124838604,85,2,40,,7601,93879,44,1700,4,3.7
Unknown,55.6873103,37.614913,Moscow,520,62000,5051.279808122238,85,1,20,,14338,108384,47,2400,11,3.9
Stars Coffee,55.7900238,37.5308512,Moscow,705,71000,3625.081619246156,85,8,25,,10623,117418,31,2400,11,4.6
Шоколадница,55.7902463,37.5339119,Moscow,793,71000,3460.9345253572856,85,8,26,,7216,84571,41,1900,7,4.8
Coffee,55.8423399,37.3728342,Moscow,853,71000,15062.813334694156,85,3,15,,5008,100308,14,1800,8,4.1
Пончики,55.6974913,37.7664476,Moscow,637,62000,8923.509083398752,85,2,18,,10172,94588,15,2300,11,4.5
"Чайхана ""В гости""",55.611477,37.7195129,Moscow,209,62000,14262.02436297596,85,2,12,,13741,108231,34,2300,8,4.0
Курочка с нами,55.6778473,37.4743038,Moscow,866,79000,9294.536178573511,85,2,6,,12035,121042,17,1800,11,4.3
Unknown,55.8941816,37.5028158,Moscow,541,71000,13981.417617268002,85,1,2,,7086,95336,19,2000,11,3.6
Самарканд,55.9088178,37.5587027,Moscow,1454,54000,14685.98275737786,85,0,0,,9314,86277,12,1950,11,4.3
Unknown,55.716511,37.8479467,Moscow,1224,68000,12714.860196072894,85,0,2,,13485,111777,29,1700,9,3.8
Кулинарная лавка братьев Караваевых,55.7788298,37.6000635,Moscow,1361,54000,122.56828667598455,85,32,207,,10522,115772,39,1700,11,3.5
Wild Bean Cafe,55.5252825,37.5778166,Moscow,1109,62000,23174.497437718805,85,0,1,,13030,64435,33,1700,13,4.3
Unknown,55.7695171,37.5228743,Moscow,322,79000,3872.7501995720736,85,1,12,,13755,124999,44,1950,6,4.4
Чайных Дел Мастерская,55.7609557,37.6355068,Moscow,595,85000,680.5639698901165,85,36,215,,9945,68151,46,1800,7,3.7
Чайна клуб,55.7085274,37.7971187,Moscow,364,68000,10242.844017447407,85,2,9,,14278,117356,22,1800,1,4.4
Моя столовая,55.7090606,37.803481,Moscow,248,68000,10553.521094890013,85,2,6,,14794,84394,14,1700,12,4.1
Stars Coffee,55.7339639,37.6671314,Moscow,778,62000,1915.072913490457,85,9,65,,6064,63948,46,1900,7,4.7
Black Milk,55.77048,37.6242631,Moscow,633,77000,1294.755825174274,85,30,136,,12205,129302,46,1950,8,4.6
Menza,55.8093317,37.464309,Moscow,902,71000,8301.004092185722,85,5,11,,7930,113715,24,2000,5,4.7
Уют,55.7783696,37.4940049,Moscow,1461,71000,5630.05036574652,85,0,7,,7753,76513,38,1900,9,4.0
Unknown,55.6188321,37.6541371,Moscow,1395,62000,12518.701371859928,85,0,1,,8725,84344,38,2100,14,3.8
Zoo Парк Экспресс,55.7627854,37.5808484,Moscow,866,72000,1579.258802220703,85,7,78,,10139,117343,24,2000,6,4.7
Шашлычок-24,55.7493841,37.6649603,Moscow,1388,68000,952.2895514351088,85,4,75,,6033,79440,12,1900,12,4.5
Paella Catalana,55.7521732,37.6696959,Moscow,387,68000,907.5662177689682,85,8,68,,9655,94315,18,1900,13,4.6
Cinnabon,55.7500835,37.5931694,Moscow,1258,89000,1622.4908522660296,85,19,122,,14405,115223,49,2100,7,4.5
Jeffrey's Coffee,55.7496882,37.5943864,Moscow,1051,89000,1578.050717461526,85,19,124,,10683,109410,16,1950,10,4.4
Зерно,55.6506295,37.5346756,Moscow,572,79000,10554.80014344561,85,1,20,,10077,96389,28,2300,11,3.5
Loft,55.8049005,37.5896439,Moscow,574,54000,2981.7890712874096,85,16,77,,6181,116550,13,2300,0,4.4
Свои люди,55.774711,37.68619,Moscow,1163,94000,1955.892959065854,85,3,89,,12379,60776,11,2400,4,3.7
Восточная сказка,55.7781125,37.6621212,Moscow,769,94000,503.49589318353856,85,6,83,,13659,88626,13,1700,7,4.6
Meat me,55.7217997,37.6106186,Moscow,1265,62000,1943.0910873091775,85,15,58,,10566,87977,24,1800,6,4.8
Натахтари,55.7696871,37.6324006,Moscow,953,94000,1578.175308525853,85,17,167,,5643,83366,38,1800,7,3.9
Unknown,55.7642921,37.5742852,Moscow,813,71000,1538.1640804418614,85,2,67,,13115,118049,28,2300,6,4.5
Мегрелия,55.7397994,37.6540601,Moscow,1181,62000,1448.470941077866,85,26,104,,5984,122136,43,2300,10,3.8
Даблби,55.7411126,37.6347992,Moscow,369,62000,1132.879090275229,85,10,115,,11762,96357,29,3500,6,3.9
Пан Запекан,55.7462474,37.6548767,Moscow,760,68000,1211.5045263873094,85,15,97,,13607,70008,39,2400,9,4.1
Wild Bean Cafe,55.654909,37.5363823,Moscow,1230,79000,10067.463296878272,85,1,17,,14695,82541,43,2100,5,3.9
Заравшон,55.8426548,37.4957091,Moscow,891,71000,9150.559679994709,85,5,22,,8982,61006,24,1900,14,4.3
Шейкер,55.878966,37.4209108,Moscow,404,71000,15241.538501585148,85,1,6,,7544,121894,29,3500,14,3.6
Prime,55.7425356,37.6521799,Moscow,450,62000,1596.3655141908084,85,18,99,,10994,86007,23,1800,11,4.4
Unknown,55.7679135,37.8473176,Moscow,661,68000,11905.914063415941,85,2,8,,13757,68088,20,2100,0,3.8
Unknown,55.7671111,37.6638902,Moscow,531,94000,1134.0758360093428,85,4,97,,13309,122509,11,1950,4,4.7
Red Spoon,55.8053091,37.5212068,Moscow,907,71000,5031.750296292007,85,12,69,,9895,103436,26,1900,14,3.8
Coffee Point,55.8057123,37.520241,Moscow,1260,71000,5106.885746922347,85,16,68,,14140,61561,27,2300,10,3.8
Белла чао!,55.8074816,37.511576,Moscow,475,71000,5655.610333271783,85,12,54,,12700,79510,40,1950,11,4.2
cinnabon,55.6034301,37.4915902,Moscow,1051,79000,16294.33759657402,85,6,8,,5795,76835,11,2100,2,3.7
Pizza2Dom,55.7885378,37.5207196,Moscow,374,71000,4159.6184051834525,85,2,24,,7073,70843,21,2400,10,4.5
Котики и люди,55.7766368,37.6302861,Moscow,1252,94000,1547.1994656606992,85,15,98,,13418,81994,36,1700,6,3.9
Амадеус,55.7708229,37.465631,Moscow,1167,79000,6895.811339979198,85,0,8,,6226,116515,34,2300,11,4.2
FOB's,55.7634647,37.6428938,Moscow,245,85000,1126.5434900508833,85,13,207,,8726,97883,38,2400,7,3.8
Пушкарёв,55.7689625,37.6274979,Moscow,617,77000,1415.117764293032,85,12,176,,6051,92716,46,2400,6,3.7
Французская пекарня,55.7926371,37.4941816,Moscow,295,71000,5878.9260416073685,85,7,15,,9970,124604,11,2300,2,4.8
Сэр Хинкаль,55.717678,37.6220411,Moscow,1248,62000,1752.6787522710756,85,2,82,,8465,85058,33,1800,5,3.9
Дядя Стёпа,55.8234413,37.3736302,Moscow,977,71000,14125.951750704888,85,6,31,,5313,83202,33,3500,4,4.7
Брусника,55.765527,37.5639481,Moscow,907,71000,1788.9915663381043,85,5,65,,9748,103609,40,2000,10,3.6
Венская сказка,55.7158647,37.5176841,Moscow,611,79000,4308.658337699932,85,0,5,,12621,71827,17,1950,4,4.3
Столовая,55.7717718,37.5181874,Moscow,760,71000,4156.898783538901,85,2,15,,9788,64652,41,3500,14,3.6
Столовая,55.7704647,37.5196916,Moscow,1025,79000,4086.13515116586,85,3,13,,5496,124404,38,1900,4,4.6
Эспрессиум,55.7717465,37.6368879,Moscow,354,94000,1227.5545313101447,85,10,132,,10751,121484,21,2400,2,3.6
Уют востока,55.6586821,37.5144977,Moscow,639,79000,10000.759809561565,85,1,21,,10758,89323,36,3500,8,4.0
Шоколадница,55.8326783,37.6191056,Moscow,972,54000,6063.719421034872,85,2,29,,12323,85854,15,3500,2,3.9
Кофе с собой,55.8070078,37.645716,Moscow,1108,94000,3496.4166604407073,85,4,20,,9874,85470,39,3500,4,4.5
Кофеловерс,55.7927806,37.7877009,Moscow,991,94000,8504.45821692312,85,5,21,,6747,101124,35,1950,5,3.6
Кофе с собой,55.7927399,37.7875483,Moscow,1194,94000,8494.160857590881,85,4,20,,6208,87171,47,1700,3,4.6
Хинкалъ Паласъ,55.6737568,37.5938463,Moscow,683,62000,6915.652315289856,85,0,4,,11493,120716,38,2000,7,4.7
Лесной уют,55.7745894,37.7539857,Moscow,447,94000,6192.598367160323,85,1,6,,7588,86996,29,1900,5,4.6
Парк Кафе,55.7849215,37.7512865,Moscow,666,94000,6102.180409132773,85,1,14,,8944,129957,23,1900,13,4.6
Монастырская трапезная,55.7906575,37.4058451,Moscow,407,79000,11226.359927223204,85,0,2,,8937,89814,25,2400,6,4.3
Шоколадница,55.7892043,37.7488264,Moscow,1420,94000,6047.780334031865,85,5,18,,7054,83661,14,2300,8,4.7
Мафия хаус,55.7228529,37.3964385,Moscow,517,79000,10812.033536263312,85,2,6,,12854,68400,18,1700,4,3.7
Выпечка,55.816968,37.6433844,Moscow,201,94000,4612.930222680324,85,1,13,,11022,115414,47,1800,7,4.2
Авиатор,55.8273254,37.4444398,Moscow,547,71000,10362.920912106416,85,6,13,,8872,95247,43,3500,6,3.9
Here'n'now,55.7535227,37.6056618,Moscow,418,89000,753.6370586424156,85,10,126,,6450,71274,39,2400,8,3.9
Домино'с пицца,55.8093741,37.4036234,Moscow,302,71000,11836.349941928254,85,5,12,,13077,129049,35,1700,3,4.2
Даблби,55.7729185,37.6521782,Moscow,1307,94000,385.4250124541615,85,20,91,,11653,117815,17,1950,9,4.1
Bee's Knees,55.7041918,37.6150607,Moscow,1377,62000,3282.4071805740186,85,6,64,,6963,64423,46,1950,11,4.7
КофеМаус,55.7225772,37.6322957,Moscow,1373,62000,981.8059011843671,85,4,78,,5423,65146,36,1700,1,4.3
Светское кафе,55.6640995,37.5985803,Moscow,671,62000,7818.892867374973,85,2,8,,10977,97143,26,1900,11,4.0
Leon,55.7169694,37.7853316,Moscow,1120,68000,9129.799150733688,85,4,16,,12035,88265,45,1900,11,4.1
Pims,55.7047589,37.6383043,Moscow,1225,62000,2919.0205240824284,85,4,31,,14329,121624,13,1800,14,4.5
Трапезная,55.8036923,37.5635586,Moscow,1217,71000,3231.4691383126383,85,1,22,,11441,123720,29,1700,6,4.2
Unknown,55.8074347,37.8009987,Moscow,1360,94000,9773.40174327583,85,0,25,,6305,108864,37,1800,3,4.1
Кивин,55.7937854,37.6178134,Moscow,1477,54000,1918.4518510537564,85,4,33,,14570,65055,48,1950,4,4.0
Roaster coffee,55.7719685,37.5981882,Moscow,676,54000,817.4021545509919,85,18,218,,10642,69366,15,1900,3,3.7
Панда пицца,55.5657438,37.472369,Moscow,913,79000,20655.453094720855,85,0,1,,8384,109462,29,2400,13,4.2
Urban kitchen,55.7169952,37.6234618,Moscow,258,62000,1773.085161692015,85,2,80,,13476,124974,21,1900,6,3.9
ЭгоманиЯ,55.7509249,37.8613205,Moscow,285,68000,12740.634838616168,85,17,54,,10263,88287,45,2000,14,4.4
Unknown,55.6866082,37.8927785,Moscow,277,68000,16656.88892121756,85,2,10,,6888,99860,30,2100,0,4.3
Шашлычная,55.7110461,37.8760361,Moscow,462,68000,14575.556217218484,85,2,6,,14140,96721,49,2100,9,4.2
Шоколадница,55.740855,37.4180621,Moscow,1481,79000,9203.957640963352,85,2,17,,14549,128009,39,3500,0,4.3
Unknown,55.7029279,37.8457469,Moscow,1143,68000,13203.814017984689,85,0,7,,14712,113467,38,2400,7,4.5
Unknown,55.6975788,37.8513296,Moscow,312,68000,13791.569403778944,85,2,7,,9418,62525,23,2000,7,4.0
Unknown,55.6950573,37.8496614,Moscow,1242,68000,13837.709427723426,85,1,6,,12387,71398,33,1900,7,4.2
Unknown,55.6705794,37.6104101,Moscow,266,62000,6921.973911708644,85,2,10,,11784,65397,47,1700,11,4.7
Cofix,55.7056536,37.7676174,Moscow,244,62000,8652.684455135392,85,2,19,,6734,97184,44,1800,2,4.3
Coffeeport,55.75373,37.6057467,Moscow,1234,89000,737.4466908539983,85,10,126,,10242,106845,13,1700,11,3.8
Брусника,55.753627,37.6057053,Moscow,1407,89000,745.3988483721141,85,10,125,,13056,68584,33,2400,8,3.6
Jeffreys coffeeshop,55.7624457,37.567558,Moscow,281,71000,1917.4948530585114,85,14,78,,10005,65725,39,2400,4,3.9
Шоколадница,55.8706504,37.6379907,Moscow,812,54000,10436.055392011178,85,2,7,,10630,127241,40,1800,0,4.8
Шоколадница,55.8566564,37.6534903,Moscow,394,94000,8969.078413319814,85,0,5,,10141,108701,16,2400,10,4.7
IL MIO,55.8131892,37.7993337,Moscow,1246,94000,9924.758036846217,85,5,19,,7358,70527,11,1900,9,4.7
Заяц и шляпа,55.792178,37.787787,Moscow,575,94000,8495.33255180373,85,5,19,,8756,115858,46,2100,0,4.6
Eco Pizza,55.8725632,37.4039005,Moscow,303,71000,15474.467895590713,85,3,12,,5014,64554,35,1800,12,4.4
Чайхона,55.6092819,37.7227419,Moscow,1296,62000,14563.33758777842,85,2,15,,13003,85462,46,3500,8,4.4
Правда Кофе,55.7403785,37.609686,Moscow,1443,89000,1889.9959376187448,85,13,87,,8364,77434,35,2000,9,3.8
Хазри,55.8891422,37.526059,Moscow,296,71000,12983.988557290626,85,2,4,,11949,79731,16,1700,11,4.7
ПроКофе,55.7332917,37.5517419,Moscow,932,79000,1451.4129627940667,85,1,19,,9641,97444,30,2100,6,4.5
Шоколад,55.6924199,37.727652,Moscow,291,62000,7116.9204635585165,85,1,6,,10574,122419,33,1700,12,4.2
Столовая,55.723282,37.6227477,Moscow,548,62000,1238.1325336698592,85,7,87,,7471,79822,36,2100,0,3.8
Аджария,55.7597469,37.6098742,Moscow,964,89000,490.09739954984303,85,18,165,,9050,88137,47,2300,0,3.9
Нам,55.7340394,37.5643185,Moscow,588,79000,1108.3894836576599,85,6,37,,11544,113482,49,1900,6,3.8
Кулинарная лавка братьев Караваевых,55.7278157,37.6306313,Moscow,683,62000,533.2813411923902,85,7,118,,12553,75951,15,2400,4,4.6
Unknown,55.5228893,37.6382267,Moscow,1201,62000,23140.98215960441,85,0,0,,7779,100222,25,2000,12,4.1
Кофеваров,55.6766758,37.4765807,Moscow,583,79000,9312.480600554953,85,2,6,,7733,117706,25,2400,6,4.2
Shooga,55.6606271,37.8774176,Moscow,871,62000,16977.35717744255,85,2,5,,12029,105590,42,2400,10,4.4
Шоколадница,55.6602994,37.8782407,Moscow,753,62000,17039.986623812165,85,2,6,,5556,113629,37,2300,5,3.8
Юлдуз,55.6830105,37.8967493,Moscow,1418,68000,17066.622281411856,85,4,12,,11609,92097,49,3500,10,3.8
Sushi Love,55.8713014,37.4018928,Moscow,233,71000,15470.562762631771,85,3,12,,11133,79856,14,1900,11,3.7
Булошная Колобок,55.6790935,37.5709293,Moscow,510,62000,7102.727286458741,85,8,32,,7483,80292,45,1950,2,4.3
Cinnabon,55.7052294,37.6404186,Moscow,281,62000,2873.5481474664357,85,4,41,,8286,67282,39,2400,8,4.1
Unknown,55.8396256,37.4426987,Moscow,291,71000,11245.153645368646,85,0,8,,10863,91136,24,2400,3,4.3
Даблби,55.7513258,37.596524,Moscow,256,89000,1372.3389459487114,85,25,124,,14308,72154,33,2000,8,3.8
Даблби,55.7470563,37.5388853,Moscow,662,79000,1669.4297795875216,85,37,72,,13985,86311,16,1950,12,4.6
Даблби,55.7497013,37.5378245,Moscow,657,79000,1815.1170441835432,85,35,69,,5904,66782,30,3500,5,4.0
Шоколадница,55.8247883,37.3893415,Moscow,736,71000,13275.877670924321,85,1,18,,14665,95352,37,2100,8,4.3
Даблби,55.7579589,37.6584436,Moscow,821,68000,110.17815722218536,85,13,129,,10095,67913,17,1700,14,4.0
Coffee moon,55.7835618,37.71906,Moscow,793,94000,4093.175434491788,85,12,42,,8001,68931,30,1900,9,3.9
Даблби,55.7832112,37.5604908,Moscow,1118,71000,1624.2480893571994,85,7,33,,5986,123632,28,1700,2,4.0
Даблби,55.7106326,37.4435129,Moscow,335,79000,8463.796296039549,85,2,8,,8488,93201,34,1900,4,4.3
Даблби,55.7903048,37.533601,Moscow,859,71000,3481.292911994975,85,8,26,,9418,73337,22,1700,1,3.8
Даблби,55.7779052,37.6330075,Moscow,1219,94000,1391.5827441382635,85,16,74,,14611,102006,33,2100,0,4.2
Даблби,55.7916749,37.7057815,Moscow,350,94000,3622.1338124984495,85,3,42,,10288,107836,35,1700,2,3.8
Даблби,55.8055076,37.521314,Moscow,1342,71000,5040.367965228264,85,12,68,,12842,70866,14,1900,7,4.6
Даблби,55.7704369,37.4239074,Moscow,962,79000,9304.658245543995,85,2,5,,5863,129127,11,2300,10,4.0
Брик Бистро,55.7418471,37.6526794,Moscow,1298,62000,1555.078386562463,85,23,102,,11456,72277,45,2300,10,3.8
Айва,55.7317326,37.6407361,Moscow,1091,62000,247.699155060696,85,17,107,,6663,87621,28,2300,11,4.2
Экспресс-кафе,55.7434194,37.5661685,Moscow,574,79000,97.5555997299939,85,18,37,,11107,123982,10,1800,4,3.9
Привет Буфет,55.743112,37.5645438,Moscow,733,79000,102.78689454617397,85,18,37,,10030,122379,18,2300,8,4.5
Кафетерии,55.7431434,37.5677302,Moscow,660,79000,195.63953761249644,85,17,42,,10095,115269,38,2000,0,4.4
Cofix,55.7299199,37.6392738,Moscow,1077,62000,186.26075641473338,85,17,118,,6373,108069,30,1900,11,4.6
Добродар,55.7428695,37.5670799,Moscow,1371,79000,180.96933333048523,85,17,43,,8448,93243,22,2100,10,4.4
Demi Coffee Shop,55.7944968,37.6128248,Moscow,950,54000,1851.3084425282766,85,10,35,,9009,87768,36,2300,0,4.7
Синнабон,55.7446059,37.5656738,Moscow,200,79000,79.48400297933615,85,18,37,,13288,107178,41,3500,1,4.2
CoffeeShopeCompany,55.7449048,37.5660457,Moscow,944,79000,120.0247825102838,85,18,38,,10220,112882,47,3500,12,3.6
Кулинарная лавка братьев Караваевых,55.7648797,37.6202815,Moscow,1315,77000,893.5091360940468,85,10,202,,12031,120332,43,1800,3,3.5
Хинкали Point,55.780842,37.5928404,Moscow,414,54000,608.2975743391673,85,57,215,,5094,96248,18,3500,7,4.4
Cofix,55.8406022,37.4919246,Moscow,466,71000,9116.972681250962,85,11,23,,7264,99651,21,2000,4,4.5
Мак кафе,55.741321,37.502261,Moscow,519,79000,3938.293530008044,85,9,46,,10819,69785,30,1900,14,3.6
Шоколадница,55.8380178,37.5769016,Moscow,260,54000,6747.280439276954,85,0,14,,5661,112818,33,1800,9,4.6
Столовая,55.7111004,37.4368962,Moscow,729,79000,8816.29713803235,85,0,6,,7169,89957,22,3500,4,3.7
Moychay.ru,55.8916253,37.4420645,Moscow,1358,71000,15524.543605429702,85,4,19,,10049,91996,19,2100,14,4.4
Coffee Bean,55.748159,37.539777,Moscow,257,79000,1644.9847498601741,85,42,73,,10467,85503,43,2300,1,4.5
PrimestarCoffee,55.7445244,37.567511,Moscow,837,79000,167.63261499348022,85,16,41,,8775,108494,35,2100,12,3.9
Рики Су,55.6774558,37.6346717,Moscow,1049,62000,5955.630245146367,85,0,11,,5338,103404,23,2100,9,4.1
Smoothie&Coffee,55.748197,37.53935,Moscow,557,79000,1671.8224286472553,85,44,73,,5802,80201,39,1950,6,4.4
Пиццерия,55.6679407,37.7769318,Moscow,1027,62000,11227.264190452588,85,1,6,,8275,114346,37,1800,1,4.4
Узбечка,55.865589,37.5455056,Moscow,756,71000,10139.892550522196,85,5,16,,14969,100797,27,3500,12,3.6
Дом хинкали,55.8378365,37.4152826,Moscow,1044,71000,12526.584491477106,85,0,5,,8147,102618,36,2400,14,4.6
Шпинат,55.8065811,37.5885133,Moscow,795,54000,3180.650365645561,85,28,66,,5855,116558,21,2400,13,4.1
Пирожковая Джем,55.7215676,37.8989721,Moscow,687,68000,15590.464342430028,85,1,2,,7075,108094,18,3500,10,3.6
Coffeeport,55.7469859,37.5391657,Moscow,835,79000,1650.660456933036,85,32,72,,5479,107063,17,2300,0,4.3
Prime,55.747037,37.5388218,Moscow,331,79000,1672.8869662079444,85,37,71,,12223,84590,44,1900,4,3.8
Сицилия,55.8191989,37.6443834,Moscow,320,94000,4849.1180329965055,85,1,12,,7957,73424,17,2400,14,4.7
Лиза,55.8512582,37.5343512,Moscow,307,71000,8820.56994367056,85,0,2,,12887,110353,19,1950,7,3.8
Сокольническая застава,55.7907799,37.6829,Moscow,1184,94000,2396.719789490395,85,7,19,,8037,76176,32,2000,12,3.8
Жаворонок,55.6581209,37.7483941,Moscow,579,62000,10696.099284395612,85,4,17,,12298,72417,40,3500,9,3.9
Чайхана София,55.6143475,37.7566263,Moscow,978,62000,14983.943908625683,85,0,1,,6483,84201,30,1700,7,4.3
Вкуснота,55.8608651,37.4825671,Moscow,1320,71000,11274.50585527916,85,3,21,,7763,95449,48,1800,13,4.7
Брусника,55.7474035,37.5978887,Moscow,842,89000,1556.6533529449073,85,8,107,,12576,89640,32,2300,6,4.5
Kitchen,55.6725831,37.515236,Moscow,1353,79000,8531.24291140635,85,2,17,,9122,110244,33,2100,8,4.8
Unknown,55.8220596,37.5902635,Moscow,603,54000,4843.872228939163,85,0,6,,14736,87194,36,2300,13,4.2
Corneli Pizza,55.819521,37.3630655,Moscow,739,71000,14596.198456547081,85,3,24,,6485,124001,23,1800,13,4.1
Столовая,55.6256024,37.6185237,Moscow,666,62000,11776.787657599403,85,0,9,,10331,119598,35,1800,7,3.8
Старая Арба,55.8609134,37.4481313,Moscow,669,71000,12613.679809315783,85,2,12,,13153,78760,24,1800,1,3.6
Старинные обычаи,55.6405825,37.6583084,Moscow,1175,62000,10142.304437658924,85,1,9,,12811,72929,19,1700,10,4.6
Line coffeshop,55.8577749,37.6409201,Moscow,612,54000,9090.555331531834,85,0,4,,9527,97785,33,1900,11,4.0
Unknown,55.5786078,37.6071206,Moscow,975,62000,17048.59727426658,85,0,8,,13022,120787,16,1700,0,4.1
Coffee Life,55.7154001,37.6967586,Moscow,1451,62000,4124.795007090432,85,0,13,,7893,114761,39,1900,12,3.6
Советские времена,55.7858901,37.6590796,Moscow,1239,94000,1128.9292913820025,85,8,30,,9376,85457,43,2100,4,4.0
Prime,55.7607757,37.6625818,Moscow,851,68000,508.37325981264667,85,14,104,,7436,91486,12,2000,10,4.4
Кулинарная лавка братьев Караваевых,55.7610083,37.6626469,Moscow,1060,68000,532.1475584007527,85,13,107,,11248,97245,31,1700,9,4.2
Лампа,55.7407939,37.4278735,Moscow,1314,79000,8590.592164654989,85,2,10,,9723,122707,21,2400,7,3.5
Unknown,55.7880221,37.6621008,Moscow,763,94000,1408.6058961789918,85,3,22,,6438,91499,10,3500,10,4.0
Unknown,55.7870238,37.6740338,Moscow,937,94000,1708.5437496220438,85,0,31,,12399,104841,49,1700,8,4.0
Грабли,55.7601389,37.6258707,Moscow,1140,89000,709.3875184765835,85,27,195,,7247,111234,11,3500,2,3.9
Хинкальная,55.748045,37.5993562,Moscow,557,89000,1440.9307272000353,85,8,107,,5102,99482,26,2400,5,4.5
Самарканд,55.8422643,37.4851826,Moscow,896,71000,9528.43406350319,85,1,19,,12360,98643,28,1900,12,4.0
Unknown,55.6739583,37.778342,Moscow,878,62000,10893.159792750648,85,0,8,,5438,113308,33,1800,0,4.0
Foodland,55.7568506,37.611985,Moscow,440,89000,251.7669960787307,85,15,141,,10652,67421,36,3500,0,4.0
Манави,55.7949414,37.7094187,Moscow,814,94000,4001.6135645977606,85,8,33,,14736,104798,40,3500,13,4.0
Surf Coffee,55.7641925,37.6202111,Moscow,940,89000,842.0476685650123,85,12,196,,6307,126074,42,1800,7,4.2
Кулинарная лавка братьев Караваевых,55.7378025,37.6350218,Moscow,672,62000,766.475309165712,85,7,139,,7867,126611,43,2300,14,3.6
Вкусняшка,55.7844882,37.4630188,Moscow,953,71000,7610.846415317577,85,0,10,,7204,96484,34,2300,3,4.7
Пиццерия,55.8683841,37.4044094,Moscow,344,71000,15136.006009761006,85,2,11,,11483,67601,42,2000,4,3.6
Белоусов,55.8685386,37.4046984,Moscow,887,71000,15134.16402684034,85,2,11,,6446,113433,37,2000,4,4.3
Циники,55.771081,37.5958169,Moscow,475,77000,928.9514618974009,85,17,180,,7822,86269,22,1900,13,4.3
La Гранат,55.6681757,37.7393363,Moscow,1313,62000,9482.712854248142,85,1,14,,6927,79023,37,1900,0,4.1
Unknown,55.6658708,37.7413533,Moscow,1302,62000,9757.447369708985,85,1,18,,7693,126469,15,2400,9,4.7
Kitchen,55.7512085,37.8691256,Moscow,777,68000,13226.753580049339,85,7,59,,6254,60002,32,3500,13,4.7
М Кафе,55.7496648,37.5405038,Moscow,1406,79000,1657.4784094339125,85,25,70,,10728,94887,23,2300,9,3.5
Городское кафе,55.7343246,37.5675663,Moscow,724,79000,1087.7831046083445,85,8,41,,9856,70300,47,2300,4,3.9
Unknown,55.6898869,37.5793084,Moscow,661,62000,5827.578197608932,85,3,20,,10151,91354,24,3500,4,4.4
Unknown,55.7076903,37.7999372,Moscow,792,68000,10441.970005617428,85,2,5,,6301,74336,30,1900,12,3.7
Burger Heroes,55.7573563,37.6340358,Moscow,1488,85000,269.90553821740707,85,19,202,,11501,119044,26,3500,4,4.8
Burger Heroes,55.7660744,37.6079057,Moscow,377,77000,168.77307679008638,85,20,162,,8091,105392,26,2000,4,4.5
Cup n Cup,55.7813834,37.5721275,Moscow,1199,71000,888.1349607005106,85,4,63,,12591,67434,37,1950,8,4.3
Black Milk,55.7566559,37.6393252,Moscow,1354,85000,436.5130613362136,85,33,189,,12895,86180,49,2000,14,3.7
Кафе,55.6758644,37.4739293,Moscow,278,79000,9484.173894353702,85,4,5,,9114,107244,10,2400,6,4.6
Штолле,55.7376505,37.6631344,Moscow,789,62000,1795.5313227616664,85,16,92,,13399,98145,28,1950,3,3.5
Ланч,55.694433,37.6624023,Moscow,553,62000,4366.333615594769,85,6,20,,10194,85657,21,1900,5,3.6
Апельсин,55.6950373,37.6630338,Moscow,696,62000,4318.606138693267,85,6,20,,11253,64856,19,3500,9,4.3
Unknown,55.5121399,37.7576388,Moscow,244,62000,25487.65314023408,85,0,2,,10969,103764,45,1800,11,4.7
Столовая Гурманика,55.6989805,37.6952198,Moscow,873,62000,5096.576643542761,85,0,13,,7700,104533,17,2000,7,4.6
Festa & Тесто,55.7853135,37.7103431,Moscow,536,94000,3612.3385886104147,85,6,60,,14642,75847,30,2400,0,4.7
Dunkin' Donuts,55.744031,37.5658418,Moscow,754,79000,52.80144825443543,85,18,37,,10304,72785,41,1700,14,4.8
Кофе Хауз,55.7452108,37.5657523,Moscow,558,79000,142.63115935827932,85,19,37,,8863,126227,15,1800,4,4.3
Пицца Като,55.8937847,37.4761917,Moscow,635,71000,14627.103797449488,85,0,3,,5412,121436,26,1950,0,4.6
Правда Кофе,55.7805386,37.6007426,Moscow,868,54000,188.28830776985717,85,47,181,,5477,123118,24,2300,9,4.2
ЛандринЪ,55.780415,37.6011812,Moscow,548,54000,165.46242308639472,85,45,182,,10913,67747,27,2000,6,4.1
Cofix,55.7810918,37.6016228,Moscow,1059,54000,233.7904704126377,85,47,178,,9287,96300,35,3500,11,3.7
Кофемлет,55.7818481,37.6008568,Moscow,1039,54000,324.6623344548179,85,43,177,,13197,88362,30,2300,2,4.4
Хинкальная,55.6898976,37.5983157,Moscow,582,62000,5173.105496623222,85,6,10,,10450,76587,34,2400,7,4.1
EVOO,55.7238788,37.6368684,Moscow,219,62000,791.8841881579059,85,6,102,,12378,123940,19,3500,12,4.2
Чайхана,55.762287,37.5642392,Moscow,871,79000,2033.978860334119,85,12,78,,6342,90243,15,2400,14,4.5
Coffee Hub,55.7603537,37.5803433,Moscow,348,72000,1655.5381662308093,85,6,68,,11351,64493,40,2100,8,3.8
Prime,55.7820451,37.5983089,Moscow,1189,54000,409.785298583688,85,44,179,,11526,92763,46,2000,12,4.3
Prime,55.7585876,37.65722,Moscow,774,68000,183.15485735121536,85,12,135,,6692,81943,47,1950,9,4.5
Kitchen,55.656423,37.4720657,Moscow,463,79000,11346.4645178398,85,0,6,,10177,71255,15,2100,13,3.9
Столовая №1,55.8019057,37.637041,Moscow,1243,94000,3091.661172480845,85,2,18,,7976,89610,12,2000,1,4.2
Кофе Хауз,55.760513,37.6623003,Moscow,651,68000,474.3223281587178,85,14,103,,9522,106026,22,2300,7,4.2
Дайте Два,55.7712202,37.5905457,Moscow,1331,71000,761.9962011065435,85,14,173,,7846,74269,33,2000,6,3.8
Шоколадница,55.7765988,37.4719786,Moscow,421,79000,6856.373370035728,85,0,16,,8192,117922,33,2000,4,3.6
Галант,55.7494556,37.7743447,Moscow,513,68000,7328.54321171584,85,7,15,,5108,111097,22,2000,12,3.6
Шоколадница,55.609748,37.7200656,Moscow,1442,62000,14453.845666210998,85,3,13,,14348,64154,16,3500,0,4.4
Шоколадница,55.7178269,37.7852269,Moscow,740,68000,9077.865407382847,85,4,17,,6811,64222,11,1700,1,4.7
Шоколадница,55.5831172,37.5953667,Moscow,926,62000,16649.92066991753,85,1,7,,5338,86450,37,1950,6,3.6
Шоколадница,55.7251054,37.5801893,Moscow,1407,79000,2306.1692849509627,85,10,45,,11225,69758,14,1900,12,4.5
Unknown,55.8850338,37.4235977,Moscow,1269,71000,15641.400380881876,85,2,9,,10321,118091,44,2000,4,4.7
Магнолия,55.7263647,37.4508074,Moscow,833,79000,7413.072106887512,85,3,4,,10740,99529,17,3500,4,3.6
Unknown,55.7770738,37.5817992,Moscow,1053,71000,137.87733688045276,85,21,151,,10290,87919,33,2000,7,4.8
Рэдимэйд,55.6741483,37.5657404,Moscow,1207,62000,7739.404988054782,85,2,31,,10122,110407,37,2100,2,4.3
Hookeh Самса,55.7301752,37.6439407,Moscow,1209,62000,444.14476705522685,85,21,91,,10444,86676,35,3500,5,4.2
Лето близко,55.7861233,37.7231281,Moscow,578,94000,4406.340864828027,85,3,35,,8581,114493,25,1950,3,3.9
Ароматный кофе,55.7310464,37.577425,Moscow,761,79000,1636.97287641843,85,4,66,,8671,99581,42,2000,2,3.5
Кафе ИКЕА,55.6537393,37.8471702,Moscow,935,62000,15726.061911739425,85,5,9,,6382,88292,37,2000,6,3.9
Unknown,55.6371943,37.6558962,Moscow,1170,62000,10497.762218748405,85,2,8,,9047,123965,25,1900,5,3.7
Апельсин,55.7835848,37.7210908,Moscow,673,94000,4218.0497468466,85,14,38,,10747,106632,17,1700,0,4.0
Кулинарная лавка братьев Караваевых,55.7485762,37.5420473,Moscow,517,79000,1524.0006510168541,85,22,71,,6108,86728,14,2100,12,3.7
Loza,55.739781,37.4692489,Moscow,1277,79000,6011.782080056198,85,0,7,,12508,69364,17,1900,1,4.4
Чебуреки,55.793106,37.4947916,Moscow,350,71000,5858.199421036907,85,8,18,,14999,128327,35,1700,3,4.4
Healthy food,55.7281251,37.4495307,Moscow,476,79000,7441.175159920383,85,3,4,,11172,68816,29,2000,4,4.3
Unknown,55.8998793,37.5182424,Moscow,1320,71000,14267.117703434262,85,0,1,,11782,84912,21,1800,12,4.1
Автомаркет,55.7834066,37.6044272,Moscow,888,54000,512.9594992602516,85,11,167,,12641,67204,10,2100,14,4.0
Легенда,55.8666164,37.4945853,Moscow,350,71000,11423.450727766192,85,1,10,,10829,120021,35,2300,10,4.5
Шоколадница,55.7306231,37.6456274,Moscow,1366,62000,541.8006276092427,85,16,94,,11846,86594,31,2300,3,4.5
Сметана,55.8792252,37.7142793,Moscow,830,94000,12060.463195365643,85,3,6,,8082,91622,29,1950,12,4.3
Гренки,55.6915522,37.7741757,Moscow,292,62000,9647.907187199598,85,1,6,,5860,108503,33,2100,8,4.8
Unknown,55.6258061,37.7994897,Moscow,1386,62000,15511.413639769607,85,1,2,,14927,125776,46,2400,8,4.0
Costa Coffee,55.6530719,37.6458925,Moscow,421,62000,8683.11396375037,85,2,9,,14648,78347,17,2300,5,3.6
Вкус Хлеба,55.7886613,37.5189249,Moscow,769,71000,4270.650988836482,85,2,25,,8636,112472,28,2100,3,4.2
Камелия,55.89116,37.44699,Moscow,1160,71000,15308.117448008148,85,5,19,,6730,109764,43,3500,7,3.8
Кафе Дель Парко,55.7503752,37.5939244,Moscow,791,89000,1565.5240273308186,85,19,124,,5241,86334,10,1800,6,4.6
Джаганнат,55.7802502,37.6327233,Moscow,277,94000,1471.0752990092715,85,13,53,,13350,103558,28,1800,8,4.2
Unknown,55.7783882,37.8552245,Moscow,485,94000,12524.335206798583,85,0,12,,11830,124132,35,2000,9,4.7
Хлебный дворик,55.8248464,37.6345719,Moscow,1268,54000,5489.298950703795,85,2,17,,6324,84510,24,2400,11,4.7
9 bar coffee,55.8419549,37.4855829,Moscow,398,71000,9486.038978371513,85,2,20,,6793,70080,30,2100,5,4.4
Coffee Crew,55.6989904,37.4991281,Moscow,739,79000,6485.898092104932,85,5,19,,14328,115918,33,3500,1,4.5
Магнолия,55.7582001,37.6392997,Moscow,1189,85000,531.0296773317368,85,29,201,,10157,69356,26,2100,1,4.2
Surf Coffee,55.7586704,37.6129187,Moscow,710,89000,267.7091849567919,85,21,154,,8710,92928,47,1900,4,4.0
Гермес,55.7141784,37.8211154,Moscow,1002,68000,11267.258781656463,85,0,4,,8262,113242,31,2000,2,4.6
Unknown,55.8364639,37.5040493,Moscow,880,71000,8287.391254941498,85,0,17,,12757,71037,23,2300,7,3.9
Newtone,55.7547996,37.5977146,Moscow,1184,72000,1146.8776870491113,85,16,117,,9011,83977,19,1700,8,3.9
Компот,55.7537981,37.6626107,Moscow,1048,68000,458.2517356047296,85,8,89,,14914,95171,41,1950,6,4.2
Волконский,55.7342975,37.5649082,Moscow,723,79000,1078.8840799802533,85,6,40,,9296,98185,32,2400,0,4.4
Православное кафе,55.7605668,37.7451952,Moscow,1199,68000,5469.935882332545,85,0,19,,13440,113522,29,2300,0,4.3
В кругу,55.7598604,37.8959458,Moscow,946,68000,14891.070453985836,85,1,6,,10060,70317,35,1800,4,4.0
Here'n'Now,55.7538185,37.6617363,Moscow,407,68000,424.03799650545926,85,8,91,,7042,116983,42,2100,14,4.8
Ланч-кафе Рябинка,55.7069863,37.4028034,Moscow,1334,79000,10959.013910957656,85,0,5,,14761,75539,16,2100,1,3.6
The Buffet,55.8030285,37.390648,Moscow,1419,71000,12429.415757782666,85,0,6,,12332,60380,41,1950,11,3.9
Уютбуфет,55.700277,37.5726495,Moscow,968,79000,4885.320654316979,85,0,14,,13271,115880,26,2000,2,3.7
Unknown,55.7696022,37.6672871,Moscow,1087,94000,1047.2207109004303,85,6,115,,13977,74450,27,1800,9,4.4
Mr. Корж,55.7907134,37.4896731,Moscow,836,71000,6091.882914881432,85,0,16,,12412,99878,22,2400,0,4.1
Пицца-фабрика,55.8444171,37.501042,Moscow,804,71000,9114.023646714837,85,1,18,,14533,121080,28,1900,4,3.6
Грамотный Кофе,55.7601305,37.6467933,Moscow,512,68000,782.8245863030445,85,33,220,,11664,97593,23,3500,3,3.5
Caffein Lab,55.7818292,37.6967669,Moscow,674,94000,2691.104835382897,85,12,45,,8207,70031,32,1700,12,4.5
Unknown,55.7323298,37.5647208,Moscow,1418,79000,1297.7847303720378,85,7,40,,13237,80052,42,2000,0,3.7
Акварель,55.8845704,37.604345,Moscow,981,54000,11739.806308465557,85,3,11,,13689,108668,33,2100,6,4.6
Кофе остров,55.7427457,37.625189,Moscow,1281,85000,1447.6469586748608,85,31,114,,5958,60069,36,2000,3,3.6
Thai Kitchen,55.7811702,37.5866105,Moscow,646,71000,491.6011249884699,85,5,205,,14161,96901,19,2300,1,3.6
Campus,55.73775,37.6035981,Moscow,754,62000,2221.7813598453527,85,2,81,,11606,72069,33,1950,9,4.6
Floo,55.8064998,37.5843029,Moscow,283,54000,3251.807241413349,85,32,69,,13566,101682,42,2100,9,3.7
Unknown,55.7816677,37.4333127,Moscow,857,79000,9242.005944756016,85,0,0,,11749,111320,38,1800,5,3.9
Пловно-сытно,55.7199357,37.6260983,Moscow,309,62000,1407.0039458669837,85,6,64,,14729,64014,42,2400,1,3.8
Tobacco & Coffee,55.8208429,37.3744247,Moscow,1293,71000,13976.768145710315,85,8,33,,9559,114038,15,2100,11,4.8
Всегда,55.8181795,37.3745148,Moscow,1268,71000,13871.351698137949,85,3,35,,11989,89196,49,1950,1,3.6
Тирольские пироги,55.7482455,37.5924018,Moscow,602,89000,1768.6893671418352,85,11,105,,13559,79065,31,2300,3,4.7
Вишнёвая метель,55.9031347,37.5713873,Moscow,1375,54000,13934.847575749402,85,0,5,,10643,126812,34,1700,14,4.3
Мэри,55.6468854,37.6556972,Moscow,436,62000,9426.250087535032,85,1,11,,7301,72897,49,2400,11,4.5
Море море,55.8250934,37.3768201,Moscow,1130,71000,14009.407424780933,85,4,27,,14648,106986,47,1700,12,4.2
Unknown,55.7932794,37.8121875,Moscow,734,94000,10014.270994377657,85,1,19,,13553,71980,19,3500,7,4.6
Перец Мята,55.6725552,37.542131,Moscow,1379,79000,8072.4536597473325,85,5,23,,10242,92299,44,2000,13,4.7
Kafema,55.772118,37.5974075,Moscow,1085,54000,817.3678105469332,85,18,235,,11954,90162,45,1950,11,4.1
Сыто Piano,55.7634911,37.6066773,Moscow,1036,72000,70.69242680045149,85,16,154,,5090,73159,44,1800,10,4.2
Кристалл,55.5792147,37.9004646,Moscow,1205,62000,23622.68132302252,85,0,0,,7152,114935,44,2400,0,4.1
Eurest,55.9081465,37.4142756,Moscow,1277,71000,18026.09838622016,85,1,5,,11090,61572,41,2100,11,4.1
М25,55.8949363,37.4298808,Moscow,394,71000,16266.214039436452,85,0,9,,11276,98982,19,2400,2,4.1
КофеМаг,55.7111459,37.6156801,Moscow,622,62000,2580.0422244411075,85,4,66,,10971,64734,43,2000,13,4.7
Орлиное гнездо,55.6249373,37.7083318,Moscow,725,62000,12613.122307763097,85,1,7,,14943,96324,22,1900,11,4.5
Pho,55.7614817,37.5622169,Moscow,268,79000,1951.6623558250233,85,5,79,,12095,107761,47,1950,8,3.8
Holy Basil Café,55.7745357,37.5889036,Moscow,1162,71000,411.25660522029284,85,22,210,,10426,64194,17,3500,4,4.4
Свадебное кафе,55.7319783,37.502298,Moscow,365,79000,4146.543902784679,85,0,15,,6854,103304,27,1700,5,4.0
Кафе гриль,55.6169229,37.508562,Moscow,1148,79000,14566.582110647218,85,6,7,,11166,94230,36,2300,0,4.7
Ла Специя,55.7255585,37.579045,Moscow,1096,79000,2231.1707590343467,85,10,46,,7841,67153,17,2100,7,4.0
Financier,55.7744301,37.6736514,Moscow,1461,94000,1179.4593882246425,85,22,102,,11293,79017,32,1800,6,3.5
Prime,55.7742234,37.6740999,Moscow,460,94000,1210.7473447448733,85,21,102,,14296,84874,49,1900,5,3.7
Рожица,55.8831985,37.5389783,Moscow,579,71000,12138.86103895794,85,1,14,,12774,70430,32,2000,8,3.6
Чайхона,55.6913244,37.4865551,Moscow,582,79000,7645.085475970038,85,0,6,,7646,68612,35,2300,7,4.0
Wooji,55.679732,37.565502,Moscow,633,79000,7146.344733375953,85,10,29,,10605,104790,24,2300,8,3.6
Wild Bean Cafe,55.6432215,37.4713712,Moscow,426,79000,12649.402800421203,85,0,2,,7405,124696,35,1900,8,4.7
Сочи,55.7825517,37.7117295,Moscow,489,94000,3621.558126639287,85,7,55,,12756,107827,32,1900,14,4.8
Панчетта,55.8706641,37.640131,Moscow,339,54000,10467.149808047789,85,2,8,,12489,75930,49,2000,2,3.7
Unknown,55.8984735,37.5418944,Moscow,561,71000,13760.723445321035,85,3,5,,12924,111306,35,2400,11,3.9
Unknown,55.7514277,37.8905941,Moscow,1004,68000,14567.587535268605,85,5,16,,11018,80939,23,2400,9,3.8
Kebab house,55.7500462,37.5930403,Moscow,665,89000,1631.5707154592799,85,19,121,,10646,73022,29,2000,14,3.6
Шашлычок,55.7471328,37.6796102,Moscow,1101,68000,1741.4281472142004,85,13,38,,14104,77909,44,2000,7,3.7
Unknown,55.6887409,37.7954785,Moscow,354,62000,10983.838663179522,85,0,1,,8966,88951,24,3500,9,3.9
Анталия,55.6509516,37.7510069,Moscow,1078,62000,11414.242789270322,85,0,19,,12205,84571,38,1800,12,4.7
Дельфин,55.8337631,37.6208725,Moscow,206,54000,6202.532456882248,85,3,30,,7637,90915,36,1950,12,4.0
Миксер,55.8068436,37.5886272,Moscow,259,54000,3206.9401444908644,85,24,66,,5257,127430,42,2300,4,4.4
Вертикалье,55.7693311,37.604131,Moscow,403,77000,495.5840772809298,85,13,149,,12207,110674,21,1900,1,4.7
Мираж,55.6934357,37.7459183,Moscow,435,62000,7999.866702441087,85,3,9,,14533,96855,45,3500,5,4.2
Маэстро ресто,55.6694865,37.5513018,Moscow,301,79000,8329.849776195157,85,5,21,,5975,67348,46,3500,7,4.1
Costa Coffee,55.6336166,37.6230826,Moscow,1260,62000,10863.631636599112,85,0,5,,9399,114264,33,2100,13,4.2
Шанс,55.7627876,37.8634308,Moscow,485,68000,12868.911818694149,85,1,16,,14611,74165,45,2100,12,4.0
Bodrero,55.7676513,37.6314957,Moscow,312,85000,1409.9049880744992,85,16,181,,12610,86949,16,1900,9,4.4
Антикафе mojo,55.5613346,37.6846234,Moscow,233,62000,19101.124803101706,85,1,2,,8933,69195,42,1900,2,4.3
Лоза,55.7842668,37.6148534,Moscow,1294,54000,994.4610915837115,85,3,57,,7933,79060,26,3500,13,4.3
Ред36,55.7800116,37.6054762,Moscow,651,54000,244.75856812215622,85,13,186,,7375,118317,14,2300,13,4.3
Папа Джонс,55.7016095,37.5118019,Moscow,1462,79000,5772.095253105829,85,3,23,,14021,111987,41,1900,9,4.6
Чистая линия,55.7579939,37.6124806,Moscow,1349,89000,246.38254425452834,85,23,150,,9036,119657,48,1700,5,3.8
Эль Кафе,55.7594611,37.6658372,Moscow,1498,68000,561.5518991079747,85,11,93,,9039,77957,39,1950,5,3.7
Кулинарная лавка братьев Караваевых,55.7432142,37.5903659,Moscow,263,79000,1590.0873839726528,85,3,96,,14949,95285,38,1950,12,3.9
Хлебная Лавка,55.7656625,37.5770161,Moscow,1031,71000,1334.2066972043178,85,4,78,,6417,111138,27,1900,8,4.0
Кафе здоровой еды,55.7751022,37.6081681,Moscow,215,54000,580.2096581229978,85,13,156,,7777,90109,18,2000,4,4.2
Кулинарная лавка братьев Караваевых,55.7769732,37.6071691,Moscow,477,54000,394.0631571838499,85,11,188,,10073,101512,46,1900,2,4.2
SiO,55.7403997,37.5275347,Moscow,1115,79000,2379.0123179730435,85,13,39,,11420,77816,48,3500,6,4.6
В окошках,55.7954736,37.7878893,Moscow,1299,94000,8586.257345258513,85,2,23,,9304,77501,32,1800,2,4.6
Carte Blanche,55.781147,37.5715267,Moscow,931,71000,906.1196499192957,85,4,59,,10107,94115,48,3500,0,4.8
Unknown,55.6331926,37.6581067,Moscow,499,62000,10955.8822834382,85,2,11,,14686,111744,44,3500,0,4.6
Кофе Хауз,55.8033169,37.6181139,Moscow,338,54000,2885.46990824438,85,0,13,,12606,69792,26,3500,13,4.2
Unknown,55.7527077,37.6285095,Moscow,779,85000,379.376801734489,85,2,121,,10838,121367,16,2300,11,4.2
Ваш Город,55.657155,37.6087262,Moscow,983,62000,8400.20225286604,85,2,11,,14385,112760,10,1700,5,3.7
Клуб чайной культуры,55.7715885,37.60611,Moscow,1316,77000,732.6400853562351,85,13,165,,12000,118593,27,2400,8,4.4
Печкин,55.7103768,37.7693707,Moscow,784,62000,8601.44300821276,85,1,9,,11036,121665,31,1950,13,3.6
царь кофе,55.6146135,37.6917461,Moscow,1266,62000,13389.141155431815,85,0,5,,9576,89024,22,2100,10,4.2
Coffee Point,55.7457464,37.6637421,Moscow,1471,68000,1301.9142830513558,85,3,100,,10777,95572,34,2400,10,3.5
Столовая,55.6412875,37.4039988,Moscow,632,79000,15240.023674983126,85,0,12,,5521,110181,29,2100,3,3.8
Фито кафе,55.8032144,37.5330183,Moscow,569,71000,4319.141179559636,85,7,57,,13037,119189,35,2100,10,4.1
Минимаркет Лукойл,55.6995128,37.4997121,Moscow,1040,79000,6417.80002529279,85,5,21,,14931,81190,20,2400,4,3.9
Domino's Pizza,55.7024142,37.5047967,Moscow,611,79000,5966.303489638195,85,5,25,,13576,116725,23,1800,3,4.5
Пеликан,55.8985283,37.5380315,Moscow,1083,71000,13814.796166961012,85,2,4,,14080,92971,20,2300,2,4.6
Вкус внутри,55.7819619,37.6968075,Moscow,908,94000,2697.1535398425012,85,12,45,,10161,92566,21,2300,5,3.6
Chef's,55.7507497,37.6529972,Moscow,464,68000,762.2514118003858,85,4,100,,8682,77145,29,1700,5,3.7
Столовая,55.7385624,37.7637956,Moscow,1053,68000,6931.316972137704,85,0,6,,9407,106869,22,2000,9,4.0
Якитория Бенто,55.6229131,37.6058176,Moscow,352,62000,12176.692328423316,85,4,8,,13478,128410,15,1800,2,3.5
"Таверна ""У околицы""",55.8369776,37.6285715,Moscow,746,54000,6657.202794767071,85,6,30,,9035,79435,21,2400,8,4.7
Галилео,55.6527802,37.5041699,Moscow,1125,79000,10835.784626373797,85,9,14,,13303,105466,23,2300,4,4.8
Правда Кофе,55.757151,37.7508324,Moscow,1049,68000,5808.51942050352,85,6,18,,14367,105540,25,2400,14,4.4
Чайна,55.6529347,37.505187,Moscow,1149,79000,10797.41267393995,85,9,15,,8723,73400,28,1950,9,3.6
Ташкент,55.7780437,37.5138663,Moscow,488,71000,4387.478835835821,85,2,14,,6735,123950,14,1700,6,4.0
Шоколадница,55.7566505,37.6192744,Moscow,966,89000,208.53280850171151,85,13,123,,9617,106588,14,1900,13,4.7
Conversation,55.7573559,37.5992308,Moscow,1075,72000,851.5689930278662,85,21,136,,8859,87184,11,3500,7,3.8
Döner kebab,55.6757416,37.5405787,Moscow,876,79000,7742.638604404671,85,1,20,,7703,75111,27,1700,0,3.9
Macadamia,55.6726384,37.5422681,Moscow,1362,79000,8061.827344498175,85,5,22,,9447,72665,17,1700,6,4.3
Гренки Пенки,55.698374,37.6252964,Moscow,329,62000,3701.1727734754313,85,9,37,,7243,70852,40,1800,5,4.2
Кулинарная лавка братьев Караваевых,55.7528751,37.6065123,Moscow,382,89000,750.217578959733,85,12,125,,9757,81859,40,1700,0,3.7
Cofix,55.7554675,37.6140437,Moscow,1333,89000,209.81405738408506,85,8,122,,10506,60058,25,1900,13,4.3
La Mortazza,55.7806745,37.6017286,Moscow,1260,54000,186.96776967535547,85,45,182,,6658,120381,11,2100,6,4.5
Unknown,55.8970104,37.6851756,Moscow,984,94000,13587.027815569156,85,3,5,,13748,65393,37,2400,3,4.6
ШаурмаVIP,55.8955269,37.682387,Moscow,214,94000,13400.355399429302,85,5,5,,12351,74583,29,1900,12,4.4
Cofix,55.7473009,37.7071007,Moscow,364,68000,3256.3841377149265,85,4,46,,8413,74389,37,2400,10,3.7
Cofix,55.8211066,37.3873383,Moscow,663,71000,13234.12357630065,85,7,24,,6191,74599,35,2300,14,4.3
Cofix,55.8508532,37.4443504,Moscow,607,71000,11981.892174296452,85,14,29,,14944,83516,11,2100,0,4.3
Cofix,55.6560368,37.5415762,Moscow,741,79000,9890.575933754963,85,4,17,,7757,121715,48,2000,6,3.8
Cofix,55.862898,37.6010674,Moscow,217,54000,9329.213851716846,85,6,10,,5913,117585,33,1800,10,3.8
Unknown,55.8959921,37.6835849,Moscow,869,94000,13461.374556676055,85,4,5,,11036,94696,26,3500,9,4.8
Главпирог,55.7815337,37.559577,Moscow,626,71000,1608.3207725757643,85,3,24,,8376,72749,43,2300,0,4.7
Учкудук,55.8957679,37.6833948,Moscow,265,94000,13435.094151799134,85,4,5,,10061,127617,32,2400,10,4.0
Между Нами Булочками,55.9020883,37.7145916,Moscow,394,94000,14505.697427833096,85,0,2,,8990,68055,43,3500,14,3.8
Антикафе «Греча»,55.8047749,37.526495,Moscow,1461,71000,4739.415087623145,85,5,71,,5621,70946,21,1800,5,3.9
Кафе-кондитерская на Ходынке,55.785387,37.5215478,Moscow,946,71000,4015.009773766215,85,1,24,,5797,87415,34,1900,3,4.1
Рубим бургер,55.6776734,37.5741453,Moscow,857,62000,7118.248969008408,85,5,27,,8400,129907,33,1950,8,4.7
La Famiglia,55.750221,37.8714103,Moscow,1052,68000,13375.45710020115,85,3,54,,9549,116300,41,1900,5,4.4
Upside Down Cake,55.7294662,37.6363705,Moscow,373,62000,175.0459628251718,85,19,126,,13328,101990,27,2400,11,4.7
Хинкальная,55.7236742,37.6437766,Moscow,1277,62000,918.4869964061971,85,4,73,,11528,89363,27,2300,8,4.4
Zizo,55.7275104,37.5673896,Moscow,1140,79000,1839.6525254550247,85,10,53,,7611,62438,15,2100,13,4.0
Pinzeria by Bontempi,55.7275708,37.5674782,Moscow,510,79000,1833.4196990206951,85,10,53,,9382,109229,27,1700,6,4.6
Kitchen,55.6726773,37.5441379,Moscow,1291,79000,8037.693475875285,85,5,24,,10872,112801,34,1800,2,4.7
Клюква,55.5475074,37.772568,Moscow,1393,62000,22106.26983578111,85,0,0,,9378,78890,37,2000,1,4.2
Приятного аппетита,55.7509775,37.6546177,Moscow,882,68000,702.3204259727123,85,5,99,,10872,107417,24,1950,9,4.2
Голодный ёж,55.5692811,37.4758015,Moscow,1184,79000,20217.587775531512,85,0,1,,13082,100490,25,3500,2,4.4
Токпокки,55.7674554,37.6794887,Moscow,1327,68000,1777.3361697039593,85,9,71,,9267,128262,39,1950,7,4.5
Unknown,55.63515,37.8891564,Moscow,365,62000,19064.70225317811,85,0,0,,14648,86780,38,2300,14,4.4
Unknown,55.846213,37.3694138,Moscow,1091,71000,15459.614904439031,85,3,21,,7700,60135,45,1800,0,3.9
That place,55.761558,37.642981,Moscow,1299,85000,960.074405884557,85,14,220,,12934,67493,43,2300,14,4.7
Королевский рацион,55.6698267,37.5013778,Moscow,1108,79000,9160.358721518252,85,0,14,,14481,100293,30,2000,9,4.6
Florentini,55.6964493,37.5612393,Moscow,376,79000,5292.639821519236,85,6,18,,9868,82063,36,2100,14,4.6
Happy people,55.7411396,37.6302968,Moscow,1395,62000,1203.0351652970123,85,24,116,,6361,66919,43,1900,14,3.5
Fave,55.7287406,37.5696199,Moscow,1319,79000,1721.2405206577328,85,10,54,,10590,111680,41,2100,4,3.8
Делюсь душой,55.7352659,37.6279518,Moscow,932,62000,738.8614428039805,85,12,165,,6173,65572,43,1950,11,4.0
BB&Burgers,55.7273283,37.5676807,Moscow,440,79000,1861.389332855539,85,10,53,,11576,101277,45,1800,12,3.6
Хинкальная,55.6590899,37.4036247,Moscow,549,79000,13834.271875500877,85,0,7,,13278,103274,45,2400,11,4.3
Unknown,55.6781585,37.4364706,Moscow,242,79000,10882.444566450013,85,1,9,,7498,96965,47,1900,7,4.1
Столовая,55.7054667,37.5979047,Moscow,298,62000,3749.2172042043117,85,4,25,,9301,105474,21,2000,6,4.5
Перезвон,55.7448018,37.6271398,Moscow,460,85000,1191.8162930170674,85,26,90,,13932,109495,22,3500,4,3.6
Cofix,55.5850665,37.7203049,Moscow,900,62000,17047.707418984166,85,2,5,,14290,63405,46,1950,9,4.3
West 4,55.7749031,37.6703409,Moscow,1379,94000,967.1450423027815,85,13,111,,5745,85427,44,3500,2,4.1
Тайм авеню,55.8115369,37.519493,Moscow,1365,71000,5568.467552155075,85,1,49,,10354,66550,33,1700,5,3.8
Гарланд,55.7985552,37.5278592,Moscow,1214,71000,4250.237329963264,85,5,61,,5545,109440,21,2300,1,4.4
Мир эспрессо,55.7928454,37.7887948,Moscow,1266,94000,8572.766496685685,85,5,20,,10975,108153,35,1700,12,4.4
Сатва,55.7879697,37.5113301,Moscow,1233,71000,4704.840345126533,85,0,14,,5227,128708,47,2300,9,3.9
Хищnик,55.7602889,37.6147817,Moscow,869,89000,373.5684819739123,85,17,149,,9938,114036,13,3500,13,4.2
Ёжики,55.7131469,37.8922477,Moscow,1383,68000,15454.511137466385,85,0,7,,8828,104080,25,2000,0,3.8
Хоровац хаус,55.8981269,37.4027237,Moscow,961,71000,17593.316434118056,85,2,13,,13686,77625,33,3500,14,4.2
Сити Пицца,55.8991222,37.4093925,Moscow,1025,71000,17414.422458547782,85,3,10,,7862,114066,42,3500,5,3.8
Чудо-выпечка,55.8954993,37.3975554,Moscow,293,71000,17582.903983184322,85,0,13,,11699,84528,10,3500,11,4.4
Бешбармак,55.7102581,37.8964901,Moscow,981,68000,15809.957422791515,85,1,3,,8279,70109,41,2100,0,4.6
Темаки,55.7110462,37.8803971,Moscow,1242,68000,14831.560687104633,85,2,7,,8668,101409,44,3500,11,3.8
Бургер & фрайс,55.7039363,37.5161519,Moscow,921,79000,5404.023160331289,85,2,24,,8760,94122,45,2400,7,4.2
Unknown,55.6805043,37.663164,Moscow,980,62000,5849.254761344117,85,3,17,,6071,98745,29,2400,12,4.4
Unknown,55.834851,37.614462,Moscow,479,54000,6258.982858663739,85,2,22,,9909,100334,24,2000,7,4.1
Высота,55.6925156,37.622611,Moscow,878,62000,4373.168642970643,85,2,32,,11843,91771,21,2300,6,4.1
Сюрприз,55.590292,37.6477821,Moscow,1389,62000,15660.625410905748,85,0,3,,10428,90790,36,1800,1,3.7
Курдюк,55.8156819,37.5183458,Moscow,870,71000,5944.91192639097,85,0,20,,6833,78664,13,1950,11,4.1
Столовая,55.7970527,37.7096154,Moscow,1444,94000,4140.067383078175,85,4,33,,7797,128768,42,2100,2,4.7
Koza nostra,55.6046187,37.7392832,Moscow,256,62000,15447.684497330893,85,1,9,,5644,92023,26,1700,10,4.7
Айна,55.881822,37.539532,Moscow,1335,71000,11981.965642824527,85,1,14,,5004,106005,41,2000,2,4.1
Папа Джонс,55.8535317,37.5653576,Moscow,935,71000,8589.270516735165,85,0,7,,14703,72421,36,1900,8,3.6
Кулинарная лавка братьев Караваевых,55.7346686,37.6191964,Moscow,685,62000,1186.9581350123083,85,6,129,,7844,66950,44,1800,1,4.5
Cup & Shake,55.8052465,37.5285054,Moscow,1414,71000,4679.821842141045,85,4,65,,9787,80773,24,3500,8,3.7
Мангал-кафе,55.7008842,37.6219068,Moscow,1036,62000,3479.6096245188905,85,7,63,,14257,100029,31,2100,9,3.6
Клуб Авторадио,55.6957675,37.6198593,Moscow,1163,62000,4062.140887589371,85,1,29,,13870,72307,21,3500,5,4.4
Unknown,55.7327852,37.5649938,Moscow,926,79000,1247.0289237310415,85,8,40,,10276,85023,28,1900,14,4.6
Unknown,55.7248713,37.6326944,Moscow,517,62000,732.8713084249905,85,5,99,,9234,121968,12,2100,13,3.7
Clever Coffee,55.7004177,37.6234405,Moscow,1022,62000,3505.052154824103,85,8,52,,9669,115770,19,2400,0,3.9
Take and Wake,55.7002113,37.6233768,Moscow,268,62000,3528.286577331436,85,8,49,,6639,110961,13,2400,8,4.2
Ной,55.5937417,37.74739,Moscow,1229,62000,16759.502878264833,85,1,7,,10962,68172,13,1950,6,4.1
Cofix,55.7540556,37.636764,Moscow,1259,85000,257.87776179536274,85,23,157,,5131,71538,30,1700,8,4.1
Espressioni,55.7962855,37.6166762,Moscow,876,54000,2129.8452721599538,85,4,29,,9994,73551,40,1900,2,4.4
Хотдоша,55.9029969,37.5859723,Moscow,410,54000,13824.092289205078,85,1,9,,10922,69426,40,2300,0,4.1
Даблби,55.8221743,37.3852141,Moscow,753,71000,13401.415978944071,85,7,27,,13778,114264,23,1900,4,4.1
Perse,55.8430838,37.5798159,Moscow,808,54000,7259.358816074645,85,5,16,,9681,87352,41,2400,0,4.4
Cofix,55.7280303,37.6226574,Moscow,872,62000,956.8330133580872,85,21,106,,11377,86242,11,2300,9,4.8
Cofix,55.8093903,37.4638835,Moscow,458,71000,8327.797710499568,85,5,11,,14561,108697,23,1700,5,4.0
Blanc de Blancs Cafe,55.7218062,37.6216966,Moscow,835,62000,1401.217271237031,85,4,85,,11933,102845,36,3500,10,3.7
Unknown,55.7225763,37.6216542,Moscow,1327,62000,1341.915680497281,85,4,85,,8954,60637,14,1800,4,4.6
Unknown,55.8813849,37.7118775,Moscow,486,94000,12244.850394874313,85,3,6,,9011,72450,46,1800,10,3.5
Шоколадница,55.6838187,37.5685647,Moscow,207,79000,6695.579473668404,85,0,39,,13311,90729,40,1900,11,3.9
Шоколадница,55.7450361,37.6005367,Moscow,229,89000,1645.0463544093288,85,9,100,,6602,97287,10,1700,13,3.8
Долина,55.8337963,37.6280867,Moscow,537,54000,6307.374157524809,85,6,32,,10414,68441,18,1900,5,4.3
Дом с хвостом,55.8377502,37.6219551,Moscow,1469,54000,6650.665239230883,85,5,27,,11670,102076,24,1800,7,3.7
But first Coffee,55.7393225,37.5486521,Moscow,842,79000,1147.8833023340344,85,2,20,,9837,80504,17,1900,10,3.6
Prawn Bar,55.7121204,37.6204936,Moscow,617,62000,2340.0313194738383,85,9,71,,7081,67096,42,1700,9,4.3
Orange Cafe,55.7781698,37.6550913,Moscow,407,94000,241.33830231755,85,8,71,,13951,110977,18,1800,11,3.7
Хлеб Насущный,55.7779721,37.6547149,Moscow,1178,94000,220.01114911115084,85,8,74,,11721,62418,20,2400,12,4.5
Гранд Хаус,55.7779441,37.6545278,Moscow,1439,94000,218.18172190407418,85,8,75,,6864,63090,40,3500,8,4.0
Амир,55.8682607,37.5503576,Moscow,425,71000,10363.033708874285,85,1,15,,7476,112849,46,2300,12,4.0
Вьетфо,55.8404725,37.4934988,Moscow,449,71000,9043.964275484837,85,11,23,,10265,65580,43,1950,14,3.7
Брусника,55.7610456,37.5984602,Moscow,278,72000,574.8215676879204,85,11,138,,13015,96450,22,2300,8,3.5
Горбуфет Пельменная,55.7671762,37.6061668,Moscow,1047,77000,242.20725511690273,85,19,162,,5098,60876,24,2400,4,3.6
Кулинарная лавка братьев Караваевых,55.8017693,37.5329301,Moscow,213,71000,4216.583667047905,85,14,55,,5876,76758,18,1900,8,4.2
Kaffebröd,55.7349316,37.6033042,Moscow,1410,62000,2154.4602554194244,85,5,81,,8609,115219,34,1700,14,3.7
Орхан,55.6026312,37.740549,Moscow,205,62000,15681.77364044329,85,1,10,,9723,100423,15,1900,12,4.5
Даблби,55.7412505,37.6092988,Moscow,534,89000,1800.778960074023,85,14,85,,10839,77053,20,1700,8,3.7
Grand Урюк,55.7790375,37.6017272,Moscow,1116,54000,17.561627945714363,85,32,195,,12472,121192,36,1900,2,4.6
Хлеб Насущный,55.7924306,37.5272691,Moscow,1231,71000,3940.3096507667647,85,3,43,,6538,75344,49,2100,0,3.5
Садко,55.8453714,37.4805893,Moscow,265,71000,9977.395051587264,85,0,17,,13116,100098,31,1900,9,4.4
Чайхона Самарканд,55.6519322,37.5177157,Moscow,255,79000,10657.64848383127,85,1,30,,14871,86138,44,2100,12,3.7
Кулинарная лавка братьев Караваевых,55.6778274,37.5742754,Moscow,525,62000,7099.470881077034,85,5,27,,11692,87543,47,1950,12,4.1
Кафе-столовая,55.7460571,37.8383141,Moscow,1385,68000,11349.21798602845,85,0,3,,7687,116378,41,1800,6,4.1
Unknown,55.745347,37.8471718,Moscow,1051,68000,11908.912875277316,85,0,20,,13695,103086,20,1700,1,3.8
Cofix,55.7726663,37.6786911,Moscow,1264,94000,1527.3552092875277,85,23,90,,5248,116905,42,2300,13,3.7
Уют,55.8558826,37.5858045,Moscow,213,54000,8608.619371381075,85,2,4,,10502,96156,24,1700,10,3.9
Шоколадница,55.7826258,37.7234943,Moscow,243,94000,4346.126413146402,85,12,31,,7422,117034,40,1900,3,3.8
Мимино,55.8904597,37.5812927,Moscow,230,54000,12461.024840190457,85,1,11,,14963,68602,15,2300,13,3.9
Kuzina,55.6887899,37.531569,Moscow,525,79000,6486.367259505722,85,1,29,,14656,113505,44,1800,4,3.9
Kook,55.7682386,37.6157036,Moscow,403,77000,705.7873777570869,85,6,159,,7581,91177,37,1900,2,4.4
Unknown,55.8095451,37.7053227,Moscow,506,94000,4879.472427456177,85,1,4,,14007,82068,26,1800,7,4.0
Самаркандский дворик,55.7188132,37.6765857,Moscow,685,62000,2825.121006313297,85,1,16,,6690,111543,10,1700,0,3.5
Хуан кофеман,55.809256,37.4969829,Moscow,1287,71000,6515.6488327174675,85,9,39,,10838,111966,27,2100,11,3.7
Ku:,55.7461793,37.5805539,Moscow,851,79000,1003.209084795949,85,9,76,,9540,122399,25,2100,7,4.2
Хлеб Насущный,55.7466979,37.5819553,Moscow,919,79000,1102.7946390363209,85,14,70,,14823,106513,40,2300,1,4.7
Сыр & кофе,55.7533968,37.6432961,Moscow,1096,85000,668.4796558474413,85,15,139,,5716,89955,38,3500,4,4.3
Unknown,55.8608636,37.3669278,Moscow,1220,71000,16457.48395790447,85,0,1,,13684,121785,33,1950,5,4.4
Кафе Шашлычная,55.6848363,37.8954847,Moscow,517,68000,16899.634439496003,85,4,13,,7234,109953,44,2000,6,3.7
Столовая,55.7090877,37.7003502,Moscow,1373,62000,4655.9948041795915,85,1,9,,8795,116329,37,1950,6,4.0
Му-му,55.7605664,37.5794969,Moscow,202,72000,1701.459743305649,85,5,64,,10943,97875,32,2300,9,4.7
Столовая,55.6824652,37.6254822,Moscow,730,62000,5444.851116228327,85,4,15,,9374,81307,40,1900,10,4.6
Городской хлеб,55.890267,37.4448776,Moscow,285,71000,15300.447313096529,85,5,19,,8451,101830,15,2400,3,4.7
Happiness Coffee Machine,55.6771969,37.5661762,Moscow,822,79000,7428.531232342548,85,8,27,,8400,123005,39,1950,14,3.8
В своей тарелке,55.8154782,37.3562756,Moscow,536,71000,14863.456718774558,85,1,11,,7828,83732,14,1950,4,4.5
Кофеварня,55.7408184,37.6377479,Moscow,1498,62000,1092.7597996904283,85,7,126,,6302,113996,33,2300,13,3.7
Coffee and The City,55.7502023,37.4793489,Moscow,999,79000,5404.716539549627,85,0,7,,7917,83458,24,2400,4,3.9
Северянин,55.8205503,37.6643429,Moscow,1339,94000,4988.0683230836885,85,1,5,,9745,88595,31,2300,13,3.6
Мацони,55.8231149,37.6571169,Moscow,1051,94000,5240.608321858966,85,1,7,,8548,65904,20,2100,13,4.8
Авин,55.8251766,37.6533183,Moscow,492,94000,5469.198476620908,85,0,9,,12554,77090,30,2400,9,3.5
Шоколадница,55.8558064,37.4779268,Moscow,949,71000,10986.503261776379,85,5,13,,8139,126901,43,1700,10,4.3
Му-му,55.8552281,37.4779904,Moscow,1439,71000,10932.905351031806,85,5,12,,14305,108660,25,1900,2,3.5
Буркина фасоль,55.7645258,37.5642625,Moscow,1144,71000,1856.888832449513,85,13,70,,6828,88960,23,2100,6,4.6
Unknown,55.6792031,37.6417092,Moscow,830,62000,5767.104726214622,85,2,5,,6197,103296,16,3500,14,4.6
Осетинские пироги,55.7729641,37.5270669,Moscow,1417,71000,3588.820601075184,85,1,13,,14484,111854,23,2000,13,4.2
Unknown,55.8109248,37.5274879,Moscow,370,71000,5168.099177607113,85,2,34,,5643,76833,46,2300,12,4.5
Cofix,55.863527,37.4346404,Moscow,446,71000,13402.381643842009,85,4,13,,8706,114982,35,2400,11,4.0
Baikal,55.6338273,37.5183442,Moscow,358,79000,12594.842237070085,85,2,10,,11313,107341,24,2000,1,4.0
Суши стор,55.7976058,37.4862687,Moscow,1240,71000,6525.746159488673,85,6,23,,7295,67272,24,1800,8,3.6
Андерсон,55.7992769,37.483282,Moscow,935,71000,6766.575310352574,85,5,22,,5602,88873,42,2100,0,4.6
Cofix,55.7419345,37.5009876,Moscow,1178,79000,4013.262691396605,85,16,46,,12485,65960,31,1700,4,3.7
Лепим и варим,55.7774714,37.6331494,Moscow,768,94000,1376.256136506194,85,13,75,,8462,102277,33,3500,14,4.7
Фа Минор,55.8202663,37.7168118,Moscow,1275,94000,6257.344061531401,85,0,4,,9531,105337,12,2400,5,3.6
Coffee Point,55.8072012,37.6217776,Moscow,333,54000,3370.750161088608,85,1,15,,14865,90470,22,2300,13,3.9
Даблби,55.797687,37.5219944,Moscow,1190,71000,4507.751686438381,85,4,66,,14024,112573,33,1900,3,4.3
Папа Джонс,55.7164803,37.4070177,Moscow,234,79000,10354.21169644058,85,1,9,,14959,87714,11,1700,7,3.6
VIP WOK buffet,55.7164174,37.4067739,Moscow,363,79000,10370.86968726737,85,1,9,,10663,107105,49,1900,10,4.3
Шоколадница,55.7199824,37.4203344,Moscow,910,79000,9443.020674809199,85,1,7,,8386,64831,10,2400,2,4.6
Школьник,55.7617255,37.6567702,Moscow,633,68000,531.055312624081,85,10,136,,12642,93554,14,3500,4,4.5
Брусника,55.7308851,37.578904,Moscow,890,79000,1698.3160528839837,85,5,69,,13386,111177,44,2000,3,4.0
Cofix,55.7996543,37.5353734,Moscow,854,71000,3948.14728356336,85,11,39,,14554,73794,35,2000,6,3.9
Сирийская кухня,55.8284026,37.6517596,Moscow,574,94000,5830.421462378688,85,0,11,,10783,70375,17,3500,12,3.7
Бистро,55.7253088,37.5632577,Moscow,771,79000,2081.2269830925266,85,7,39,,12151,90548,22,1950,7,4.7
Самарканд,55.7732792,37.6566133,Moscow,1245,94000,318.9206719633055,85,11,105,,6238,60717,38,2100,6,4.8
Бургерная,55.8221846,37.623096,Moscow,1311,54000,4979.634415097347,85,1,13,,12419,127070,48,2000,13,4.5
Кулинарная лавка братьев Караваевых,55.8075918,37.5116664,Moscow,201,71000,5658.440291129101,85,9,55,,11111,95684,38,1700,11,4.7
Prime,55.7207824,37.6093702,Moscow,410,62000,2069.858833297729,85,16,52,,13474,66573,41,1950,5,4.2
Unknown,55.7121659,37.5561377,Moscow,426,79000,3583.0233506138634,85,2,15,,14576,109119,41,1800,8,3.7
Пекарня,55.8344969,37.6454148,Moscow,1424,94000,6532.081186544669,85,0,16,,13413,104004,30,2000,7,4.0
SeDelice,55.7750244,37.5833022,Moscow,238,71000,223.96940697902608,85,30,168,,7552,105439,19,2400,1,4.8
Fontana,55.7690251,37.5969583,Moscow,296,77000,721.2587623973864,85,13,161,,6377,106652,27,1700,0,4.5
Александра,55.8077196,37.529798,Moscow,253,71000,4811.333502237101,85,6,57,,5130,85605,49,2000,5,3.5
Unknown,55.7764161,37.5001064,Moscow,238,71000,5246.956255329354,85,0,5,,12748,67154,44,1700,11,3.7
VietExpress,55.7280158,37.6234835,Moscow,873,62000,909.0484627998632,85,22,105,,10976,105905,28,3500,5,3.5
Столовая,55.8355069,37.4086871,Moscow,1088,71000,12741.478567731063,85,1,6,,11333,62250,15,2400,2,4.6
Там Ем,55.8065616,37.5841333,Moscow,490,54000,3261.884727263957,85,32,71,,6086,120156,39,1950,5,4.4
Cezve Coffee,55.888905,37.3623294,Moscow,719,71000,18613.416521385414,85,2,2,,7739,63940,29,2000,7,4.5
Coffee Step,55.8138034,37.5873485,Moscow,405,54000,3976.8479619049485,85,0,50,,13063,73423,30,2000,0,4.6
Cool Coffe,55.8069796,37.5169498,Moscow,587,71000,5355.546356111959,85,11,55,,5520,77473,29,1800,14,3.9
Les,55.776613,37.6746431,Moscow,270,94000,1230.3463851426504,85,21,91,,10106,100914,22,1950,11,4.3
Чайхана,55.7972275,37.7187493,Moscow,848,94000,4632.242251232646,85,2,29,,12715,115538,28,2000,11,4.7
Смарт Кофе,55.8375514,37.6240191,Moscow,1168,54000,6654.420153726447,85,6,28,,5455,74558,44,2000,3,4.3
Unknown,55.7048459,37.5890486,Moscow,1348,62000,4180.616210264894,85,6,28,,10739,113034,14,1700,10,4.1
AlexMilana,55.8116419,37.6245836,Moscow,800,54000,3894.46887258212,85,2,18,,9046,90056,42,1950,7,3.7
PhoBo,55.7666592,37.6778631,Moscow,1281,68000,1642.5095190852758,85,6,69,,14615,90764,15,2100,14,4.5
Даблби White,55.7058219,37.6562872,Moscow,1112,62000,3049.1690640569227,85,9,39,,14250,128119,11,2400,6,3.9
Кура,55.8164057,37.6206852,Moscow,377,54000,4320.183823249941,85,0,8,,6903,66063,25,2100,11,3.9
Парма,55.7037605,37.5085742,Moscow,472,79000,5701.445287859663,85,7,24,,12242,89204,23,2400,14,4.6
Амбар,55.6999747,37.5048058,Moscow,220,79000,6178.643292302922,85,2,23,,9034,124431,32,2100,10,4.4
Cofix,55.7589946,37.64542,Moscow,936,68000,817.7590874195553,85,30,212,,5505,91516,43,1900,3,3.9
Cofix,55.8235957,37.497164,Moscow,1113,71000,7503.348494350626,85,14,24,,6271,120679,11,2400,10,3.9
АртКафе,55.6520199,37.7421836,Moscow,1079,62000,10981.167097560017,85,1,18,,8638,74095,26,2300,13,3.6
Кофе & Пряник,55.7610758,37.6030388,Moscow,1214,72000,374.22738945715486,85,8,154,,8154,83372,31,1800,14,4.2
Cup'n'Cup,55.7783515,37.5855938,Moscow,1185,71000,180.3284552183963,85,18,195,,5599,69484,46,1950,12,4.7
Угол,55.7763909,37.5753614,Moscow,1497,71000,544.4716234330416,85,1,84,,7031,125793,19,1700,9,3.9
Чайхана,55.8206636,37.3770145,Moscow,576,71000,13818.190530160891,85,5,32,,9089,73247,41,1700,11,3.8
Ренессанс,55.8237886,37.4410991,Moscow,1049,71000,10336.163010989108,85,0,12,,14749,86368,46,1800,10,3.5
Андерсон,55.8859065,37.701485,Moscow,716,94000,12561.113449715145,85,0,4,,9347,71388,23,2000,8,4.5
Рубим Бургер,55.7917454,37.5837143,Moscow,661,71000,1639.7109810086895,85,7,71,,13671,107209,49,2300,5,4.1
Unknown,55.753537,37.8818043,Moscow,419,68000,14009.304120559023,85,1,22,,8553,122208,33,2000,5,3.9
Один прекрасный день,55.7241863,37.5643239,Moscow,1427,79000,2203.5894933721834,85,9,39,,14164,84475,25,3500,11,4.6
WakeCup Coffee,55.7527258,37.6687599,Moscow,207,68000,824.1295486839293,85,9,81,,5313,83384,32,1800,6,4.0
WakeCup Coffee,55.7112259,37.652143,Moscow,702,62000,2394.5836059267044,85,9,44,,12341,113325,42,1950,11,3.9
WakeCup Coffee,55.7959289,37.5605676,Moscow,404,71000,2564.4792960195036,85,5,30,,5552,60030,42,2000,12,4.7
Другая кофейня,55.7663971,37.6625718,Moscow,1249,68000,1083.3491185727537,85,5,103,,6998,90206,25,1950,2,4.0
Сити,55.6518085,37.5063705,Moscow,1147,79000,10889.713781477027,85,8,17,,7961,73135,16,2300,1,4.2
37/37,55.5994473,37.7379172,Moscow,770,62000,15938.540965469007,85,1,13,,9478,80294,40,1950,5,4.3
Правда Кофе,55.7698206,37.6607423,Moscow,781,94000,775.3182647733853,85,7,114,,9684,61350,46,1800,11,3.5
Skuratov Coffee,55.7396131,37.5273925,Moscow,289,79000,2404.0213168660757,85,7,31,,8179,127502,24,2300,0,3.5
Skuratov Coffee,55.7780853,37.6330058,Moscow,694,94000,1394.8735923313488,85,16,73,,8658,77975,26,2000,5,4.1
Даблби,55.7334125,37.5639903,Moscow,1198,79000,1178.971797661024,85,7,35,,12957,76999,23,2400,3,3.9
Алёнка,55.7651534,37.607132,Moscow,452,77000,72.83973279663977,85,26,153,,12817,103990,42,1700,11,4.3
Пиросмани,55.6837935,37.8992773,Moscow,720,68000,17163.911025769186,85,4,13,,12455,68151,41,3500,13,4.1
Пита & Сувлаки,55.7774108,37.617756,Moscow,1431,54000,1001.0347286510568,85,1,98,,14189,98233,11,1900,8,3.9
КофейнЯ,55.7308796,37.6642324,Moscow,1250,62000,1705.1173679146777,85,9,49,,7996,101615,26,2300,6,4.1
Папа Джонс,55.6051047,37.5910306,Moscow,926,62000,14292.67444764266,85,1,5,,11863,121232,39,1800,4,4.0
Кофейник,55.7553336,37.8573905,Moscow,1057,68000,12477.46643127917,85,8,41,,14918,116675,14,1800,9,4.6
Шантимэль,55.7865793,37.5706642,Moscow,544,71000,1352.7585540870573,85,5,62,,12148,129109,11,3500,6,4.0
Mecca,55.7857143,37.5695376,Moscow,207,71000,1325.433093845286,85,4,51,,9100,105820,35,1950,4,4.2
Шоколадница,55.7543649,37.6369071,Moscow,1455,85000,254.47626483221075,85,24,163,,7490,80516,24,1700,0,4.5
Unknown,55.6698998,37.6103454,Moscow,614,62000,6996.314049695666,85,1,12,,12010,73975,22,2400,9,3.8
Secret Place,55.7479872,37.5923261,Moscow,960,79000,1766.8033922430411,85,11,104,,6789,127874,22,1700,11,4.3
Cosmic Latte,55.7996899,37.5352958,Moscow,1234,71000,3954.407602767078,85,11,40,,13411,83727,14,2300,0,4.1
Кулинарный квартал,55.8062081,37.5414324,Moscow,493,71000,4198.752267835791,85,5,34,,8881,86395,45,1950,11,4.6
Frist Cup,55.8062785,37.5415214,Moscow,476,71000,4201.289922055675,85,5,34,,8016,102389,13,1900,10,3.9
На Развилке,55.591472,37.7609187,Moscow,993,62000,17352.87431923351,85,0,3,,6809,105455,28,1800,5,4.0
Кофик,55.7630182,37.6791931,Moscow,352,68000,1485.2450938379277,85,4,48,,8309,129967,26,2300,0,4.7
La Ferme,55.8008811,37.5549248,Moscow,833,71000,3218.0166012302725,85,1,15,,11122,104359,16,2000,3,4.6
Cassette,55.7045961,37.6152527,Moscow,1406,62000,3236.5524305394024,85,7,63,,10734,114490,44,2000,14,3.5
StarHit,55.7835637,37.5594662,Moscow,613,71000,1698.9188028681854,85,7,33,,13261,123695,40,1700,9,3.7
Bloom-n-brew,55.774651,37.6732912,Moscow,378,94000,1153.7321040715574,85,22,102,,14384,85454,40,1800,1,4.4
LISObon,55.7700247,37.6334446,Moscow,360,94000,1502.9981786351013,85,20,166,,14792,62965,49,2400,7,4.1
Интернациональная,55.7820546,37.6015227,Moscow,774,54000,340.9648529515557,85,42,173,,8066,60279,22,2300,10,3.5
Кафе Тепло,55.5853717,37.7337543,Moscow,336,62000,17293.14265794298,85,1,6,,8330,101379,18,2400,7,4.6
Инжир,55.7555743,37.8582737,Moscow,1323,68000,12532.317351674494,85,7,42,,6036,71664,12,3500,11,4.2
Клюква,55.8886509,37.6444359,Moscow,694,54000,12477.276180463612,85,0,6,,7557,70287,11,1800,2,4.6
Unknown,55.6934962,37.7428585,Moscow,1082,62000,7833.448259443044,85,1,12,,12315,98172,35,1900,1,3.9
Black sugar,55.8611093,37.5030553,Moscow,1014,71000,10631.993273771783,85,0,7,,7457,116166,33,2400,4,3.6
Loft Coffee,55.8433095,37.4911209,Moscow,267,71000,9383.277969925537,85,2,21,,5423,63038,42,1900,2,4.7
Шаурма,55.7193964,37.7325489,Moscow,574,62000,6120.887683136392,85,2,6,,5817,77403,27,3500,5,3.7
Short Talk,55.7653347,37.5905333,Moscow,1280,77000,968.2615247395669,85,15,123,,7596,110054,25,2100,2,3.7
La prima pizzeria Margarita,55.7868296,37.6327216,Moscow,1378,94000,1841.4040876057738,85,4,33,,8483,79178,43,2400,5,4.1
Прана,55.7652391,37.5808588,Moscow,329,71000,1322.4288553353165,85,4,89,,10716,120881,48,1950,11,4.4
Nord,55.7726092,37.592601,Moscow,906,71000,726.4490148290862,85,13,215,,9305,97567,47,2000,5,4.5
Прана,55.8147885,37.5750246,Moscow,1452,71000,4239.177834283095,85,3,23,,5539,61519,35,2000,10,4.3
БонЖур,55.8997387,37.4050298,Moscow,790,71000,17639.176825690396,85,5,11,,8012,60156,42,1950,11,4.8
Prime,55.7469452,37.6266387,Moscow,1335,85000,980.1363713580099,85,13,91,,12687,87866,49,1950,3,4.0
Svoё cafe,55.7766056,37.6999993,Moscow,250,94000,2815.0100524766935,85,0,43,,11737,103786,22,1900,8,3.6
Кулинарная лавка братьев Караваевых,55.6977062,37.5004705,Moscow,1221,79000,6544.507632664614,85,6,18,,11709,113445,26,2400,11,4.6
Маркет бургер бар,55.8048106,37.5853835,Moscow,924,54000,3052.2071362960905,85,28,87,,14977,91114,22,1950,0,3.8
Unknown,55.8032103,37.5137588,Moscow,365,71000,5270.397398840416,85,11,62,,6602,90711,14,1900,9,4.3
Coffee Never,55.794721,37.5885844,Moscow,1019,54000,1938.9097301942609,85,10,79,,14353,79241,36,1950,11,4.3
Prime,55.7656403,37.638924,Moscow,273,85000,1239.8410586568102,85,10,202,,12293,97463,31,1900,13,4.3
Марс,55.7689075,37.6268971,Moscow,1142,77000,1377.5128483138449,85,12,176,,6910,126333,41,1950,6,3.9
Unknown,55.8361774,37.51003,Moscow,533,71000,8041.515971767283,85,0,3,,10635,78046,15,2100,6,4.7
Дела кофейные,55.7625683,37.648218,Moscow,310,68000,870.5911401339699,85,19,201,,11600,69362,49,3500,2,4.3
Cofix,55.7409514,37.6579123,Moscow,1004,62000,1714.1777740252123,85,17,96,,10898,64331,22,1700,3,4.6
Штолле,55.6986784,37.4989792,Moscow,589,79000,6518.6274408486715,85,5,18,,10951,126447,28,2400,7,4.7
Cats & Coffee,55.7523521,37.5988116,Moscow,1090,89000,1193.2688421599707,85,23,112,,11050,96086,25,1950,1,4.0
Айва,55.839974,37.4883328,Moscow,487,71000,9207.041329491758,85,7,22,,10174,66923,19,2300,2,3.8
Зам Зам,55.7810274,37.6128826,Moscow,1319,54000,716.8889808856018,85,2,107,,9067,106393,28,3500,1,4.6
Релаунж,55.6044966,37.5983873,Moscow,825,62000,14273.44259641157,85,0,14,,5130,61103,17,1700,0,4.0
Кофепорт,55.8046041,37.5901795,Moscow,271,54000,2941.3794171411105,85,12,77,,9700,97703,47,1950,11,3.6
Кинобуфет,55.8395144,37.6168314,Moscow,787,54000,6792.414221477059,85,3,21,,9400,62302,30,2400,11,4.4
Unknown,55.7415622,37.6205385,Moscow,902,62000,1562.4905237117064,85,16,122,,14121,124934,34,1700,3,4.1
Эль Кафе,55.7565119,37.6501559,Moscow,412,68000,493.7987682330609,85,7,176,,14453,96852,48,1700,12,4.1
Ели Сацебели,55.7554386,37.5077097,Moscow,856,79000,3804.2390529985964,85,12,19,,5637,122126,10,1950,2,3.6
Бомбей экспресс,55.7276146,37.5675505,Moscow,602,79000,1828.956459622337,85,10,53,,9653,75427,41,3500,9,4.7
Dizengof//99,55.7572553,37.6467414,Moscow,1004,68000,705.0180670240813,85,22,190,,11356,82973,47,2400,7,4.0
Телескоп,55.7614872,37.5835499,Moscow,861,72000,1432.0152898111692,85,8,79,,13295,80590,39,3500,12,4.2
Бонжур,55.7608733,37.861577,Moscow,1343,68000,12744.419307940601,85,3,24,,13444,72231,28,1800,6,4.6
Буфет,55.5489442,37.5430273,Moscow,1114,62000,21085.225986338788,85,1,11,,12945,126465,21,2300,13,4.4
Шаурмания,55.7741041,37.6556587,Moscow,353,94000,214.8018152824335,85,12,93,,10800,101634,14,2100,8,4.5
Фергана,55.7030376,37.7665719,Moscow,202,62000,8690.830594910576,85,9,18,,10417,109098,38,1700,3,3.8
Prime,55.7241442,37.5643922,Moscow,469,79000,2208.192113593614,85,9,39,,8738,77244,45,1900,8,4.6
Хинкальная,55.7454576,37.8576094,Moscow,653,68000,12557.131247408652,85,4,44,,7751,107380,11,1950,2,4.5
Unknown,55.7567759,37.7390983,Moscow,1340,68000,5074.381745650308,85,3,19,,5263,93112,19,1950,13,4.7
Surf Coffee,55.753995,37.6374709,Moscow,483,85000,301.25518835045017,85,23,153,,7786,76224,32,1700,4,4.7
На Улофа,55.7177858,37.5132593,Moscow,744,79000,4357.91158155742,85,0,5,,13736,86932,35,2400,14,3.6
Кофеоно,55.7102008,37.6741804,Moscow,346,62000,3281.9187302631453,85,4,20,,6306,119247,28,1950,4,4.5
I-chef,55.7103247,37.6746471,Moscow,768,62000,3293.085300958689,85,4,17,,5414,116093,41,2100,4,3.8
Coffeeshop Company,55.7102008,37.6747276,Moscow,1072,62000,3306.3218155204613,85,4,17,,13091,117060,39,1700,0,4.5
Coffee Sova,55.7208318,37.774253,Moscow,1333,68000,8314.645766084303,85,0,11,,9354,110491,35,1900,4,4.3
Вкусно,55.8985998,37.59657,Moscow,226,54000,13303.212022839962,85,0,8,,7322,83647,18,3500,2,4.5
Casa Leone,55.7566384,37.6323646,Moscow,429,85000,186.46957013792232,85,17,181,,7877,74950,40,2000,2,4.3
Prime,55.7343018,37.5683353,Moscow,1450,79000,1098.4158536129232,85,7,41,,13169,67678,46,1900,3,4.8
ИП Недильский И.Р.,55.8816623,37.4887302,Moscow,900,71000,13070.691867378277,85,1,6,,7281,87252,29,2000,3,4.0
Unknown,55.7496975,37.7317953,Moscow,886,68000,4688.639262809437,85,0,13,,14425,76768,48,1950,12,4.2
Шоколадница,55.8636603,37.5464704,Moscow,1023,71000,9917.273117387742,85,4,15,,8624,115947,44,2100,13,4.4
Дядюшкин двор,55.7017496,37.7625683,Moscow,1075,62000,8510.959410208487,85,10,15,,10983,90748,23,3500,3,3.6
Луна,55.8412621,37.5180741,Moscow,212,71000,8248.017052225812,85,0,2,,13026,63354,39,1900,13,3.9
Кофе Краш,55.7107559,37.6208886,Moscow,558,62000,2466.842045161807,85,29,65,,7464,76713,43,2400,6,3.5
Такеши,55.807044,37.5841783,Moscow,823,54000,3311.3838194546815,85,30,72,,12501,88275,29,1700,14,3.6
Scrocchiarella,55.7551664,37.6007858,Moscow,668,89000,973.5609578509027,85,17,133,,13609,109949,32,1900,7,4.4
Red Brick,55.7558637,37.6440659,Moscow,799,85000,699.0478579598881,85,11,179,,11533,90589,40,1900,9,4.0
Unknown,55.8140777,37.3875108,Moscow,421,71000,12955.647719634759,85,5,20,,7993,120832,38,1900,9,4.4
Премьера,55.8149428,37.3856654,Moscow,723,71000,13095.597930655875,85,2,22,,6063,74044,32,2000,12,4.4
ЛеМон,55.8149157,37.3860195,Moscow,1460,71000,13073.67822988554,85,2,22,,9962,67469,22,1800,1,3.5
Unknown,55.8739641,37.5361741,Moscow,220,71000,11188.077081078764,85,1,11,,12310,118559,23,2400,10,4.7
SkyPort,55.5329425,37.8111783,Moscow,294,62000,24587.524082979824,85,1,4,,9656,74035,42,1700,3,3.7
Вареник,55.8952478,37.4525486,Moscow,550,71000,15500.283946821522,85,5,19,,5721,90914,22,1950,3,4.3
Кофейня,55.7902305,37.8101544,Moscow,1053,94000,9829.6779195351,85,1,17,,7684,65513,22,2300,5,4.0
Road Pizza,55.6581957,37.8939418,Moscow,739,62000,18022.960224041173,85,1,2,,8601,118370,18,1800,14,3.9
Антикафе Свобода,55.8486461,37.4545675,Moscow,963,71000,11351.963995009482,85,0,19,,11659,129248,41,1800,2,4.5
Хлеб и вино,55.6526922,37.4765156,Moscow,1243,79000,11568.369627728189,85,1,4,,5963,110558,28,1950,5,4.3
Дом учёных,55.9060405,37.4328213,Moscow,402,71000,17174.770627476686,85,0,3,,7095,108233,24,1950,11,3.8
Хинкальная,55.898349,37.4438471,Moscow,551,71000,16082.748893980463,85,0,20,,9894,113274,35,1950,9,4.4
Чайхона,55.8941927,37.4434707,Moscow,1221,71000,15710.389900206386,85,1,21,,9842,119989,31,1900,4,4.0
Панорама,55.6929535,37.7707743,Moscow,202,62000,9387.245440147932,85,1,7,,6487,118596,29,1800,2,3.5
Папа Джонс,55.6777391,37.5745518,Moscow,356,62000,7098.091798401516,85,5,27,,11902,81015,15,2400,10,4.2
Папа Джонс,55.6541044,37.7640584,Moscow,1172,62000,11684.223477964195,85,2,11,,12035,122516,10,1950,0,4.8
Папа Джонс,55.5048392,37.559469,Moscow,983,62000,25614.829968269103,85,0,2,,14965,80836,12,2400,14,4.0
ОбедБуфет,55.7468322,37.5371423,Moscow,1414,79000,1771.782008238717,85,35,75,,12541,100063,17,2300,13,4.7
Папа Джонс,55.746493,37.421463,Moscow,527,79000,8988.065289807988,85,1,10,,10961,111552,27,3500,5,4.5
Папа Джонс,55.6548538,37.5442059,Moscow,329,79000,9997.877569248829,85,3,13,,14156,100091,41,1800,8,4.7
Unknown,55.8065511,37.8408703,Moscow,533,94000,12106.056761127255,85,0,2,,6422,97536,10,1800,2,3.8
Сам пришел,55.6645124,37.5782794,Moscow,1015,62000,8258.207496917401,85,0,5,,7272,98498,15,1950,9,4.4
Папа Джонс,55.6713799,37.4461118,Moscow,1057,79000,10985.50235661706,85,2,7,,5451,70979,23,2300,13,3.9
Грузинский Дворик,55.9018809,37.441332,Moscow,268,71000,16497.68537708489,85,0,6,,14422,76065,30,2100,8,4.7
Правда кофе,55.7826163,37.7238584,Moscow,1171,94000,4368.389704966991,85,10,30,,10694,122392,43,2400,7,4.6
Prime Mart Caffe,55.73641,37.5339822,Moscow,1149,79000,2117.10865132144,85,1,26,,10703,110997,16,1700,12,4.5
Prime Mart,55.6314998,37.6179653,Moscow,389,62000,11128.084075282852,85,0,7,,6314,127602,38,1700,2,4.2
СушиСам,55.6892881,37.5755564,Moscow,872,62000,6027.293545391618,85,4,22,,13981,74251,43,2400,14,4.2
Винный буфет,55.6910436,37.5761988,Moscow,631,62000,5852.074679834005,85,4,21,,9382,76162,28,2000,11,3.7
Монастырская выпечка,55.7943875,37.7508752,Moscow,1079,94000,6333.646743017778,85,1,16,,13028,76070,23,2000,5,4.7
7 сэндвичей,55.7365477,37.5700731,Moscow,911,79000,887.4219816157015,85,2,49,,14941,62925,11,3500,2,4.4
One&Double,55.7781511,37.6550031,Moscow,1359,94000,239.19148527082743,85,8,71,,6565,118253,15,2400,8,3.9
Кафетерий,55.7779611,37.6544532,Moscow,1087,94000,220.72927350582975,85,9,75,,9831,63218,15,2300,3,4.0
ЦДР,55.8041692,37.5156112,Moscow,393,71000,5235.0605937249875,85,15,61,,13608,70608,31,1900,5,4.4
Locus Solus,55.6533443,37.5938737,Moscow,1413,62000,9048.062718055808,85,0,8,,6442,110353,44,3500,4,3.9
КофеПорт,55.7039872,37.6257092,Moscow,1168,62000,3085.811606210556,85,0,76,,13736,80704,25,2000,9,4.0
Меркато,55.6185306,37.6727092,Moscow,1133,62000,12704.878347136588,85,1,6,,6692,102458,35,1900,5,4.3
Сладкомания,55.8237266,37.5275356,Moscow,812,71000,6280.92643451199,85,0,7,,14819,79939,40,1900,11,4.1
Bon Appetit,55.8901065,37.4234937,Moscow,1126,71000,16082.302758708722,85,0,7,,9937,90079,12,2400,0,4.3
Unknown,55.8990066,37.4568522,Moscow,483,71000,15718.75265619548,85,0,12,,6627,92566,12,3500,9,3.8
Штрудель,55.7456259,37.667451,Moscow,890,68000,1396.1971894095248,85,6,93,,9910,121557,45,2300,2,4.0
Плазма,55.7578334,37.7400809,Moscow,902,68000,5136.568212623822,85,2,18,,12148,97359,39,3500,9,4.1
Кафе-бистро,55.7582666,37.7411082,Moscow,1280,68000,5201.887550038216,85,2,18,,11498,107929,29,2300,1,3.8
Кофейня,55.7563685,37.7511324,Moscow,1237,68000,5827.747576484297,85,9,19,,14450,85928,20,2300,4,4.0
Unknown,55.8961066,37.4532122,Moscow,267,71000,15559.535334578535,85,5,19,,12281,121284,12,1900,6,3.8
Unknown,55.8961276,37.4531317,Moscow,939,71000,15564.160348823983,85,5,19,,7526,124879,20,1900,12,4.5
Торнадо,55.8942131,37.4538532,Moscow,334,71000,15359.607474949575,85,6,19,,12359,119614,47,3500,9,4.4
Самарканд,55.8943891,37.4532256,Moscow,1308,71000,15396.956565184793,85,6,19,,8973,122000,15,1800,8,4.1
Лето,55.8955742,37.4575064,Moscow,1041,71000,15369.700949342547,85,4,16,,13655,61241,26,3500,11,3.7
Линдфорс,55.7083744,37.5871212,Moscow,525,62000,4011.011844226476,85,6,29,,8872,110812,29,2300,7,4.4
СтоЛовУЖКИ,55.718412,37.5611025,Moscow,560,79000,2855.701264253208,85,0,22,,7580,125506,11,3500,12,4.4
Unknown,55.718248,37.5486745,Moscow,966,79000,3040.4602479587015,85,1,17,,5510,104929,17,2000,2,3.8
Unknown,55.5886112,37.6135219,Moscow,827,62000,15901.254166723247,85,1,4,,12914,120817,21,1900,6,3.6
Мадиани,55.7333127,37.7100931,Moscow,563,68000,4191.416739639238,85,2,6,,12973,126450,27,1800,8,4.3
Дринкит,55.7965527,37.5794857,Moscow,329,71000,2192.404499903209,85,13,73,,5663,115996,16,2000,0,4.8
Поесть и,55.5695738,37.4925812,Moscow,1284,79000,19920.228854231165,85,1,4,,11857,60912,48,2300,4,4.5
Хинкальная Нагатино,55.6853491,37.6925235,Moscow,1478,62000,6153.604414720165,85,1,9,,11236,89732,46,2300,2,3.6
Kripto,55.6695174,37.552908,Moscow,732,79000,8316.662718271918,85,5,21,,8751,128284,48,1700,6,3.9
Coffee Point,55.7400228,37.6359571,Moscow,1424,62000,1005.4117444543286,85,10,125,,14334,65083,37,3500,2,3.9
Брусника,55.7621186,37.6447123,Moscow,436,68000,1007.5197486149519,85,16,210,,13203,115043,39,2300,13,4.2
Человек и пароход,55.7699111,37.5955548,Moscow,1316,77000,851.5385360271681,85,14,158,,6333,108818,21,2100,7,4.7
Этлон Кофе,55.7612129,37.7177412,Moscow,231,68000,3767.0352381292455,85,2,17,,8995,128383,26,1900,1,3.9
Prime,55.7412573,37.531503,Moscow,1429,79000,2118.73770149069,85,13,64,,10110,83767,12,2100,5,4.6
Dav Doner club,55.7406504,37.5262633,Moscow,966,79000,2453.1006977397924,85,4,40,,9124,90842,37,1900,3,4.5
Чайхона Бухора,55.7777645,37.6281577,Moscow,284,54000,1641.5440705657993,85,10,96,,7865,102141,18,2100,8,4.7
Сытый Гусь,55.7349088,37.640012,Moscow,1146,62000,473.7846713006646,85,14,113,,6505,109286,21,2000,3,4.1
Ясная поляна,55.8942779,37.4636902,Moscow,1485,71000,15049.874021940484,85,0,12,,7108,61626,19,2100,3,4.1
Stories,55.7652659,37.5892038,Moscow,864,77000,1051.1320095197912,85,11,119,,6069,65286,28,1800,5,4.3
Шашлычный,55.6585649,37.7575622,Moscow,636,62000,11043.568572091212,85,0,15,,7945,104594,41,2400,14,3.9
Costa Coffee,55.745195,37.7980596,Moscow,1390,68000,8862.578268951274,85,2,5,,9833,98398,26,1800,7,3.6
Costa Coffee,55.6537787,37.8434157,Moscow,1042,62000,15527.073035812205,85,5,8,,7205,80230,21,1800,4,3.9
Costa Coffee,55.7088327,37.6223843,Moscow,1280,62000,2629.371274454404,85,28,67,,11467,76523,42,1900,9,4.3
Costa,55.7767625,37.656887,Moscow,459,94000,145.31064675626604,85,11,84,,13334,90166,18,1900,5,4.2
Kuzina,55.6098664,37.7323149,Moscow,981,62000,14736.047170063872,85,2,12,,7717,73537,38,2000,8,4.6
Кафе-пиццерия,55.6046605,37.7127564,Moscow,350,62000,14829.90217873491,85,0,11,,5801,128283,41,1800,6,3.7
Столовая 1А,55.6697879,37.621259,Moscow,931,62000,6877.569962839637,85,0,17,,6541,122133,16,1700,6,3.8
Хинкальная,55.769766,37.6573577,Moscow,602,94000,708.7001574674051,85,10,109,,6275,93978,31,1700,1,4.3
MFC Foods,55.7199361,37.6280375,Moscow,352,62000,1352.220045410741,85,6,52,,8681,95710,29,1800,1,4.7
Unknown,55.7196946,37.7333701,Moscow,964,62000,6164.295931929318,85,2,8,,8007,105445,37,1800,2,3.8
Суши Лав,55.6292717,37.8654687,Moscow,200,62000,18251.39141165057,85,0,2,,13538,78558,31,3500,8,4.3
22см,55.7545511,37.6381215,Moscow,906,85000,324.3336676557262,85,23,157,,11939,92493,27,1900,13,4.1
Unknown,55.6331381,37.6079687,Moscow,1263,62000,11032.891918739944,85,0,7,,8548,75145,15,2000,7,4.6
Black Star Burger,55.7449304,37.5657484,Moscow,1405,79000,113.56626133646125,85,18,38,,11782,122313,26,2000,1,4.4
Чайхана,55.7627439,37.7771103,Moscow,312,68000,7479.480345032814,85,0,6,,6959,63942,36,2300,11,4.5
Катька Запеканка,55.8444197,37.5766499,Moscow,1280,54000,7444.784895810769,85,9,17,,7076,75516,19,2100,7,4.7
Mafia Café,55.7041353,37.6164277,Moscow,925,62000,3253.2632386235846,85,7,65,,12504,90736,48,2100,9,4.4
Starlite Diner,55.6917865,37.5275781,Moscow,1328,79000,6261.128553410546,85,4,24,,6032,71829,49,1950,3,4.5
Райхан,55.6762286,37.504693,Moscow,604,79000,8429.803595516303,85,4,21,,14665,80989,41,1950,0,4.4
Cofix,55.6214696,37.7136907,Moscow,425,62000,13094.071505405995,85,3,9,,8064,113948,20,1950,6,3.9
Грабли,55.7516816,37.5984535,Moscow,784,89000,1247.0914799764082,85,22,119,,12011,103890,19,1950,0,4.5
Заварили,55.7945123,37.7534863,Moscow,450,94000,6492.755103397113,85,1,15,,11115,125274,34,1800,3,3.6
Шоколадница,55.653197,37.502193,Moscow,1255,79000,10836.77938725247,85,3,13,,7832,73219,30,1950,6,4.0
Шоколадница,55.6641134,37.5117826,Moscow,230,79000,9488.156053449342,85,1,10,,14896,104676,20,1900,9,4.7
Шоколадница,55.7437064,37.5079465,Moscow,1419,79000,3571.1797729779364,85,10,43,,7319,106055,25,2100,13,4.6
Шоколадница,55.7521302,37.5884986,Moscow,1118,72000,1714.9706288350098,85,8,98,,7423,65729,37,1700,12,4.4
Шоколадница,55.6223776,37.6053697,Moscow,285,62000,12239.989249893022,85,4,8,,9848,118532,40,1950,5,3.9
Шоколадница,55.7919902,37.7484387,Moscow,616,94000,6106.960516098177,85,2,16,,9289,110225,40,2100,6,4.7
Шоколадница,55.69587,37.664896,Moscow,1352,62000,4279.299181305816,85,4,19,,14365,76170,27,1900,11,3.9
Шоколадница,55.7529313,37.5888305,Moscow,300,72000,1633.660079847423,85,7,101,,14790,98681,44,2000,11,4.6
Шоколадница,55.7601631,37.6257853,Moscow,847,89000,706.077071833748,85,27,193,,11163,107716,19,1900,0,3.8
Шоколадница,55.7064689,37.5928062,Moscow,513,62000,3886.111219017115,85,10,27,,6604,71725,34,2000,1,4.4
Шоколадница,55.7920641,37.7751251,Moscow,318,94000,7720.473941385224,85,2,13,,11717,76904,46,1700,8,4.2
Шоколадница,55.7198593,37.3785782,Moscow,902,79000,11976.568036426941,85,0,1,,8405,73583,31,1950,11,4.5
Шоколадница,55.7396264,37.6675173,Moscow,756,68000,2021.5937937704196,85,10,95,,5782,125249,38,1700,6,4.7
Шоколадница,55.9110433,37.397369,Moscow,375,71000,18918.55309006145,85,12,15,,11471,77965,44,3500,11,4.0
Шоколадница,55.8453014,37.6660091,Moscow,704,94000,7736.606113444826,85,4,12,,6700,105295,47,3500,0,4.3
Шоколадница,55.7384005,37.411167,Moscow,573,79000,9649.309724608253,85,2,13,,13371,91142,17,3500,14,4.6
Шоколадница,55.8094361,37.4639744,Moscow,613,71000,8324.8758270292,85,5,11,,6627,124268,39,3500,5,4.7
Шоколадница,55.7953033,37.6171658,Moscow,1227,54000,2045.8406813465126,85,4,31,,5355,103872,49,2100,12,3.6
Шоколадница,55.6901501,37.6023468,Moscow,1006,62000,5034.380107772804,85,6,12,,12336,102902,28,1800,4,3.9
Шоколадница,55.7774057,37.5234497,Moscow,1351,71000,3786.9273657125714,85,3,16,,7068,62459,31,2100,8,3.6
Шоколадница,55.7664186,37.3814945,Moscow,450,79000,11749.911535963347,85,0,1,,5648,113680,18,1800,14,3.6
Шоколадница,55.6186365,37.5069906,Moscow,285,79000,14406.352704764331,85,6,8,,13397,106546,29,2000,10,3.5
Шоколадница,55.7482627,37.5369921,Moscow,521,79000,1815.8902915686886,85,47,71,,11820,99199,23,2400,9,3.9
Шоколадница,55.6649572,37.4814919,Moscow,1049,79000,10228.605081575597,85,4,8,,8953,91139,25,1700,5,4.5
Шоколадница,55.659558,37.7491454,Moscow,1103,62000,10606.598325216555,85,4,17,,6106,84897,21,1700,0,4.0
Шоколадница,55.7577178,37.4070472,Moscow,1458,79000,10001.632489560458,85,4,6,,6546,94699,13,1950,14,4.2
Шоколадница,55.8210224,37.3862859,Moscow,608,71000,13291.801277785939,85,7,24,,8608,75730,22,1900,6,3.6
Шоколадница,55.5869651,37.7245712,Moscow,1493,62000,16931.758103808846,85,2,5,,7149,100773,24,1950,13,4.4
Шоколадница,55.7995261,37.4833882,Moscow,1360,71000,6770.580564385185,85,5,21,,9615,71516,36,2100,12,4.7
Шоколадница,55.865263,37.661464,Moscow,998,94000,9933.802810428186,85,1,5,,8434,82252,14,2100,3,4.7
Andy,55.712657,37.723572,Moscow,753,62000,5792.647007687534,85,0,9,,11349,100574,17,1900,1,3.5
Флориста Бариста,55.7310818,37.6094479,Moscow,573,62000,1725.1012570525404,85,8,71,,8780,90000,44,1800,5,4.8
Comme a Paris,55.6301372,37.5163435,Moscow,1127,79000,13023.12668758132,85,3,9,,10749,100895,23,2000,5,4.5
Мейби Кофе,55.8359287,37.3860359,Moscow,657,71000,13999.081634462722,85,0,2,,10032,73868,14,3500,1,3.6
Белая ночь,55.6822234,37.6739519,Moscow,910,62000,5897.129453051741,85,0,12,,11406,99022,20,2100,1,4.1
Кулинарная лавка братьев Караваевых,55.8058206,37.5207424,Moscow,330,71000,5090.028233227958,85,12,68,,10859,121396,12,1700,10,4.1
Япоkofe,55.7627886,37.6545269,Moscow,1137,68000,679.3520201437013,85,16,151,,13174,100314,24,2100,1,4.5
Coffeebara,55.7395229,37.6649006,Moscow,573,62000,1987.2423114271246,85,15,96,,10547,116235,25,2100,12,4.0
Maestrello,55.7124016,37.6205858,Moscow,200,62000,2309.4434668237086,85,8,73,,6172,68524,28,1800,7,3.7
Patisserie Francois Bodrero,55.7653472,37.6159588,Moscow,988,77000,624.1848502975316,85,13,167,,13915,64391,47,1950,0,4.5
Cazaban,55.7300752,37.6241193,Moscow,700,62000,813.0194006970514,85,21,113,,5597,90096,39,1700,1,3.6
Paparino,55.8382705,37.6330453,Moscow,838,54000,6870.155892848501,85,1,29,,12272,75356,35,2400,6,4.7
Трапезная,55.766942,37.6157513,Moscow,971,77000,647.0906975278865,85,7,164,,6779,87294,44,1950,12,3.6
Островок,55.8470376,37.5724831,Moscow,1490,54000,7786.972563935592,85,6,16,,14300,87967,41,2400,12,3.8
Prime,55.7988175,37.529313,Moscow,709,71000,4192.291849126902,85,7,59,,14600,124575,24,2400,9,4.0
Кулинарная лавка братьев Караваевых,55.7768544,37.585695,Moscow,810,71000,107.23090236678237,85,27,187,,10631,80157,43,3500,4,4.7
Favorite cake,55.7570764,37.5991282,Moscow,1002,72000,881.7805388624205,85,20,134,,10979,119541,29,1800,3,4.2
Easy Way Coffee,55.7460615,37.8621124,Moscow,1252,68000,12830.843098905592,85,13,50,,7093,73308,44,2100,12,4.1
J'pan,55.7705165,37.6248249,Moscow,1355,77000,1327.7356085595393,85,23,137,,6644,121220,28,2300,6,3.7
Слайс пицца,55.7531414,37.7497012,Moscow,1284,68000,5754.030136013,85,5,20,,5346,99814,17,2100,8,4.0
Kobe,55.7275189,37.567619,Moscow,511,79000,1839.934620670304,85,10,53,,13472,123723,47,2300,9,3.9
Unknown,55.7702774,37.7506891,Moscow,842,68000,5983.553398888595,85,2,8,,9203,67173,12,2000,9,3.7
Star grill,55.7702587,37.7516173,Moscow,557,68000,6039.335886799419,85,2,7,,12771,68251,35,2100,1,4.6
Granat,55.8429808,37.3632346,Moscow,206,71000,15624.177375153404,85,1,21,,13895,102607,12,2100,4,3.8
Офицерское,55.7605476,37.6906241,Moscow,800,68000,2078.9594852620157,85,0,17,,5632,73907,16,2400,3,3.7
Хинкальный дом,55.7901601,37.6137057,Moscow,895,54000,1440.7060553377332,85,3,35,,11371,107846,40,2000,8,4.6
Ферма,55.8392227,37.6262313,Moscow,945,54000,6865.50232787275,85,2,32,,9328,110179,29,2400,7,4.7
Марани,55.7270017,37.6691275,Moscow,1218,62000,2060.198094882669,85,2,29,,10319,90819,33,1900,14,4.7
Союз вкуса,55.6482402,37.7390678,Moscow,1173,62000,11207.677295037714,85,2,11,,8090,105785,22,2100,10,3.5
Unknown,55.6486183,37.7436643,Moscow,1380,62000,11340.578868943647,85,3,10,,12446,86391,42,1800,13,4.3
StarHit,55.7100469,37.6236773,Moscow,401,62000,2474.7769154083717,85,32,62,,8411,98883,31,3500,5,3.6
StarHit,55.7735254,37.6550688,Moscow,860,94000,275.1966061331053,85,11,98,,8032,97784,37,1900,5,4.2
Jinju,55.7372273,37.588279,Moscow,1271,79000,1640.275221056418,85,19,58,,14593,105701,26,2000,4,3.7
Дринкит,55.8220671,37.4990214,Moscow,974,71000,7302.212243135434,85,13,21,,6430,93503,45,1800,3,3.9
Prime,55.8215172,37.4974886,Moscow,298,71000,7330.789064799537,85,14,23,,5540,88760,43,1800,6,4.0
Unknown,55.8954078,37.6187239,Moscow,1169,54000,12986.011329329205,85,2,10,,7512,88760,40,2000,12,4.3
Хинкальная,55.7934764,37.8036413,Moscow,571,94000,9494.833558604072,85,5,22,,8277,89454,16,1700,7,3.9
Чайка,55.7505307,37.8712116,Moscow,892,68000,13361.09199761091,85,3,56,,11439,71005,25,2000,1,3.7
Самарканд,55.7508989,37.8591613,Moscow,539,68000,12605.87522904795,85,18,54,,14520,88736,48,1950,8,4.0
Marketplace,55.7446572,37.5673957,Moscow,578,79000,166.80666145814394,85,16,41,,7830,104860,33,2100,14,4.2
pausa caffe,55.7441388,37.6796826,Moscow,450,68000,1971.386424950926,85,3,35,,7509,90865,20,2400,11,4.4
Московский кофе 1147,55.7884816,37.7438707,Moscow,841,94000,5727.718439955641,85,6,19,,9180,119175,46,2100,2,4.6
Coffee Break,55.9008153,37.4221991,Moscow,993,71000,17076.578657850307,85,2,9,,12040,101063,31,2000,12,4.1
Unknown,55.7132287,37.898997,Moscow,740,68000,15853.216854636059,85,0,5,,5988,88287,22,2300,8,3.7
БуфетЪ,55.7947063,37.5890313,Moscow,700,54000,1925.5045207588614,85,9,77,,7680,91774,42,1800,3,4.6
True burgers,55.6792307,37.6414063,Moscow,1122,62000,5763.0995143437485,85,2,5,,11165,118421,42,2100,2,4.3
Пекарня ПКП,55.5418318,37.4860048,Moscow,1222,79000,23020.147660236908,85,2,5,,8160,94635,44,1800,6,4.4
Хинкальная № 8,55.677735,37.533262,Moscow,242,79000,7631.854772921829,85,3,17,,5152,73119,29,2100,2,4.0
Шашлычная,55.6973972,37.8869403,Moscow,702,68000,15793.54454931715,85,3,8,,14777,114143,19,2300,6,4.7
Кофейня,55.6970368,37.8873587,Moscow,1166,68000,15834.222495447104,85,2,8,,11581,73675,17,1700,4,4.4
Cofix,55.7512694,37.8592276,Moscow,1243,68000,12607.808899397876,85,18,55,,8537,82604,31,1800,14,3.9
Грабли,55.7537785,37.6378136,Moscow,1066,85000,330.4141860191468,85,22,151,,8886,70698,41,1800,1,3.8
Котофейня,55.7574643,37.6371619,Moscow,438,85000,378.0229813081968,85,24,210,,13211,109769,42,2300,2,3.7
Unknown,55.5152723,37.5755008,Moscow,1176,62000,24296.593391064867,85,0,3,,7266,101106,31,1950,11,4.4
Эклерная Клер,55.7704841,37.6334846,Moscow,567,94000,1478.8410850481132,85,19,159,,11426,109123,21,2300,11,3.6
Брусника,55.7771372,37.6070661,Moscow,1481,54000,378.51735812302474,85,12,187,,7852,73594,49,2300,9,4.7
Umami,55.7274107,37.5677222,Moscow,981,79000,1852.501556886453,85,10,53,,9291,119775,21,2300,4,3.6
Lifetime,55.7646002,37.6291461,Moscow,242,85000,1094.3863827038947,85,8,208,,12529,87284,22,2100,5,4.4
Кофеварня #1,55.8607095,37.3952559,Moscow,1321,71000,15022.196442473249,85,0,8,,10296,64625,33,1900,9,3.5
Burger Shaw,55.6846289,37.6240526,Moscow,546,62000,5219.642055234202,85,6,14,,13885,64857,22,2300,14,3.8
Живое кафе,55.7001718,37.5802535,Moscow,671,62000,4938.060210990201,85,5,13,,11948,121742,48,2000,4,4.6
Prime,55.7001476,37.5805432,Moscow,299,62000,4926.8892498119985,85,5,14,,9652,117224,11,1950,1,4.6
Уют,55.5955425,37.7394355,Moscow,729,62000,16375.192671148616,85,1,9,,13813,66380,34,1700,13,4.6
Какао Дом,55.7403371,37.6628347,Moscow,343,68000,1877.3726236834607,85,16,99,,14158,86682,13,1800,3,3.8
Ташкент,55.7410707,37.5031977,Moscow,1203,79000,3882.0818103472675,85,9,42,,6154,124109,37,1700,14,4.1
Кофейня,55.5636055,37.6870435,Moscow,1087,62000,18876.414106517972,85,1,2,,8739,73992,48,1900,12,4.2
Библиотека,55.5502219,37.6928303,Moscow,915,62000,20404.669364139794,85,0,3,,12113,105315,31,1700,0,4.5
Sub Cafe,55.7933456,37.7299911,Moscow,1314,94000,5070.045318737531,85,1,17,,6489,126919,47,2100,12,3.6
Unknown,55.7922856,37.7412778,Moscow,979,94000,5690.456015191948,85,0,19,,11249,65760,46,2000,7,4.3
Пицца и Суши,55.5570424,37.8123194,Moscow,997,62000,22252.883992852672,85,3,4,,12537,85278,12,2400,9,4.3
Kombinat Deli,55.6791652,37.5649687,Moscow,493,79000,7209.301096642914,85,9,28,,14261,123577,36,1700,7,4.2
Point 242,55.7858551,37.6345984,Moscow,1495,94000,1681.7772251891981,85,8,41,,12561,101358,24,2400,4,3.6
Неаполитанская пицца,55.5913175,37.374361,Moscow,791,79000,20764.653242180066,85,1,1,,10944,121457,44,1950,3,3.6
Крендель,55.6562222,37.6493491,Moscow,621,62000,8350.852543737545,85,2,8,,14331,105175,22,2300,4,3.9
Mr. croissant,55.6902659,37.6018173,Moscow,849,62000,5037.188810577649,85,6,12,,6770,101817,25,1700,11,4.7
Mr. croissant,55.8094687,37.464571,Moscow,673,71000,8292.853691224767,85,5,11,,10647,61610,37,2100,8,3.7
Mr. croissant,55.884964,37.407196,Moscow,1377,71000,16310.665700550122,85,1,6,,11834,66181,16,1700,3,3.8
Mr. croissant,55.6187578,37.506938,Moscow,1125,79000,14394.134088729454,85,6,8,,10137,68648,27,1950,10,4.2
Mr. croissant,55.8060495,37.6374026,Moscow,1309,94000,3517.7925732452654,85,4,23,,5040,109255,32,1950,5,4.4
Кофейня,55.7459912,37.7202401,Moscow,1127,68000,4082.73607715012,85,0,28,,11638,128314,32,1950,13,4.8
Заря,55.7681749,37.6148782,Moscow,1402,77000,658.079709093956,85,6,157,,10819,69264,17,1800,5,3.7
ЛайкКитчен,55.8157674,37.5290352,Moscow,1456,71000,5512.372241159277,85,0,14,,5047,124187,12,2400,4,3.8
Loft Doner,55.6821272,37.8618345,Moscow,1393,62000,15097.983331899379,85,0,11,,14930,90938,17,1800,11,4.6
Ku:,55.7739873,37.5864333,Moscow,885,71000,367.9421043491958,85,22,186,,5862,81618,24,2000,4,4.5
Кулинарная лавка братьев Караваевых,55.7711947,37.5831583,Moscow,422,71000,647.66281657576,85,12,122,,6431,129703,44,1700,2,3.6
Pho Ngon,55.7412898,37.5242999,Moscow,691,79000,2565.2980397342326,85,4,42,,9289,62781,10,1800,11,4.5
Трапезная,55.7535973,37.654269,Moscow,910,68000,444.5911268195478,85,7,137,,7209,123953,10,2300,10,3.7
Пересвет,55.7559739,37.6555525,Moscow,1403,68000,190.97255907723758,85,12,144,,6084,80790,20,1800,12,3.7
Take away,55.6699842,37.5534622,Moscow,1011,79000,8261.863523842663,85,5,22,,13043,68542,41,2400,11,4.0
Boristo,55.7882424,37.7438769,Moscow,1282,94000,5721.724803342069,85,6,19,,11941,124180,41,3500,5,3.7
Экспрессо,55.8126576,37.4880554,Moscow,592,71000,7189.5566795377945,85,6,26,,14402,78956,19,1900,7,4.6
Пицца Паоло,55.6755672,37.5059062,Moscow,916,79000,8462.103098512789,85,4,21,,9285,113924,24,2100,3,4.4
Гнездо,55.7601293,37.6510493,Moscow,1054,68000,556.9597142866829,85,27,167,,5276,114021,42,2100,3,4.2
Столичная,55.7366734,37.4826709,Moscow,302,79000,5217.5135964820265,85,3,13,,13664,108186,26,2000,7,3.7
Чайхона,55.8296299,37.6703175,Moscow,1153,94000,6039.719628721562,85,1,7,,5684,82592,19,2100,4,4.6
Вкусно,55.7624951,37.5876712,Moscow,1067,72000,1158.7920084701161,85,6,89,,9599,78302,14,1700,9,3.8
Штолле,55.7376134,37.5274025,Moscow,1293,79000,2458.2574288134265,85,4,23,,8116,91746,31,1900,6,3.9
ABC coffee roasters,55.759009,37.6421616,Moscow,310,85000,726.1706989865492,85,26,197,,6633,98467,18,2400,6,4.7
Surf Coffee,55.7216838,37.6117257,Moscow,397,62000,1891.5346853784686,85,12,62,,11352,115140,37,2400,8,4.3
Granvillano,55.7541226,37.5999315,Moscow,358,89000,1055.1206702085196,85,22,124,,7411,112018,18,1900,11,4.6
Место варенья,55.6544094,37.5560681,Moscow,604,62000,9912.523343366656,85,3,15,,14748,82520,43,2300,6,3.7
Сказка,55.4995413,37.5663854,Moscow,777,62000,26116.248829706212,85,0,2,,7333,91333,47,2300,4,4.5
Cafio,55.7243933,37.7163254,Moscow,242,62000,5021.136396112861,85,2,5,,12057,107939,29,2300,7,3.6
Экспрессо,55.7242477,37.7158006,Moscow,333,62000,4991.049963757441,85,2,5,,14712,77266,10,1800,7,4.5
Yam Yam Pizza,55.8740431,37.5495757,Moscow,914,71000,11002.831164902993,85,0,14,,13719,64569,42,1900,13,4.2
Хищник,55.7619254,37.6233405,Moscow,971,89000,714.7565777214107,85,22,182,,12302,68048,43,1950,13,3.9
Даблби,55.7481359,37.5406426,Moscow,423,79000,1592.3235998236237,85,36,76,,14078,103270,11,1700,9,4.1
Point,55.7801149,37.5999087,Moscow,1112,54000,180.19816233320626,85,46,192,,9286,65622,21,1800,8,4.2
Bloom-n-Brew,55.7966926,37.5819322,Moscow,872,71000,2193.5303792362056,85,13,82,,10533,126915,49,2100,2,4.8
Буфетрина,55.7530622,37.6710288,Moscow,354,68000,925.3962974249412,85,8,68,,11321,66171,36,3500,12,3.9
Чихо,55.7528577,37.6693887,Moscow,1079,68000,848.5233166933955,85,9,77,,6737,127170,48,3500,3,4.7
Пицца Паоло,55.7597138,37.6597112,Moscow,854,68000,320.1915857955133,85,20,113,,11155,110514,12,1900,13,3.7
gaufré,55.7384138,37.6665053,Moscow,1194,62000,2022.8030631372153,85,10,94,,7227,72510,23,2000,0,4.2
Мистер Коффейно,55.754303,37.7526275,Moscow,1012,68000,5928.619903028498,85,7,19,,7038,106784,39,3500,7,4.6
Кулинарная лавка братьев Караваевых,55.7534004,37.7532096,Moscow,878,68000,5970.952788580866,85,5,19,,6520,110494,25,2000,10,4.7
Солёная карамель,55.5253717,37.5149653,Moscow,771,62000,24114.081222529258,85,6,6,,11795,66509,47,1950,12,4.4
The Food Cafe,55.8467782,37.3728057,Moscow,458,71000,15307.850235004466,85,3,20,,12203,91700,32,2100,0,4.1
Unknown,55.7379272,37.6579423,Moscow,676,62000,1520.6355817224087,85,14,94,,8605,112212,45,1700,13,3.8
Jeffrey's Coffee,55.7658598,37.6162107,Moscow,980,77000,645.8589387426722,85,14,168,,14170,104017,16,1700,7,4.3
Мустафа Кебаб,55.7399849,37.6328627,Moscow,1472,62000,1032.1042157001057,85,19,127,,6512,129593,48,2400,9,4.5
Серебрянка,55.7795626,37.4539904,Moscow,1253,79000,7991.8785331785675,85,0,8,,12254,99500,32,1950,7,4.1
Unknown,55.6853209,37.7634108,Moscow,202,62000,9408.296004661506,85,0,9,,9204,120257,23,1700,14,4.1
Мох / Волна,55.7521498,37.6689514,Moscow,1280,68000,872.0425211245207,85,9,73,,6656,117625,15,1900,13,3.5
Prime,55.7814447,37.5825099,Moscow,331,71000,502.93570228909897,85,12,157,,10019,72761,20,1950,14,3.9
Чихо,55.781396,37.5826167,Moscow,997,71000,496.4080134695407,85,12,158,,11159,78622,43,2000,10,4.0
Столовая № 1,55.6519229,37.5269871,Moscow,539,79000,10511.955649595979,85,1,26,,13762,63115,27,2400,1,4.6
"О, еда!",55.8851942,37.4070122,Moscow,1370,71000,16337.256437137727,85,1,6,,10163,127599,21,2000,6,4.6
Prime,55.7388417,37.659141,Moscow,1101,62000,1637.589931787425,85,16,100,,13857,70376,23,1950,2,4.7
Пития и брашна,55.7776209,37.5853987,Moscow,1461,71000,111.43516567540794,85,22,188,,9341,62772,32,1700,0,4.6
Old grinder,55.7379791,37.5929886,Moscow,581,79000,1875.5232398777423,85,10,58,,11529,88247,40,1950,3,4.1
Кузьминки,55.6977505,37.786732,Moscow,860,62000,10081.348906456042,85,1,6,,13389,119936,23,1700,2,4.2
Трапезная паломника,55.8143899,37.4718446,Moscow,376,71000,8150.678832451195,85,0,16,,10022,102214,10,1800,10,4.4
Кулинарная лавка братьев Караваевых,55.7215228,37.6105668,Moscow,544,62000,1962.2169986620029,85,16,56,,7109,73257,25,2300,4,4.0
Croissant Atelier,55.7408068,37.6261109,Moscow,1400,62000,1286.0126506555398,85,25,121,,14085,83345,45,2400,5,4.2
Хинкальная,55.4909417,37.5678946,Moscow,1285,62000,27043.789686558885,85,1,2,,8080,103284,38,2100,3,4.5
Unknown,55.8064728,37.5494971,Moscow,1374,71000,3923.3276670356695,85,3,13,,6371,97524,30,2100,1,3.8
Кофе и другие прелести,55.717051,37.6220836,Moscow,296,62000,1810.6170147119396,85,2,84,,14492,82258,10,1950,1,3.6
Mr. Croissant,55.7417712,37.655896,Moscow,438,62000,1683.4039863260716,85,26,96,,14017,119000,12,3500,8,4.5
Stars Coffee,55.7288751,37.6199138,Moscow,288,62000,1095.603442288175,85,14,97,,13350,99707,22,2300,14,4.6
Quidi,55.7622481,37.5956019,Moscow,1037,72000,679.0470321082347,85,14,122,,6997,63041,17,3500,6,4.6
Релакс,55.7115746,37.6833492,Moscow,1237,62000,3618.2020579856776,85,0,22,,13523,103224,11,1800,7,4.1
Новатор,55.7657388,37.5935519,Moscow,335,77000,783.0295731049459,85,18,136,,9419,96550,27,2100,12,4.2
Кофе Бюро,55.7532864,37.633726,Moscow,1148,85000,195.884326251228,85,19,146,,11528,63496,20,1800,0,4.2
coffee first,55.731364,37.6086996,Moscow,587,62000,1772.3852422809027,85,6,68,,11087,123929,38,1950,6,4.2
Unknown,55.7345891,37.6058203,Moscow,604,62000,1992.496140573316,85,4,72,,10087,125361,39,1900,4,3.9
Camera Obscura,55.6840858,37.5502209,Moscow,1003,79000,6726.16617968404,85,2,13,,13513,64549,31,2300,3,4.1
Unknown,55.7846969,37.7042518,Moscow,1175,94000,3228.087365970384,85,9,49,,5290,75484,25,1800,12,3.9
Lancheria,55.7520323,37.6701613,Moscow,853,68000,940.3275083051315,85,8,64,,10323,75665,27,2100,5,4.1
Миндаль,55.5430736,37.4878734,Moscow,580,79000,22860.195751765532,85,2,5,,10420,83824,39,1900,0,4.6
Караван,55.625832,37.7221276,Moscow,744,62000,12854.499776172648,85,0,6,,11417,110700,35,1700,12,3.7
Пич,55.804722,37.5132415,Moscow,1155,71000,5391.609722841359,85,14,60,,6353,102084,15,2100,8,3.6
Unknown,55.5242607,37.5146823,Moscow,1148,62000,24236.90751404831,85,6,6,,10664,75752,42,2100,8,3.6
Суши Вок,55.5255649,37.5149751,Moscow,532,62000,24093.510684106208,85,6,6,,14650,63363,37,1800,0,3.7
Римская пицца,55.8166835,37.4598944,Moscow,797,71000,8924.529196188381,85,0,8,,9707,84908,21,2100,6,4.5
Даблби,55.7628934,37.5925532,Moscow,928,72000,850.176496087723,85,16,115,,11685,63394,30,1700,1,3.6
Правда Кофе,55.7394526,37.6332405,Moscow,1245,62000,968.9074628396039,85,17,130,,6768,96837,49,3500,8,4.4
Unknown,55.6796851,37.567866,Moscow,1197,79000,7153.743746205353,85,12,31,,9019,75828,31,2400,13,4.5
Sushi,55.8434808,37.3653871,Moscow,1378,71000,15531.865425501184,85,1,21,,5399,88201,10,1900,11,3.6
Богатырь,55.8966613,37.5052804,Moscow,305,71000,14184.61758064078,85,1,3,,9758,61875,25,1700,11,3.7
Хинкали-Гали,55.8815338,37.5455993,Moscow,261,71000,11868.463446061549,85,1,12,,5521,80313,28,3500,14,3.5
Meat-man,55.6969726,37.5784912,Moscow,588,62000,5267.621719766181,85,0,13,,8830,81440,37,1900,7,4.7
Пекарня,55.832923,37.6575112,Moscow,485,94000,6331.494011621222,85,2,10,,7173,100207,14,2300,4,3.5
Столовая #1,55.6331022,37.6286554,Moscow,1445,62000,10898.300971408496,85,0,3,,11858,127624,16,2300,13,3.9
Unknown,55.5831917,37.7437355,Moscow,1108,62000,17747.014435468885,85,0,3,,12768,88390,17,2400,10,4.4
ВоблакеВкуса,55.7483495,37.6551709,Moscow,311,68000,978.0477405622406,85,12,95,,13012,90526,24,1800,8,4.2
Барбекю,55.7992864,37.6149927,Moscow,469,54000,2397.537169267571,85,4,24,,12801,70374,18,2400,2,4.4
Кулинарная лавка братьев Караваевых,55.8094498,37.6380693,Moscow,1437,94000,3867.1000160370318,85,6,26,,11511,95764,24,1800,8,4.3
Unknown,55.7740155,37.8275337,Moscow,588,68000,10772.827718234486,85,0,3,,9722,106698,18,2100,5,4.2
Coffee Clever,55.7702642,37.6414905,Moscow,378,94000,1058.6300478737137,85,5,128,,12240,85187,26,2100,13,4.3
Суперия,55.8235666,37.5000922,Moscow,919,71000,7369.783144163345,85,13,21,,13266,127642,12,2100,11,4.6
Волконский,55.8459696,37.3575598,Moscow,539,71000,16093.321221581717,85,6,18,,14753,79037,45,1900,13,3.5
Лукум,55.7624693,37.56693,Moscow,306,71000,1936.6564069249537,85,16,78,,8337,95164,19,2000,8,4.1
Волшебная страна Ангария,55.7602322,37.6249069,Moscow,1284,89000,663.1232737667436,85,26,182,,14414,122625,39,3500,4,4.8
Dolphin,55.7687505,37.5811681,Moscow,1268,71000,934.2458065069017,85,6,118,,12081,84677,40,2400,9,3.8
ЛяКафе,55.7865557,37.6410753,Moscow,1455,94000,1461.446473370828,85,2,29,,11778,107844,28,2000,12,3.6
Идиллия,55.8117232,37.7182721,Moscow,1270,94000,5605.545069491627,85,0,10,,9478,67421,26,2100,8,4.3
ProCafe,55.8073997,37.4958417,Moscow,225,71000,6465.157163052335,85,5,38,,9187,64304,40,2100,2,4.0
Циферблат,55.7620423,37.6259837,Moscow,1296,89000,839.3644011635275,85,23,191,,5899,61274,12,2000,12,3.8
Монтероссо,55.7405345,37.6541884,Moscow,285,62000,1510.5975607601379,85,27,99,,9285,96887,46,1800,11,4.0
12 ярдов,55.7296283,37.5117506,Moscow,944,79000,3696.784538844362,85,0,9,,5144,105162,31,1950,9,4.6
Dadali,55.6816196,37.7237259,Moscow,260,62000,7724.769577780572,85,2,9,,14261,96108,41,1900,5,4.0
Детали,55.6231846,37.6740419,Moscow,309,62000,12211.409117246085,85,0,5,,5672,101158,10,2300,6,4.4
ABC coffee roasters,55.7571549,37.6006034,Moscow,828,72000,832.6649766383007,85,19,139,,9036,77721,40,2100,14,3.8
Zёrna fix,55.8065327,37.5051787,Moscow,1123,71000,5921.447796290378,85,2,52,,6181,91529,20,3500,2,4.6
Good point,55.7240105,37.651215,Moscow,552,62000,1181.6588444687281,85,9,48,,11331,78304,17,3500,1,4.5
Штолле,55.6920343,37.5372177,Moscow,1307,79000,6034.637680402794,85,11,27,,6253,60923,19,2400,0,4.6
Даблби,55.6920082,37.5372614,Moscow,263,79000,6036.628541994348,85,11,28,,9731,96035,25,2100,6,3.6
Pinzeria by Bontempi,55.7667934,37.6242559,Moscow,640,77000,1159.2881659121886,85,11,193,,9478,83031,15,1900,1,4.7
Урарту,55.8091895,37.5285862,Moscow,1011,71000,4981.054079082161,85,4,47,,10246,119988,31,2400,10,4.8
Gaswag coffee,55.7287383,37.6109936,Moscow,1279,62000,1647.653771643726,85,9,81,,7907,115062,47,1950,14,3.6
Unknown,55.7195284,37.6283978,Moscow,206,62000,1384.660852512579,85,6,50,,10156,89379,34,1950,8,4.5
Три ступени,55.8157659,37.5238254,Moscow,920,71000,5720.881299611547,85,0,18,,9831,129930,20,2000,10,4.6
Coffiberry's,55.7204855,37.6004921,Moscow,1076,62000,2567.7406647303023,85,1,48,,9510,72888,42,1950,12,4.0
Surf Coffee,55.7582138,37.625314,Moscow,792,89000,598.1914286442981,85,16,184,,5215,92697,26,1950,10,3.8
Dомино'с Пицца,55.6729724,37.7469289,Moscow,239,62000,9438.044883650236,85,2,11,,8290,71428,32,2300,0,4.6
Уно,55.7516034,37.5329227,Moscow,1204,79000,2178.3103195087115,85,2,57,,10246,93225,24,2100,9,3.7
Маяк,55.7730701,37.5971648,Moscow,693,54000,725.4066390748876,85,13,236,,5975,102891,26,2300,12,3.7
Кофекуб,55.6935881,37.6248693,Moscow,752,62000,4228.845945756797,85,4,32,,5733,71635,12,1700,9,4.1
Бургер & фрайс,55.7420463,37.6163157,Moscow,1145,89000,1662.8929471123686,85,5,111,,5861,115172,32,2300,14,4.5
Оазис,55.800096,37.7165526,Moscow,280,94000,4689.147253096797,85,1,25,,14502,73765,23,3500,4,4.8
Бакинский очаг,55.6843708,37.750407,Moscow,306,62000,8795.56812059665,85,0,11,,8225,110415,33,1800,0,4.5
Люблинские вечера,55.6859825,37.7364731,Moscow,672,62000,7993.2431964223515,85,1,11,,9349,97546,31,2300,13,4.2
Night Smoke караоке,55.6862102,37.7364626,Moscow,1465,62000,7976.883683530586,85,1,12,,9411,99234,35,2300,1,4.0
Зилола,55.6818549,37.7391378,Moscow,808,62000,8414.887372593872,85,1,11,,11363,80009,31,2300,10,3.8
Хуан,55.7016228,37.5801666,Moscow,1009,79000,4806.900411945523,85,5,21,,8427,116819,19,1700,11,3.8
Unknown,55.7437901,37.8650648,Moscow,1055,68000,13041.18312046187,85,5,37,,7387,94945,37,2400,8,4.0
Узоры,55.7458912,37.8022262,Moscow,789,68000,9109.627601311513,85,1,3,,6423,62016,31,1900,11,4.2
CoffeePort,55.749291,37.5373898,Moscow,1037,79000,1825.431918731547,85,46,71,,12788,120742,30,3500,3,4.7
CoffeePort,55.7499411,37.5374218,Moscow,1466,79000,1848.1121343772795,85,30,64,,6484,82020,14,2100,11,4.6
OneBucksCoffee,55.7492946,37.5372984,Moscow,1301,79000,1830.976595336254,85,46,71,,9100,94305,19,1950,9,4.2
Зелёная точка,55.7488242,37.5380322,Moscow,544,79000,1771.0218917196808,85,46,73,,6422,71628,14,3500,3,4.2
Хайнань экспресс,55.7494048,37.5372678,Moscow,479,79000,1836.7606350340382,85,43,71,,5716,106924,31,2400,2,4.3
Prime,55.7489248,37.5379368,Moscow,922,79000,1780.1203315247237,85,46,73,,12946,128991,41,2000,9,4.6
Хинкальная,55.707317,37.701137,Moscow,1074,62000,4803.197187354558,85,2,11,,11540,119943,32,1800,10,4.6
Гоген,55.7532252,37.6675513,Moscow,784,68000,730.3208171697913,85,10,77,,7715,64038,25,1700,8,4.5
XXI,55.7411018,37.5255237,Moscow,1321,79000,2491.866710850794,85,4,45,,11536,61303,11,2100,14,3.8
Кофе муз,55.691526,37.538134,Moscow,207,79000,6072.630203038279,85,6,30,,10915,79820,10,3500,5,3.6
ABC coffee roasters,55.7613489,37.6315709,Moscow,331,85000,711.6055347732203,85,30,210,,11077,72894,27,1900,13,4.1
Mr.Coffi,55.6813375,37.5029318,Moscow,706,79000,7979.10863926213,85,1,19,,6747,103979,23,2000,1,4.2
Stars Coffee,55.7195152,37.6083173,Moscow,780,62000,2203.8489024302517,85,16,54,,11541,76130,20,3500,6,4.3
Шеф Донер,55.6448634,37.5198587,Moscow,1354,79000,11380.710108872718,85,6,24,,14224,73182,39,1900,1,3.8
Charlie coffee,55.7587578,37.6776783,Moscow,205,68000,1246.657903495583,85,6,41,,7293,111340,21,2100,5,4.8
Нескафе,55.6455719,37.5211183,Moscow,564,79000,11284.91593827309,85,5,24,,11517,125266,27,3500,7,4.4
Чайникофф,55.7055543,37.6560783,Moscow,1052,62000,3071.400539153752,85,9,40,,13832,94277,46,1700,2,4.8
Свежъ,55.7725173,37.651901,Moscow,459,94000,433.0527031468982,85,22,98,,8817,115533,47,1900,12,3.9
Кулинарная лавка братьев Караваевых,55.7686866,37.6792762,Moscow,1088,94000,1722.4204253757368,85,12,88,,5547,123643,37,2000,11,3.6
Самаргало,55.7768163,37.6078903,Moscow,1386,54000,441.18814251239996,85,10,168,,12759,83368,26,2000,1,3.9
БуфетЪ Чайковский,55.7571247,37.6052865,Moscow,770,89000,670.4841197085784,85,11,133,,11917,85628,19,2100,2,4.8
Naiv,55.7568077,37.5963333,Moscow,1208,72000,1002.6802819427145,85,13,124,,6492,97119,44,2100,14,3.9
YesNoMilk,55.719555,37.5493597,Moscow,1167,79000,2889.1714344461516,85,1,19,,9059,101389,27,1800,11,4.2
Пирапора,55.7802424,37.6647049,Moscow,1242,94000,768.6780969260628,85,7,71,,8591,120166,11,2000,5,4.2
Unknown,55.6723105,37.8620983,Moscow,1112,62000,15540.928802504397,85,3,7,,13534,93937,29,1950,0,4.3
Unknown,55.6726797,37.8615738,Moscow,234,62000,15493.82072915835,85,3,7,,10854,89541,44,2300,3,3.9
Unknown,55.6733179,37.8610065,Moscow,282,62000,15431.811385455798,85,3,8,,8824,119807,15,2300,10,4.1
Unknown,55.6731743,37.8614088,Moscow,616,62000,15461.398791411753,85,3,8,,13304,77204,41,1950,11,3.9
Yumbaker,55.7322963,37.6267101,Moscow,1417,62000,660.1835203871557,85,12,134,,12409,107222,42,2300,8,4.7
Гурмания,55.8343266,37.4102953,Moscow,463,71000,12588.349186079682,85,1,6,,9686,106581,16,2400,1,4.0
Unknown,55.837858,37.6669921,Moscow,299,94000,6918.9975253803395,85,0,15,,6968,128620,27,1950,4,4.7
Трапезная,55.7488993,37.66982,Moscow,1265,68000,1165.5247518970873,85,1,69,,5909,124358,29,3500,13,4.3
Pinsapositana,55.7817167,37.5804328,Moscow,609,71000,569.9410140226346,85,11,142,,6637,114563,31,1700,6,3.8
Печорин,55.7345513,37.5887266,Moscow,533,79000,1819.2880908418754,85,17,59,,11549,75245,39,2100,11,4.4
Ku:,55.7477494,37.5345164,Moscow,803,79000,1952.9184092819532,85,36,75,,12710,100366,16,2300,3,4.3
Абу Гош,55.7469342,37.5869812,Moscow,645,79000,1413.9251267706927,85,9,89,,7233,123197,15,2300,9,4.8
Несвятые святые,55.7662164,37.6290844,Moscow,200,85000,1271.0380985678792,85,13,185,,14035,100026,40,2300,4,4.2
Syncope,55.7842394,37.6611674,Moscow,319,94000,994.0431665344688,85,4,35,,6208,85474,30,2000,5,4.7
Шоколадница,55.7392703,37.596281,Moscow,713,79000,2027.4179165082892,85,5,75,,5456,74341,20,1900,3,4.1
Unknown,55.8094327,37.513378,Moscow,297,71000,5700.470107028938,85,5,53,,12367,92262,18,2300,4,3.7
Are,55.7583046,37.6396818,Moscow,977,85000,556.6113535309015,85,28,202,,8998,80491,26,2300,6,3.7
Хан Кебаб,55.7112751,37.612828,Moscow,506,62000,2665.010153945852,85,5,70,,10482,125597,48,2300,3,3.6
Дэди,55.6928298,37.5613746,Moscow,643,79000,5694.395562291665,85,4,27,,5130,115363,40,1900,10,4.1
Unknown,55.8516878,37.4402996,Moscow,1190,71000,12230.180532002718,85,11,31,,9468,93301,15,1900,7,4.2
Кафе-кулинария,55.7277465,37.8605251,Moscow,1018,68000,13087.39283845536,85,1,3,,10142,91568,20,3500,9,4.3
1554,55.7865874,37.5951414,Moscow,769,54000,946.4224063931564,85,7,167,,7630,94101,25,1800,5,4.7
Рамен Клаб,55.7301776,37.6253588,Moscow,952,62000,734.5951378587018,85,20,114,,10570,125339,39,1800,0,4.5
Аромат кофе,55.8454093,37.5761268,Moscow,1162,54000,7559.258300987798,85,8,17,,5035,112823,41,2100,4,4.5
Кофе&Выпечка,55.6577416,37.4238985,Moscow,205,79000,13044.806614194536,85,1,8,,13984,64760,38,1900,11,4.4
Jam nail cafe,55.7165429,37.616894,Moscow,1476,62000,2041.952690759048,85,4,83,,13420,94865,30,1800,3,4.2
Буркина фасоль,55.7077795,37.5833066,Moscow,1343,79000,4187.501959899159,85,1,30,,6905,96827,30,2300,12,3.6
Кофе для души,55.7328312,37.6240519,Moscow,728,62000,835.8620487992639,85,10,140,,6766,128623,34,1700,14,4.5
Мультяшка,55.9084478,37.8277199,Moscow,775,94000,18253.26767087399,85,0,0,,9055,123409,10,1700,14,4.0
Нугбари,55.8409296,37.493602,Moscow,882,71000,9079.65101431051,85,11,22,,10134,90516,27,1800,11,3.7
Кочевник,55.7660339,37.5564982,Moscow,461,71000,2108.4979676263597,85,5,59,,6136,60835,48,2100,1,3.7
Сэр Пуэр,55.7393447,37.6604102,Moscow,1284,62000,1734.6284417889601,85,15,100,,10669,124279,19,1800,4,3.6
Touch & Go Coffee,55.6526137,37.4077139,Moscow,405,79000,14156.407328263615,85,0,11,,9930,67596,12,1900,6,4.8
Тихий Дом,55.8084336,37.8288818,Moscow,476,94000,11452.586085003728,85,0,8,,10052,115467,13,2100,9,4.6
Cannibal Coffee,55.7363231,37.6144933,Moscow,1264,62000,1528.3527056457256,85,11,107,,13683,126689,31,1950,7,4.6
Mr. Croissant,55.84024,37.492024,Moscow,818,71000,9081.851192178523,85,11,23,,13246,106655,46,1900,11,3.8
Смородина Lounge,55.674626,37.6660387,Moscow,731,62000,6527.219625326764,85,5,19,,7759,98315,44,2000,8,4.3
Ранние пташки,55.7916676,37.8053215,Moscow,515,94000,9559.209201293674,85,4,20,,8676,75164,15,2300,13,4.2
Pho City,55.7935807,37.5798696,Moscow,291,71000,1861.688832392645,85,6,77,,11312,111988,15,2100,1,4.8
Swift Coffee and Tea,55.7000526,37.6221832,Moscow,1436,62000,3564.144967960034,85,9,46,,9464,106543,41,3500,10,4.6
Шашлычная,55.7524004,37.857928,Moscow,441,68000,12520.643285637176,85,19,53,,14670,118508,11,1950,9,3.5
Сладкая параллель,55.7993934,37.4077445,Moscow,241,71000,11297.279082150551,85,0,6,,7843,102815,34,2400,10,3.7
Má Mì,55.7968387,37.5819297,Moscow,1282,71000,2209.757060647338,85,12,84,,10593,87944,28,2400,3,3.7
Страдивари,55.805078,37.509457,Moscow,1242,71000,5609.274200795439,85,10,53,,10261,117432,46,1900,12,3.5
Healthy Boom,55.7091754,37.6527192,Moscow,1073,62000,2618.8703170764447,85,19,43,,11733,87321,36,1950,6,3.9
1913,55.7856324,37.5791155,Moscow,1185,71000,1007.3015409781386,85,6,69,,14963,63962,23,2300,8,3.5
Вкус Востока,55.6263101,37.7494662,Moscow,1167,62000,13609.949351029441,85,0,3,,9375,63922,41,1900,3,3.6
Mr. Big,55.7345846,37.5886086,Moscow,326,79000,1811.1193017888097,85,17,58,,7926,93612,45,2400,12,3.8
Сибирские истории,55.7276146,37.5677665,Moscow,272,79000,1830.1865659404955,85,10,53,,6279,89833,26,2400,4,4.7
Taco Project,55.7788524,37.5985368,Moscow,832,54000,217.19097276852335,85,28,217,,9477,101565,42,1900,9,4.2
Surf Coffee,55.7773763,37.5852793,Moscow,482,71000,90.28548679663658,85,22,185,,5140,75388,38,1900,13,4.1
Бургер&Фрайс,55.6642285,37.5988181,Moscow,747,62000,7800.662038922017,85,2,8,,5894,110797,42,2100,8,4.7
Сельский Дом,55.8097556,37.7978383,Moscow,520,94000,9685.967184699628,85,7,22,,5770,74981,38,1950,4,4.5
Кафе-столовая,55.8191379,37.7925635,Moscow,1468,94000,9845.829997009372,85,1,7,,14364,64441,23,3500,2,4.3
Хлеб Насущный,55.6950529,37.5314977,Moscow,450,79000,5833.1196567828465,85,7,29,,11100,128998,26,1900,7,4.6
Ёрш,55.778593,37.480301,Moscow,891,71000,6487.385920979591,85,1,16,,5878,82919,44,1800,10,3.9
Трапезная лавка,55.8648088,37.4338907,Moscow,762,71000,13537.35627682083,85,2,9,,5936,121439,34,2300,9,4.0
Чайхана №5,55.5963312,37.77492,Moscow,292,62000,17293.413969251593,85,0,0,,13384,107874,38,2300,2,4.2
Киргизия,55.6230847,37.4418598,Moscow,1192,79000,15503.579367951248,85,0,1,,10127,104178,26,1950,2,4.1
Unknown,55.5714322,37.6016661,Moscow,283,62000,17881.078298209297,85,2,4,,12437,71185,17,2100,5,4.5
Unknown,55.571053,37.6022857,Moscow,1177,62000,17918.153586626184,85,2,4,,14815,119632,44,1800,6,4.1
Солнечное,55.5713685,37.6023582,Moscow,1369,62000,17882.7777646925,85,2,4,,14526,109797,29,1900,11,4.2
One&Double,55.794466,37.5890387,Moscow,929,54000,1901.1060598525473,85,9,81,,9630,97547,24,1900,12,3.8
ПораПоПицце,55.6538797,37.7577807,Moscow,1245,62000,11438.444420225582,85,1,14,,12777,65664,26,1800,2,4.5
Unknown,55.6567777,37.6072375,Moscow,1239,62000,8461.29506795901,85,2,15,,10835,102596,19,1700,7,3.8
"Чайхана ""Ферганская долина""",55.7747949,37.8650908,Moscow,355,68000,13104.915988384711,85,1,11,,7983,113022,34,2300,1,3.9
Еда,55.6728311,37.6307497,Moscow,1180,62000,6479.932071245369,85,2,13,,9263,128558,23,2300,7,4.1
Unknown,55.7536368,37.8789542,Moscow,364,68000,13830.712241004492,85,1,26,,14794,75906,37,1800,5,4.1
Unknown,55.7201751,37.8577459,Moscow,1186,68000,13157.352030218844,85,1,3,,10262,72046,35,1800,7,3.8
Frank by Баста,55.7611943,37.6233713,Moscow,309,89000,655.9090874872967,85,23,180,,11695,100625,49,1900,9,4.4
Unknown,55.772192,37.7525661,Moscow,1032,94000,6116.690507492417,85,3,8,,5875,73030,28,2400,8,4.0
Эспрессоварня,55.7345755,37.6381983,Moscow,1390,62000,404.5941562394168,85,13,120,,13431,80761,31,2400,2,3.8
Surf Coffee,55.6225333,37.4220025,Moscow,409,79000,16210.561421833805,85,5,5,,5099,120149,44,2400,6,4.4
Чебуреки решают,55.7963334,37.5819256,Moscow,1428,71000,2153.684726958871,85,14,79,,5503,85719,37,1800,4,4.4
Осетинские пироги,55.7100432,37.6205525,Moscow,1367,62000,2547.805806586326,85,33,65,,8294,106681,38,2100,11,3.8
Pro Coffee,55.800491,37.7107054,Moscow,1363,94000,4421.008156784648,85,4,27,,9761,76714,44,2100,0,3.8
Cream Soda,55.7776426,37.5868705,Moscow,790,71000,193.21128542064548,85,15,212,,13739,62116,28,2400,11,4.6
YaSkofe,55.8082182,37.5009969,Moscow,1137,71000,6242.839356013669,85,5,42,,13424,81698,41,1800,4,3.6
Coffee Like,55.748534,37.861312,Moscow,768,68000,12757.351763136145,85,13,55,,13260,85901,40,2100,13,3.6
Coffee Like,55.658835,37.741908,Moscow,220,62000,10373.76335102991,85,0,19,,5403,88156,40,1900,0,3.6
Coffee Like,55.6902923,37.601687,Moscow,753,62000,5038.127697795662,85,6,12,,5525,111055,42,3500,11,3.8
Coffee Like,55.709617,37.895781,Moscow,428,68000,15791.793177339548,85,1,5,,12590,93333,49,2400,13,3.6
Coffee Like,55.783605,37.721292,Moscow,702,94000,4230.825436900418,85,14,36,,8762,96630,33,2100,8,4.1
Coffee Like,55.810688,37.63676,Moscow,496,94000,4022.129659644942,85,5,24,,7408,81903,26,2300,5,4.6
Допинг,55.7469167,37.6791924,Moscow,618,68000,1736.622863394614,85,13,41,,5161,128914,16,2300,11,3.8
Coffee Like,55.5653969,37.5568109,Moscow,1177,62000,19089.226735043732,85,0,4,,12405,85538,39,2100,3,3.6
Coffee Like,55.790545,37.600657,Moscow,779,54000,1286.4888355782155,85,1,86,,12199,65299,17,1800,3,3.7
Coffee Like,55.6122793,37.6069468,Moscow,709,62000,13334.974870253194,85,5,7,,11426,62486,13,2100,10,4.1
Coffee Like,55.844136,37.6628977,Moscow,419,94000,7592.431999701073,85,8,14,,14335,83668,48,1950,6,4.3
Coffee Like,55.566608,37.689626,Moscow,990,62000,18575.383089317107,85,0,2,,8092,111343,17,1700,9,4.3
Алло! Пицца,55.6216213,37.7255264,Moscow,435,62000,13369.042099539101,85,0,7,,11521,85030,25,2300,8,4.8
Коток,55.6430836,37.7526578,Moscow,1298,62000,12170.658344805062,85,0,6,,13032,92591,19,1900,1,4.5
Cofix,55.752705,37.5983009,Moscow,1283,89000,1206.0762957827847,85,24,115,,6188,118765,31,1900,1,4.2
Surf Coffee,55.7524098,37.5973412,Moscow,745,89000,1274.23706813079,85,25,120,,10541,75489,36,1700,2,4.4
Хлеб Насущный,55.8239333,37.4966116,Moscow,999,71000,7554.226315094456,85,14,24,,5372,125613,15,1700,8,3.7
Surf Coffee,55.7822462,37.5998112,Moscow,309,54000,386.0390940183741,85,41,177,,8529,60447,18,1950,9,3.5
Порапопицце,55.6540283,37.7575137,Moscow,875,62000,11414.97328726072,85,1,16,,13128,73323,19,1900,8,3.8
Univer Club,55.7404487,37.6360728,Moscow,606,62000,1052.249760739917,85,9,121,,14275,65486,26,2300,11,3.8
Unknown,55.7978841,37.594903,Moscow,281,54000,2146.1820442304856,85,15,69,,14893,120419,40,2300,2,3.6
ShakeUp,55.7547853,37.6131784,Moscow,369,89000,303.01201574255714,85,7,126,,12478,109437,43,2100,12,3.6
Кофе Пончик,55.7307833,37.6017085,Moscow,232,62000,2209.7922465854986,85,0,56,,6750,87444,21,1950,7,4.6
Му-Му,55.7798106,37.6019926,Moscow,560,54000,90.13579540904456,85,36,188,,11211,120627,23,1700,12,4.6
Unknown,55.6051765,37.5039117,Moscow,341,79000,15904.595300200832,85,0,8,,11781,117585,30,2000,2,4.7
PinoCoffee,55.6451077,37.5189156,Moscow,1313,79000,11369.267789748472,85,6,23,,12449,87303,26,1900,4,4.6
Bollo,55.7700647,37.585477,Moscow,1483,71000,776.6832345927002,85,10,135,,8938,77266,36,2000,1,4.2
Cream Soda,55.7403628,37.6207495,Moscow,1385,62000,1455.6355087889508,85,12,128,,14830,105540,42,1950,9,4.3
Шоколадница,55.8472998,37.6391898,Moscow,219,54000,7942.100810212375,85,8,18,,14626,118157,24,2100,9,4.2
Di Luca,55.7244115,37.5654282,Moscow,1392,79000,2178.3067879211603,85,7,41,,6775,97546,25,1800,0,4.4
На Подмосковной,55.8140706,37.5391376,Moscow,564,71000,4985.505254516012,85,0,12,,14938,68653,48,1700,2,4.4
Coffee Inn,55.7476224,37.6276765,Moscow,1361,85000,885.4143170868222,85,7,102,,13146,73114,37,1900,2,4.2
Художница,55.9037518,37.360594,Moscow,1013,71000,19829.454720556285,85,0,0,,11723,98824,11,1800,6,3.7
Ra'men,55.7721777,37.6196055,Moscow,894,77000,1166.735614810821,85,24,126,,9636,109505,28,2300,5,4.5
Кофе-Москва,55.7781223,37.6066812,Moscow,1111,54000,308.57995946157183,85,16,187,,5644,78691,25,1800,14,4.7
Чайхана Сафо,55.641498,37.6561136,Moscow,1279,62000,10024.026306673397,85,1,10,,6319,115024,12,1800,8,3.7
Салют,55.7064723,37.7137136,Moscow,1033,62000,5524.786500818146,85,0,6,,13389,118025,47,1950,6,4.8
Шоколадница,55.7580229,37.8433226,Moscow,1079,68000,11596.004590017923,85,0,9,,11895,128245,22,2100,9,4.7
АндерСон,55.618731,37.6726624,Moscow,384,62000,12682.425544437428,85,1,6,,5732,114298,12,1800,10,3.6
Бистро 3.6,55.846835,37.5649105,Moscow,1496,71000,7856.365942833794,85,0,15,,10008,68458,33,2300,2,3.7
Джи Пи Вингс,55.767898,37.6467669,Moscow,1191,94000,1037.686208157522,85,12,163,,7582,113794,26,1950,1,4.3
Едим как дома,55.7768088,37.6575799,Moscow,1325,94000,184.71586769465662,85,11,84,,8439,97072,44,2000,5,4.1
Самми,55.6579514,37.4942392,Moscow,415,79000,10545.559194057394,85,0,7,,14219,65698,11,1900,9,4.4
Red Black Family,55.7620069,37.6489328,Moscow,1240,68000,794.8503265597907,85,23,192,,11272,124375,16,1900,9,4.6
BongBong,55.765369,37.6394596,Moscow,466,85000,1221.7589413058731,85,10,202,,9372,119610,32,1800,11,4.6
Vатук,55.779777,37.5930435,Moscow,1086,54000,566.7095916217639,85,60,230,,12901,63473,24,1900,3,4.5
Soul in the Bowl,55.7797363,37.5930624,Moscow,518,54000,564.8681545131763,85,60,230,,6417,125159,40,3500,6,4.6
Kulek,55.7798019,37.5931321,Moscow,289,54000,561.6672106725404,85,59,229,,12003,97527,11,2100,8,4.4
Inchoco,55.7799776,37.5931321,Moscow,1248,54000,565.0968694054781,85,59,229,,5948,98707,23,1700,6,3.7
Tsomi,55.780038,37.5933239,Moscow,516,54000,554.6898103993543,85,58,229,,9234,64887,43,2400,4,3.7
Gilo,55.780084,37.5933963,Moscow,496,54000,551.3575389790321,85,58,228,,5656,75515,32,1950,5,4.6
Cheesemania,55.7800033,37.5934017,Moscow,298,54000,549.1354852002596,85,58,229,,6641,82456,37,2100,2,3.8
Greek street,55.779992,37.5934298,Moscow,907,54000,547.1604358608345,85,58,229,,11998,117337,13,1950,7,4.8
Mollusca,55.7800387,37.5934835,Moscow,656,54000,544.948331737059,85,58,229,,13467,69357,19,1700,7,4.6
Ryba Family,55.7800802,37.5935478,Moscow,1070,54000,542.0230421153732,85,58,228,,6499,113939,26,1950,9,4.6
Mr. Crabs,55.7801481,37.5936015,Moscow,1144,54000,540.4819439903088,85,58,228,,13371,88618,36,1900,12,4.3
Buffalo's,55.7801594,37.5935505,Moscow,620,54000,543.8778306811136,85,58,227,,9788,61707,42,1900,5,3.8
Сокровища морей,55.780231,37.5938436,Moscow,892,54000,528.0964870230539,85,58,227,,11741,106022,20,1900,13,4.2
Рыба Моя Market,55.7802186,37.5936967,Moscow,1037,54000,536.6242599016906,85,58,227,,11769,79024,25,1700,11,3.9
Шеф,55.7803328,37.5931442,Moscow,1435,54000,573.2712034896936,85,58,226,,13820,90073,24,2000,1,4.4
Шеф Тантуни,55.7805425,37.5934432,Moscow,631,54000,561.9023478739336,85,58,226,,12187,71665,17,2100,12,3.8
Bổ,55.7802484,37.5927754,Moscow,977,54000,593.3143816239643,85,59,224,,14138,124256,12,2300,10,3.9
Mama Mia,55.7803345,37.5928841,Moscow,751,54000,589.0458420266564,85,58,224,,11529,63185,27,1900,11,4.7
Glukoza,55.7803887,37.5929229,Moscow,1291,54000,588.2509392577119,85,58,224,,13201,74861,35,1800,12,4.1
Чосон,55.7805387,37.5930054,Moscow,1274,54000,587.9091145756709,85,57,221,,7808,119604,11,2100,7,4.1
Poke House,55.7805719,37.5930557,Moscow,220,54000,585.9908509942857,85,57,221,,13268,119338,19,1900,4,4.0
Bright,55.7805825,37.5929779,Moscow,942,54000,590.9860627543354,85,57,219,,5708,65982,28,2300,9,3.7
The Truffle,55.7805282,37.5926802,Moscow,1344,54000,607.0657774014818,85,57,219,,9231,65172,17,3500,6,4.6
Новые русские пельмени,55.7804912,37.5926252,Moscow,1179,54000,609.2360538907109,85,57,219,,10619,97532,20,3500,4,3.8
China Má,55.780486,37.592772,Moscow,1307,54000,600.248510014395,85,57,220,,10839,78216,13,2000,1,4.7
Ламянь,55.7804513,37.592719,Moscow,1239,54000,602.3905538808484,85,57,221,,13168,89685,49,2100,14,4.1
Siam,55.7804441,37.5927828,Moscow,892,54000,598.3324014794547,85,57,221,,10798,70266,41,1950,10,4.3
Три утки,55.7804053,37.592719,Moscow,611,54000,601.0408155522304,85,57,222,,13767,109799,14,1950,4,4.6
Бакинский уголок,55.7803359,37.5926118,Moscow,832,54000,605.5778911995066,85,58,222,,12010,68919,10,3500,2,3.6
Ku:,55.7801356,37.5923013,Moscow,1247,54000,619.5003923977856,85,59,225,,7890,107505,27,2000,9,3.9
Burger Heroes,55.7745303,37.581638,Moscow,447,71000,311.8267980919755,85,24,161,,5048,71690,14,2400,4,4.5
Mac&cheese,55.7603274,37.6248237,Moscow,1361,89000,664.5886499131427,85,26,178,,5354,69100,14,2400,0,3.7
Surf Coffee,55.7677079,37.5994621,Moscow,1425,77000,507.86450601822156,85,8,142,,9123,86714,15,1900,4,4.3
Поколение кофе,55.741624,37.5311249,Moscow,585,79000,2136.726570352634,85,11,68,,13057,72467,34,3500,2,4.7
Boring Coffee,55.7410717,37.5318235,Moscow,1183,79000,2101.9903658532107,85,13,63,,9913,123894,24,1900,13,4.0
Coffee Point,55.7275754,37.6446565,Moscow,1157,62000,612.2397623608451,85,14,90,,12429,90920,21,3500,8,4.1
Cofix,55.7097006,37.6572847,Moscow,626,62000,2687.5957581640396,85,21,38,,6188,102892,18,2100,8,4.8
Unknown,55.7140243,37.8120801,Moscow,555,68000,10764.872641429703,85,1,6,,14532,66034,17,2400,11,3.6
Клетка,55.7134129,37.8159016,Moscow,647,68000,11009.592069952185,85,1,6,,5169,65820,45,1900,3,3.7
Cofix,55.7552186,37.6606795,Moscow,676,68000,259.51203812184536,85,10,111,,14145,127584,23,2300,1,4.5
Veranda,55.6547356,37.6589265,Moscow,275,62000,8590.83454256511,85,2,10,,7734,83814,42,1950,8,4.5
Coffee Like,55.910987,37.856659,Moscow,1444,94000,19590.75933994957,85,0,4,,11677,65715,10,2400,6,3.9
Булка и кофе,55.7252567,37.6256492,Moscow,453,62000,955.5097351529575,85,8,94,,9195,94564,27,1800,14,3.7
Домик в саду,55.718551,37.5904378,Moscow,301,62000,3227.700913170162,85,2,23,,9884,73350,49,2100,10,4.0
Хлеб Насущный,55.7190692,37.5919157,Moscow,990,62000,3119.3914100636725,85,2,25,,7888,69105,34,2000,8,3.7
Prime,55.7305062,37.63516,Moscow,1255,62000,127.62171979240104,85,22,130,,6379,91528,18,1900,14,3.7
Лотос,55.878141,37.5828392,Moscow,1058,54000,11088.737912987746,85,1,4,,14282,98957,45,2000,11,4.0
Pho №1,55.7694101,37.6207982,Moscow,1468,77000,1047.5466026095032,85,22,143,,7234,78588,42,2400,12,3.6
Салют,55.7669509,37.6124768,Moscow,1006,77000,459.57859873236157,85,14,162,,14820,92146,28,2100,10,3.6
Кафетериус,55.7408225,37.5316948,Moscow,1134,79000,2114.4092698784275,85,13,59,,13585,112820,31,2000,12,4.3
Cofix,55.7488137,37.5831945,Moscow,706,79000,1258.2613018474678,85,17,64,,10798,93455,24,1950,4,4.7
Prime,55.725487,37.6434366,Moscow,1175,62000,733.6394717153061,85,7,84,,6655,119156,32,1900,3,4.3
Печки-лавочки,55.706762,37.6968149,Moscow,594,62000,4615.00721627924,85,1,18,,5445,88870,14,2400,5,4.4
33 пингвина,55.611114,37.606622,Moscow,830,62000,13466.132312518146,85,6,8,,12582,74360,41,2000,3,4.6
33 пингвина,55.6533914,37.8445691,Moscow,1407,62000,15611.171072240186,85,5,8,,13935,71517,22,1700,7,4.6
33 пингвина,55.8458284,37.6625007,Moscow,536,94000,7778.695340278295,85,8,14,,8757,60120,30,2300,12,3.5
33 пингвина,55.7037003,37.512635,Moscow,224,79000,5552.832914508072,85,8,23,,12446,111365,39,1900,12,4.6
33 пингвина,55.692115,37.8964,Moscow,1291,68000,16581.03490826883,85,1,11,,12483,86648,47,1950,11,4.2
Unknown,55.8775738,37.4652792,Moscow,913,71000,13418.175390422635,85,2,7,,5718,115345,16,2400,4,3.8
Кофельяно,55.8774429,37.4649359,Moscow,1020,71000,13417.924876851705,85,2,8,,9788,96405,27,1700,9,4.0
Кофе с тобой,55.7711815,37.6515342,Moscow,1413,94000,577.9790148463426,85,16,105,,13137,125909,36,1700,2,3.8
Пшеница,55.7711885,37.6511765,Moscow,424,94000,586.0251080440905,85,16,106,,10104,120285,26,2000,10,3.7
Премьера,55.6568126,37.7296023,Moscow,1485,62000,10086.162040146028,85,0,10,,8437,85028,33,1800,13,3.9
Кантата,55.7319319,37.664079,Moscow,672,62000,1698.6010100048281,85,10,59,,5849,85358,45,2000,0,3.6
Шоколадница,55.7319343,37.6641172,Moscow,285,62000,1701.0045195103132,85,10,59,,5852,92376,28,1800,10,4.6
Космос,55.8354164,37.6216207,Moscow,258,54000,6391.911720588086,85,5,29,,6502,115916,13,1900,4,4.2
Мараканд,55.7532026,37.5828633,Moscow,820,79000,1515.5547299402156,85,3,68,,8406,101652,18,2300,6,4.4
Surf Coffee,55.7308701,37.6414574,Moscow,1455,62000,279.45862655258384,85,24,103,,11766,127894,11,1900,8,3.5
Кулинарная лавка братьев Караваевых,55.729353,37.6219216,Moscow,1188,62000,961.7002370554195,85,20,109,,6057,109883,48,1900,10,4.6
Хабурзак,55.7678814,37.5928907,Moscow,1416,77000,880.4163931944522,85,18,147,,6498,98673,46,1950,11,4.7
Провинчи,55.7937555,37.6102835,Moscow,876,54000,1720.5360610295147,85,9,35,,7345,113454,22,2300,5,3.7
Familyfarm,55.727777,37.6140238,Moscow,884,62000,1482.6010897000294,85,6,86,,12362,71777,45,1900,8,4.3
Kuzina,55.6885453,37.5474754,Moscow,1279,79000,6263.215850762588,85,1,25,,10015,108957,32,1700,1,3.7
Kuzina,55.738007,37.4102928,Moscow,1095,79000,9706.8713882158,85,2,13,,8161,122343,38,2100,13,4.0
Инсайт,55.7674048,37.6508684,Moscow,595,94000,990.0620280594321,85,9,143,,14178,95625,44,2300,1,3.8
4 элемента кофе,55.6428478,37.5404639,Moscow,1284,79000,11352.239647472074,85,0,13,,6654,93834,11,1900,11,3.7
Surf Coffee,55.8221524,37.3849681,Moscow,749,71000,13414.763297081194,85,7,26,,9810,105254,47,2100,5,4.0
Зайкафе,55.7796543,37.6038401,Moscow,793,54000,136.1399941231396,85,26,188,,12417,86825,13,1900,9,4.1
Lao Lee,55.7636472,37.5694277,Moscow,303,71000,1742.2138593634038,85,15,75,,9059,79501,40,2400,4,4.4
Unknown,55.7854589,37.5304096,Moscow,855,71000,3480.5596000432065,85,0,20,,10931,117295,47,1800,11,4.6
Трапезная,55.7384079,37.6241876,Moscow,625,62000,1149.7500478267511,85,13,135,,11226,121801,45,2100,12,4.2
Фергана,55.8060624,37.5413997,Moscow,297,71000,4187.536010368347,85,5,34,,7043,110353,23,2000,9,4.5
Conversation,55.738595,37.5958781,Moscow,487,79000,2024.1010946892302,85,5,77,,5398,103498,46,1950,2,4.5
Coffee Shots,55.7895199,37.5834989,Moscow,998,71000,1392.5019137113034,85,8,67,,14170,106252,33,3500,11,3.5
Jumbo Cafe,55.7073102,37.6664464,Moscow,1180,62000,3215.613036038328,85,0,42,,5816,93260,10,2400,6,3.8
Наши люди,55.7295313,37.6323178,Moscow,297,62000,335.5840402446338,85,13,130,,7448,69397,45,2400,8,4.6
Всё Лень,55.7556878,37.5510107,Moscow,706,79000,1566.9932973858815,85,10,54,,9782,115755,33,1950,8,4.7
Barista Style,55.7243018,37.7160595,Moscow,466,62000,5006.17567987541,85,2,5,,5238,108368,44,1800,6,4.3
Соль и мясо,55.5424037,37.5720898,Moscow,700,62000,21362.99783959777,85,0,1,,5856,97408,41,1700,7,4.2
Райская трапеза,55.6638377,37.4365105,Moscow,983,79000,12010.974620791269,85,0,1,,7766,86483,36,2000,1,4.7
Stars coffee,55.7093158,37.6535555,Moscow,318,62000,2624.656065204332,85,20,43,,14456,113448,21,1700,9,4.1
Unknown,55.6716308,37.7249629,Moscow,1413,62000,8599.947129521206,85,1,7,,11885,124862,25,1900,13,4.0
НеБулошная,55.7806945,37.4492895,Moscow,243,79000,8309.71529439199,85,0,4,,6384,110687,34,1700,4,4.1
Cofix,55.7651978,37.6386688,Moscow,1129,85000,1188.1150046808632,85,14,208,,9575,76245,46,1900,2,4.6
Harvard Café,55.7558882,37.7043478,Moscow,657,68000,2902.6487992917046,85,2,40,,13536,119629,34,2400,4,4.3
Cofix,55.7643218,37.6028846,Moscow,859,72000,198.1518402195709,85,15,157,,7439,83952,15,2000,5,4.2
Cofix,55.864007,37.5456282,Moscow,1167,71000,9967.25462906242,85,5,15,,11579,91469,15,1800,5,3.6
Unknown,55.816861,37.7801225,Moscow,393,94000,9044.962335073504,85,0,5,,9248,97947,30,1950,0,3.9
Родник,55.7382645,37.6732447,Moscow,441,68000,2291.3730180304847,85,3,60,,11294,60996,19,2100,13,4.3
Столовая №17,55.782853,37.8641292,Moscow,372,94000,13099.828867593846,85,1,10,,10301,69188,49,2100,6,4.1
Мистер Круассан,55.8402851,37.4917755,Moscow,206,71000,9095.56299261964,85,11,23,,9395,122167,49,3500,9,4.0
Кофе муз,55.7741541,37.5805855,Moscow,238,71000,381.76031706215747,85,18,116,,8703,84761,17,1950,1,4.8
#Шаурмяне,55.7753515,37.5839996,Moscow,818,71000,183.30483828098596,85,31,169,,6646,128095,47,2100,10,4.4
White Fox,55.7437623,37.6564249,Moscow,1370,68000,1475.2617841981028,85,17,99,,8709,71820,26,1800,7,3.7
Узбечка,55.8326645,37.5320216,Moscow,340,71000,6990.182363669644,85,0,4,,10623,72817,39,1700,2,4.1
Чайхана,55.8642926,37.4745716,Moscow,675,71000,11871.95286303468,85,2,15,,14325,94761,11,1900,11,4.8
МагБургер,55.8016537,37.8994501,Moscow,237,94000,15546.646780068466,85,0,0,,11315,83519,15,1800,8,4.7
Unknown,55.8697299,37.4699304,Moscow,981,71000,12533.417271123737,85,0,12,,5711,128702,32,2100,4,4.4
Марсера,55.6672775,37.6324345,Moscow,677,62000,7091.39180906465,85,2,8,,11659,92379,22,1800,7,3.5
Рыжая Кошка,55.7431097,37.6388075,Moscow,1263,62000,1351.2830909693678,85,3,109,,6417,79131,22,1800,14,4.4
Cafe for persons,55.7922525,37.5408443,Moscow,969,71000,3187.0692418655276,85,1,27,,5100,95340,43,1800,6,4.5
Gusto cosmico,55.7143622,37.5911075,Moscow,1097,62000,3417.9800247402954,85,0,30,,5903,120229,26,3500,10,3.7
Сыто Пьяно,55.7534174,37.7165114,Moscow,640,68000,3682.824816019342,85,10,42,,9944,76753,15,1700,9,4.6
Шава гриль,55.6094723,37.5269406,Moscow,1066,79000,15147.933423333532,85,0,14,,7321,69257,11,1700,0,4.3
It's coffee,55.6177523,37.5055878,Moscow,403,79000,14523.822880377098,85,6,7,,14161,118812,38,1950,11,3.5
Unknown,55.6147373,37.5277864,Moscow,1396,79000,14561.477433909267,85,0,6,,6619,115382,24,2300,12,4.3
Чайхана Баракат,55.8659259,37.4679717,Moscow,1327,71000,12259.941675127522,85,0,10,,9159,87197,11,1950,13,3.8
Laffa Laffa,55.7596059,37.5973995,Moscow,1249,72000,726.8053521969518,85,11,141,,10251,89733,38,1950,12,3.8
МОСкофе,55.8763182,37.6587416,Moscow,874,94000,11157.322595542755,85,1,6,,11276,89940,34,1700,14,3.9
Senti Menti,55.7543448,37.6375929,Moscow,326,85000,296.48474142416796,85,24,157,,11325,87076,23,2000,2,3.6
Виктория,55.7852077,37.6598869,Moscow,1440,94000,1068.480931238019,85,8,33,,13800,119861,39,2300,4,4.5
Три Жирафа,55.8000043,37.5261891,Moscow,641,71000,4427.899813615746,85,4,62,,10964,108084,37,2400,6,3.6
Pizzamento,55.6675432,37.528956,Moscow,1385,79000,8796.415839146368,85,1,12,,12279,68550,16,2100,0,4.0
Nice to meet you,55.7088882,37.6559382,Moscow,271,62000,2729.853924897134,85,23,39,,14157,83714,45,1800,10,3.6
Supernova,55.7729848,37.6103741,Moscow,998,54000,849.4976728590545,85,10,144,,5999,61630,21,1900,9,3.8
On Sight,55.7587721,37.6475138,Moscow,684,68000,685.0559047304284,85,24,215,,13862,63318,24,2100,6,4.1
Cofix,55.7765437,37.58182,Moscow,960,71000,145.46845579668243,85,19,153,,6263,73185,37,2100,9,4.4
Лаззат,55.5982825,37.4594465,Moscow,1308,79000,17502.846739470475,85,0,7,,5583,98077,24,1700,7,4.7
Cofix,55.733062,37.639968,Moscow,873,62000,295.1312713930567,85,20,114,,12271,85941,29,2000,1,4.2
Чайхона Восточная кухня,55.7963975,37.5916434,Moscow,376,54000,2040.0000560690776,85,15,79,,11647,98343,10,2100,1,4.3
Шафран,55.5932227,37.6577333,Moscow,513,62000,15375.230452166781,85,0,3,,14883,121193,42,1900,1,3.8
WOW Пицца,55.64649,37.7063053,Moscow,1046,62000,10352.561896087229,85,2,6,,8640,84880,26,1950,0,4.7
Ли,55.7171912,37.7956644,Moscow,327,68000,9688.377878766503,85,7,13,,12266,98437,27,2300,10,3.8
Calma,55.7786573,37.5822059,Moscow,1183,71000,215.75083332276245,85,15,149,,12673,94691,45,2300,1,3.5
Кофе муз,55.750216,37.817951,Moscow,1341,68000,10037.360053290317,85,6,7,,8633,100310,20,2300,0,4.6
Кофе муз,55.793748,37.490299,Moscow,1118,71000,6147.454023528039,85,8,21,,5517,105902,32,2400,7,3.6
Кофе муз,55.787513,37.706766,Moscow,346,94000,3480.892808849936,85,5,63,,12725,90963,10,2300,3,4.4
smart_cafe,55.7761034,37.6790325,Moscow,476,94000,1503.0186062919843,85,12,90,,13368,80519,18,1700,5,3.8
Кофе муз,55.752683,37.818283,Moscow,789,68000,10040.912702637688,85,6,7,,8040,68601,13,2100,7,4.1
Кофе муз,55.747155,37.862139,Moscow,1439,68000,12821.368357878837,85,12,54,,6964,118254,29,1800,12,4.4
Cofix,55.801346,37.5323957,Moscow,407,71000,4211.541939758926,85,14,55,,12452,109547,45,2100,8,4.1
Халва,55.8413935,37.5503629,Moscow,553,71000,7462.350149587899,85,1,3,,7101,92215,22,2100,8,3.8
Seadog,55.7445657,37.6248883,Moscow,494,85000,1266.4357993586689,85,18,99,,10282,84144,37,2400,3,3.7
Unknown,55.5953291,37.7387596,Moscow,713,62000,16380.464464692206,85,1,9,,10719,63906,48,1700,9,4.4
Старая Грузия,55.7528064,37.6456203,Moscow,309,85000,826.5238297050698,85,15,143,,10451,76105,12,2000,1,4.3
Кафе №1,55.8009047,37.5864734,Moscow,218,54000,2621.984784726033,85,6,98,,11347,94734,40,2300,6,4.5
Добродомик,55.826997,37.4483196,Moscow,1425,71000,10139.642106777334,85,4,11,,12511,86549,49,2300,10,4.2
Colaba coffee,55.7812673,37.6005095,Moscow,1197,54000,268.7894369975697,85,50,180,,5910,74903,39,2000,14,4.6
Жасмин,55.7817424,37.6003204,Moscow,518,54000,322.52154184965866,85,42,181,,10628,103975,16,1800,8,4.6
Мидийное место,55.7827228,37.5998658,Moscow,1019,54000,434.9369453168525,85,44,173,,14831,72916,21,2100,1,4.1
Трапезная,55.7558486,37.6228188,Moscow,1456,89000,445.4527830155642,85,12,145,,9893,72453,26,3500,6,3.6
Unknown,55.7942852,37.4774659,Moscow,391,71000,6932.6818045866885,85,0,13,,9119,74926,38,2000,13,3.6
Кофе с собой,55.7523581,37.8576919,Moscow,721,68000,12506.082053108052,85,19,53,,7577,124379,32,1800,2,4.7
Милано,55.6114948,37.6074738,Moscow,563,62000,13416.73975137305,85,6,8,,7774,105081,22,1800,9,4.4
Мосплов,55.8442241,37.5765952,Moscow,666,54000,7424.265401051098,85,9,17,,12524,121527,16,2100,12,3.5
Кулинарная лавка братьев Караваевых,55.7694702,37.6052222,Moscow,516,77000,499.4390843254557,85,12,164,,13984,96224,42,2000,11,4.0
Райская трапеза,55.6765446,37.5259911,Moscow,459,79000,7888.736003750385,85,1,18,,10450,99685,41,2000,0,4.1
Хинкальная,55.6824246,37.7229774,Moscow,1260,62000,7628.177229403934,85,2,7,,13650,113992,32,2000,7,3.5
History,55.7738908,37.6154374,Moscow,950,54000,1014.3747273372446,85,4,127,,11130,62007,16,2100,0,4.3
Unknown,55.809722,37.5046316,Moscow,1120,71000,6152.614764310499,85,3,46,,6420,113313,29,1900,6,3.6
Unknown,55.8096145,37.4991605,Moscow,579,71000,6424.83907332287,85,6,46,,11726,114069,21,1950,12,4.3
For Friends,55.7067403,37.5772714,Moscow,700,79000,4213.750623118084,85,1,23,,7251,106370,35,2300,10,4.0
Cassette,55.7109305,37.610618,Moscow,948,62000,2776.6995305930004,85,4,72,,13875,99803,24,2300,0,4.0
Pho City,55.7757894,37.6717409,Moscow,520,94000,1047.2294829885136,85,21,98,,9316,128226,26,1900,2,4.0
Smoothie & Coffee,55.7561957,37.5513715,Moscow,586,79000,1602.004296434373,85,10,52,,8919,85628,33,1700,7,4.3
Лейкин и закон,55.7561897,37.5512481,Moscow,1214,79000,1605.5657019860928,85,10,52,,11557,112037,23,1950,1,3.7
Pasta na Solyanke,55.7540343,37.6369098,Moscow,748,85000,267.1793613055749,85,23,157,,10734,123767,33,2100,11,4.1
Jeffreys coffeeshop,55.786313,37.542428,Moscow,787,71000,2798.1820108039983,85,0,18,,6830,60010,14,1950,13,3.9
Jeffreys coffeeshop,55.765695,37.609602,Moscow,1218,77000,238.21229453885863,85,17,159,,6342,105193,37,1900,10,3.8
Чайхана Ош,55.7825992,37.7172016,Moscow,310,94000,3958.327934503332,85,9,42,,13253,124488,26,1900,4,4.5
NYM Kitchen,55.744191,37.5887736,Moscow,1099,79000,1488.1536371646869,85,3,99,,12998,107589,46,2300,5,4.0
Дринкит,55.7632834,37.6352537,Moscow,1477,85000,931.8027609088767,85,30,223,,13381,94820,32,1800,1,4.6
Ладо,55.7628022,37.6374114,Moscow,1057,85000,910.4114591924084,85,28,235,,7102,128777,46,1700,1,4.6
Chef's kitchen,55.747249,37.5372731,Moscow,281,79000,1772.5794163083938,85,44,72,,7639,113839,15,2100,10,3.8
Shake up,55.7471226,37.5372595,Moscow,301,79000,1770.6057495989223,85,42,74,,9862,77365,49,1900,3,3.6
Poke House,55.7468867,37.5371516,Moscow,672,79000,1772.2955518781432,85,38,75,,11639,111944,26,1900,11,3.9
Prime,55.7466404,37.5365082,Moscow,298,79000,1807.2684317964452,85,33,77,,6825,115066,29,2400,13,4.7
Tim n Tim,55.7467666,37.5370899,Moscow,1388,79000,1773.7312992552113,85,35,75,,13907,104950,37,1700,12,4.2
Столичный вкус,55.7467084,37.5370503,Moscow,393,79000,1775.0641537078116,85,33,77,,9039,75249,24,2000,3,4.1
Мурчашка,55.7919449,37.6810724,Moscow,441,94000,2408.5489591204887,85,8,22,,5502,115695,44,3500,5,4.1
Hot Black,55.7508445,37.8609529,Moscow,672,68000,12718.155887641868,85,16,54,,9093,111750,27,1800,12,4.2
Халяль,55.7389823,37.8720656,Moscow,373,68000,13546.111507415995,85,0,12,,8711,68756,10,1800,10,4.7
PhoBo,55.7512931,37.5972815,Moscow,411,89000,1332.1526918084896,85,26,123,,5859,119274,13,2000,13,4.4
Unknown,55.7460197,37.5132419,Moscow,1282,79000,3247.265901130726,85,3,42,,12889,84468,15,1900,3,3.6
Prime,55.7684238,37.6468514,Moscow,767,94000,984.6052905579269,85,13,156,,14182,77022,16,1700,8,4.7
Ни свет ни заря,55.7621564,37.6518014,Moscow,780,68000,692.2081414762148,85,18,167,,10076,106337,27,1950,13,3.7
Лепим и варим,55.7577277,37.6349974,Moscow,767,85000,328.04652759112895,85,20,210,,13314,65599,43,1700,10,3.8
Burger Heroes,55.7661424,37.6400104,Moscow,752,85000,1314.3198671377572,85,10,197,,9691,79571,11,1700,5,3.8
Fanfood,55.7893232,37.5608224,Moscow,1027,71000,1994.4854052209535,85,5,37,,11583,108781,14,3500,11,3.9
Хочу кофе,55.6537839,37.6495981,Moscow,1365,62000,8622.266087823395,85,3,9,,8660,107101,39,1900,5,4.3
Alpini,55.7832739,37.6951986,Moscow,1067,94000,2640.6772167149384,85,4,44,,9279,60630,30,2400,11,4.1
Vesuvio,55.8028033,37.5256506,Moscow,555,71000,4641.007984878011,85,2,67,,14440,81403,25,2100,6,4.3
Диемме,55.7190165,37.5820281,Moscow,740,79000,2975.593245743478,85,0,25,,7973,107660,43,3500,12,3.8
Prime,55.7016186,37.6886144,Moscow,1375,62000,4596.2115229256615,85,6,14,,6907,75424,41,1700,9,3.7
Лимон,55.5553179,37.4676998,Moscow,910,79000,21850.615577775265,85,1,2,,9568,74144,19,2400,7,4.3
КлёнФуд,55.7898592,37.380387,Moscow,558,79000,12623.992276846231,85,1,4,,11056,107444,32,1800,4,4.1
Stars Coffee,55.7802213,37.63368,Moscow,1114,94000,1413.47930488632,85,14,52,,14200,84817,43,2000,14,3.8
Prime,55.7695064,37.6500526,Moscow,1114,94000,785.5651984025804,85,20,129,,6632,102424,15,1950,9,4.5
Брусника,55.7447911,37.5950888,Moscow,836,79000,1885.3125839575234,85,2,113,,14584,68167,13,1800,2,4.1
Свежий номер,55.8404635,37.4939065,Moscow,205,71000,9027.274367422044,85,11,23,,13515,129786,20,2100,10,4.1
Шоколадница,55.7737369,37.6558057,Moscow,744,94000,256.6406406153288,85,12,95,,6425,126123,32,2000,4,3.8
Cofix,55.7736905,37.6554409,Moscow,479,94000,258.2808420920908,85,10,95,,8181,82654,46,1900,14,3.7
M2,55.7971933,37.5222909,Moscow,1430,71000,4463.976513781261,85,3,64,,13238,97644,47,2300,0,4.7
Jeffreys coffeeshop,55.6449181,37.5194463,Moscow,1251,79000,11381.273692090961,85,6,24,,9622,122927,49,1800,9,3.6
Русалочка суши,55.790971,37.5256241,Moscow,465,71000,3966.8855963255423,85,3,31,,8526,126134,35,2300,9,3.5
Unknown,55.4887027,37.5672771,Moscow,301,62000,27295.77194412648,85,1,1,,12824,84002,37,1900,2,4.0
Старик Хинкалыч,55.7431122,37.6298569,Moscow,1276,85000,1336.4183828237503,85,26,102,,14496,69118,42,2000,5,4.3
Ситора,55.8030521,37.5195225,Moscow,751,71000,4963.888543626031,85,12,72,,8336,86766,26,1700,5,4.3
Hachiko,55.7415347,37.6287292,Moscow,893,62000,1280.7356172656227,85,26,117,,12863,100220,23,2000,10,3.8
Surf Coffee,55.7037314,37.5113087,Moscow,499,79000,5599.5170079729,85,6,26,,11664,83710,18,1950,2,4.5
Prime,55.8043073,37.4905968,Moscow,415,71000,6581.482625726753,85,2,33,,6977,76336,14,2000,10,4.3
Волконский,55.7388459,37.6284664,Moscow,1059,62000,1023.0078635767056,85,18,145,,14364,126514,37,2300,12,4.5
Tropic,55.7862505,37.6580452,Moscow,1435,94000,1155.6002401994488,85,8,28,,6362,91731,36,2100,4,4.0
Unknown,55.7027601,37.72565,Moscow,314,62000,6378.942059059873,85,0,10,,9477,96290,27,2100,8,3.9
Эрна,55.7328751,37.6183569,Moscow,1169,62000,1185.7207499907893,85,4,114,,12179,85187,12,2000,3,3.8
Niqa,55.7387591,37.5970655,Moscow,1150,79000,2090.0254476802643,85,5,76,,6055,113305,24,1950,12,3.7
Unknown,55.6902362,37.6575864,Moscow,1077,62000,4712.614674141085,85,5,16,,6804,117416,49,2000,3,4.6
Жираф,55.8045207,37.4896028,Moscow,1115,71000,6647.552287495485,85,2,33,,11445,70095,46,1900,10,3.6
Без рецепта,55.750044,37.5715658,Moscow,490,79000,787.7358222516167,85,0,56,,8819,92565,38,1800,10,3.7
КаФишка,55.8085616,37.7640667,Moscow,675,94000,7719.841702815643,85,1,8,,12152,69337,47,1950,9,4.4
ProjectorCoffee,55.7528675,37.6475769,Moscow,1387,68000,797.8251611878408,85,11,147,,7117,105767,46,1950,8,4.8
Чайхона,55.8141745,37.7727376,Moscow,1370,94000,8496.026683270631,85,1,7,,9321,83537,13,1900,13,4.2
Виктория,55.8141112,37.7727751,Moscow,1206,94000,8494.548853416967,85,1,7,,10962,67880,20,2400,13,4.5
Шашлычный уголок,55.8131499,37.8268013,Moscow,1308,94000,11506.29779830531,85,3,9,,10968,119845,26,1700,10,4.3
Mix-точка,55.7679799,37.8471807,Moscow,763,68000,11898.13943550872,85,2,8,,13930,114526,11,2000,13,3.8
Донер дом,55.7088477,37.7337103,Moscow,997,62000,6538.613630264544,85,1,9,,8077,87656,16,2100,5,4.2
Coffee Like,55.6700538,37.8710733,Moscow,1076,62000,16157.062988285832,85,1,8,,11888,103122,42,2100,1,4.6
Cofix,55.8077508,37.5802685,Moscow,1137,71000,3427.2804860517945,85,15,69,,13725,118466,37,2400,8,4.5
Unknown,55.6733517,37.7223402,Moscow,592,62000,8347.660554425336,85,1,6,,9241,112395,24,2100,11,4.6
Чайхана,55.7035881,37.6855631,Moscow,1469,62000,4306.099717866042,85,6,16,,10877,69573,36,1950,0,4.1
#ИмпроVизация,55.7532273,37.8686624,Moscow,487,68000,13188.415120529278,85,2,59,,14711,114874,18,1950,14,4.6
Мимино,55.7898519,37.6344569,Moscow,611,94000,2005.5933342837466,85,6,20,,13583,91324,23,2300,11,4.1
Аура,55.7169302,37.7941871,Moscow,1014,68000,9619.639429396459,85,7,14,,11439,69376,20,2100,2,4.4
Шашлычный Атаман,55.6537635,37.7662672,Moscow,545,62000,11806.574202451078,85,2,7,,12152,95129,30,1800,6,4.3
Пиццерия,55.6265293,37.6564498,Moscow,815,62000,11680.437896177249,85,0,6,,7088,106773,19,2300,7,4.4
Daily Green,55.7426841,37.6348064,Moscow,894,62000,1306.4499212937042,85,11,104,,7127,81234,12,3500,12,4.1
Unknown,55.5925231,37.7484065,Moscow,372,62000,16909.285523012062,85,1,6,,7282,101351,16,1950,1,4.7
Амина,55.6601414,37.8566654,Moscow,443,62000,15861.422003822961,85,3,8,,9313,73897,30,2000,10,4.6
Дидор,55.6616234,37.8575465,Moscow,1027,62000,15828.174399641826,85,3,6,,12706,108116,27,2400,10,3.8
"Чайхана ""Аджба""",55.6615209,37.8574924,Moscow,247,62000,15830.788979947274,85,3,6,,7672,80650,32,2400,0,4.6
Рохат,55.6613237,37.8573884,Moscow,604,62000,15835.847576502778,85,3,6,,5634,114613,10,2400,14,4.0
Кулинарная лавка братьев Караваевых,55.8216799,37.4981122,Moscow,1038,71000,7314.355942158751,85,14,22,,6486,66668,24,1950,5,4.2
Лаззат,55.8322689,37.4876073,Moscow,385,71000,8605.583886819059,85,0,15,,13902,128670,34,2300,11,4.5
Ztort,55.6444384,37.4949053,Moscow,1212,79000,11910.443400626033,85,0,4,,10745,67068,19,3500,12,4.2
In the 60's,55.7722297,37.6093903,Moscow,1429,77000,831.4068380238535,85,9,148,,13241,116030,48,2400,5,3.9
МамаМай,55.7723926,37.6059528,Moscow,851,54000,775.1834293747789,85,15,170,,10541,117469,43,1900,3,3.8
Unknown,55.8156949,37.6913358,Moscow,1031,94000,4963.958050248235,85,2,5,,10461,107038,16,3500,9,4.8
Деликатесса,55.5998518,37.7246446,Moscow,273,62000,15584.567957128169,85,4,11,,10838,66997,49,1950,13,4.6
Surf Coffee,55.7622517,37.5682856,Moscow,1382,71000,1911.9465733480815,85,14,74,,10178,122084,39,2000,4,3.6
Суши Пятница,55.8096748,37.569125,Moscow,461,71000,3750.3736478381356,85,1,32,,8120,72549,33,1700,14,4.5
Unknown,55.6097113,37.7221718,Moscow,1058,62000,14505.762379510077,85,3,14,,6657,126858,13,2000,2,4.5
Flip,55.7280968,37.5599867,Moscow,897,79000,1795.9904356052186,85,3,39,,7378,70052,42,2000,1,3.6
Новогорск,55.8893773,37.3588344,Moscow,1374,71000,18811.08120417464,85,2,2,,12547,127656,30,2400,3,3.7
Fine,55.7471795,37.607895,Moscow,1009,89000,1204.0289272674738,85,6,95,,14058,69686,46,1950,3,4.5
Печорин,55.7235644,37.6111843,Moscow,517,62000,1815.6867910690362,85,11,72,,6574,91122,18,2100,0,4.2
Frank by Баста,55.7354612,37.5880238,Moscow,1252,79000,1725.8759765880118,85,19,58,,10661,103855,22,2000,1,4.0
Музей чизкейка,55.8063977,37.5458578,Moscow,639,71000,4046.113604352662,85,6,17,,8181,129822,23,2100,2,4.2
Территория кофе,55.7872211,37.5798994,Moscow,1102,71000,1165.099119125721,85,8,66,,6803,86173,29,2100,8,4.7
Котлет.нет,55.7713783,37.7139376,Moscow,797,94000,3721.788314273389,85,2,6,,5180,114473,30,1900,5,3.6
Coffee In,55.7567602,37.8575132,Moscow,938,68000,12483.568143706947,85,4,38,,12415,128586,46,2300,6,3.9
Cofix,55.7816232,37.7053182,Moscow,448,94000,3208.16243480748,85,10,50,,9965,85368,49,1700,1,4.3
Робэс,55.6529396,37.3957585,Moscow,878,79000,14662.77334269547,85,2,13,,8012,110873,17,1900,8,3.7
Oh My Toast,55.7465181,37.5814706,Moscow,389,79000,1068.2221596130535,85,14,72,,6770,87957,25,1700,7,3.6
Алатоо,55.7120896,37.7306356,Moscow,1222,62000,6229.68996309644,85,0,9,,11917,89499,25,1700,7,3.6
Beerstream,55.6008598,37.7239662,Moscow,287,62000,15464.655400335967,85,4,13,,14366,108633,11,2400,5,3.8
Раф & Стафф,55.6006902,37.724077,Moscow,982,62000,15484.757182368783,85,4,12,,9822,75360,46,1950,11,4.0
В парке вкуснее,55.878564,37.4600271,Moscow,1141,71000,13692.806612845578,85,0,7,,10757,62182,21,2300,12,4.2
Кофе In,55.7933488,37.5639376,Moscow,1442,71000,2208.682267524735,85,4,38,,10680,91721,15,3500,13,4.8
Cofix,55.7617024,37.6240221,Moscow,216,89000,724.7906064674718,85,23,181,,5316,128471,36,1800,12,4.5
Я кофе,55.7529951,37.8594901,Moscow,884,68000,12615.704967841915,85,19,53,,13637,105734,22,2100,0,4.1
I Do The Kitchen,55.8213386,37.4319595,Moscow,1455,71000,10705.671131355384,85,2,18,,11703,77553,14,2400,4,4.6
Mátes,55.7616638,37.5960155,Moscow,1137,72000,676.499202097364,85,14,121,,7696,99771,49,2400,10,3.7
Кулинарная лавка братьев Караваевых,55.7653902,37.5639054,Moscow,871,71000,1801.7341260517678,85,5,68,,10081,87659,47,2300,5,3.7
Jeffreys coffeeshop,55.7540809,37.649733,Moscow,923,68000,610.6888841672147,85,10,159,,11473,129727,10,3500,8,4.7
Jeffreys coffeeshop,55.612499,37.6085401,Moscow,247,62000,13297.012872813677,85,5,6,,9699,123451,12,2400,11,4.5
Jeffreys coffeeshop,55.7158267,37.6767433,Moscow,701,62000,3006.8436145082396,85,1,15,,7585,80847,41,2300,12,3.9
Jeffreys coffeeshop,55.5247138,37.5176615,Moscow,1065,62000,24130.393832100875,85,6,6,,8218,89986,16,2100,11,4.1
Jeffreys coffeeshop,55.69899,37.737695,Moscow,588,62000,7242.263965255643,85,4,12,,10375,61129,23,2400,8,4.4
Jeffrey's Coffee,55.6118077,37.6073062,Moscow,1395,62000,13383.73769783788,85,5,8,,12140,98805,49,2300,11,4.0
Jeffrey's Coffee,55.5242641,37.5185573,Moscow,1103,62000,24160.579635725033,85,6,6,,14451,98085,14,2300,10,4.7
Выпей Кофе!,55.7868366,37.6361279,Moscow,489,94000,1686.5835582055995,85,6,29,,6389,100820,30,3500,5,4.1
Хинкальная на Руставели,55.813607,37.596821,Moscow,680,54000,3861.7153576804276,85,1,17,,7299,61960,38,3500,5,4.3
Кофе муз,55.7081101,37.6551434,Moscow,634,62000,2787.3771285729813,85,25,40,,13303,127283,49,1900,2,3.7
Кофе муз,55.8219354,37.3770252,Moscow,754,71000,13867.69013353819,85,6,32,,7954,109257,20,2400,0,4.1
Totem night,55.6898704,37.5981653,Moscow,1390,62000,5180.196249819818,85,6,10,,7267,129905,29,2400,4,3.8
Кофе муз,55.546083,37.549184,Moscow,280,62000,21287.631853129627,85,1,12,,13977,120626,37,1900,8,4.1
Кофе муз,55.6332865,37.6581341,Moscow,1480,62000,10945.72517010734,85,2,11,,8528,62132,26,2100,10,3.7
Cofix,55.758311,37.6133627,Moscow,859,89000,220.18166846586692,85,22,151,,11724,113940,28,2300,7,3.6
Встреча,55.5655467,37.5623942,Moscow,263,62000,18983.752462542878,85,0,5,,12958,69138,35,1950,12,4.0
Чайхана Халяль,55.7531751,37.8600411,Moscow,584,68000,12649.44331460351,85,21,53,,13154,92447,38,2000,13,3.6
FM Pizza,55.7138893,37.5137454,Moscow,871,79000,4637.860065649638,85,1,8,,5726,60264,31,2100,5,4.7
Фарфор,55.8547088,37.5256705,Moscow,460,71000,9377.830739873967,85,0,4,,13465,90175,31,2000,4,4.3
Гурман,55.6809821,37.7646371,Moscow,1142,62000,9740.618087061983,85,3,12,,12417,81189,30,1800,13,4.0
Ором,55.7806531,37.8652075,Moscow,1398,94000,13155.626391643344,85,1,9,,12856,115025,25,1950,6,3.6
Столовая,55.771058,37.8685431,Moscow,769,68000,13263.700237143816,85,2,9,,10198,117711,36,1800,2,4.5
Казимир,55.8053015,37.6421213,Moscow,227,94000,3356.1804260433432,85,3,20,,7257,73246,47,1900,7,4.3
Лоза,55.8980561,37.5659935,Moscow,212,54000,13427.977163505266,85,0,5,,6783,126995,42,1950,9,4.1
Хинкальная,55.8912169,37.5694388,Moscow,284,54000,12642.523381381056,85,0,6,,6135,128564,10,2400,1,4.7
Unknown,55.7388658,37.78056,Moscow,1457,68000,7930.957960396536,85,1,4,,7330,112148,45,1900,14,3.8
House,55.6808367,37.7634911,Moscow,1493,62000,9691.06964143949,85,3,12,,6155,80759,48,2000,2,4.3
Телиани,55.7582535,37.7006601,Moscow,864,68000,2672.828712941122,85,1,26,,6286,106112,47,1900,2,3.9
Лефортово,55.7582465,37.6973396,Moscow,1075,68000,2465.331792539654,85,1,24,,6399,83637,45,3500,2,4.8
Unknown,55.6543948,37.7023216,Moscow,1185,62000,9450.828756162242,85,0,2,,10009,122423,15,1700,12,4.1
Prime,55.7200537,37.6055389,Moscow,304,62000,2315.7760405883337,85,10,50,,11852,82653,24,2000,3,4.0
Kombinat,55.720846,37.6003438,Moscow,1474,62000,2558.0585714847275,85,1,47,,6617,70345,33,1700,2,3.8
Кафе у Лоры,55.6818435,37.7727969,Moscow,298,62000,10112.334739285596,85,0,10,,7350,108433,27,2400,2,4.2
SeDelice,55.7193766,37.6088338,Moscow,1307,62000,2186.6460013416145,85,16,54,,10551,123862,12,3500,1,4.2
Малин,55.623052,37.7062911,Moscow,965,62000,12765.281551013346,85,1,7,,5032,103494,47,3500,10,3.8
Июль,55.558584,37.5550276,Moscow,1048,62000,19849.81819078372,85,0,6,,7591,129090,36,2000,12,4.7
Dale Cups coffee,55.568383,37.5719685,Moscow,306,62000,18536.81091348404,85,0,7,,10373,84912,48,1950,9,4.3
Coffee Waffles Fresh,55.6982114,37.6432159,Moscow,1117,62000,3666.656503101005,85,3,22,,13936,107796,46,2400,14,4.0
Кафе-кулинария,55.8633066,37.4222765,Moscow,665,71000,13934.21578410529,85,1,8,,14661,86277,24,1900,6,4.7
Столовая,55.7845877,37.6895523,Moscow,776,94000,2362.2478870646864,85,0,40,,9660,66139,15,1900,8,4.5
Рохат,55.8064282,37.582477,Moscow,1027,71000,3273.651335057302,85,28,71,,9282,123629,16,1900,10,3.7
Кофе Гусь,55.657587,37.4248069,Moscow,583,79000,13018.989342639235,85,1,8,,11958,103102,18,1700,4,4.4
Овсянки,55.7642516,37.568802,Moscow,1013,71000,1706.7855048269491,85,17,75,,14046,85138,23,1950,4,3.6
Jojo,55.7999407,37.5852255,Moscow,1391,71000,2552.0398185260615,85,7,101,,5099,120833,34,1950,9,3.8
Prime,55.804152,37.5833112,Moscow,715,71000,3019.4717122867173,85,20,86,,12685,125473,43,1900,10,4.1
Время Есть,55.6792393,37.6903455,Moscow,685,62000,6655.581918979744,85,2,7,,11408,98724,17,1950,3,4.1
SeDelice,55.8077601,37.5803179,Moscow,1082,71000,3428.103462290104,85,15,69,,11857,111590,10,1700,4,4.5
Берёзка,55.5883876,37.613355,Moscow,1095,62000,15926.982521619573,85,1,4,,10866,126036,32,1700,14,4.6
Чайхана Очаг,55.8700026,37.6375307,Moscow,738,54000,10359.536778609427,85,2,6,,5325,104671,34,1900,0,4.7
Chicko,55.7842763,37.5969449,Moscow,720,54000,666.4319381743774,85,26,165,,7296,109601,15,2300,3,4.6
Белая обезьяна,55.8032694,37.4222727,Moscow,940,71000,10524.141689867653,85,1,2,,10769,106427,15,1900,9,3.7
Караван One,55.7481857,37.7168047,Moscow,226,68000,3808.102844433065,85,4,37,,8986,116692,12,2400,6,4.5
Хинкальная,55.7608102,37.7037451,Moscow,1296,68000,2893.3109285795276,85,0,23,,11171,64566,33,1700,9,3.6
Венский цех,55.7588181,37.7091551,Moscow,1178,68000,3207.0690873424314,85,1,38,,14285,81530,21,2400,0,4.5
Охотка,55.757533,37.6366603,Moscow,1046,85000,363.0215389466488,85,23,213,,13037,91203,26,2300,11,4.5
КофеIN,55.6858544,37.8577016,Moscow,241,62000,14709.540943630996,85,3,8,,9674,95935,46,2100,5,4.2
Здрасте,55.5665469,37.4973088,Moscow,728,79000,20183.647759242464,85,1,5,,6180,114321,28,1900,9,4.6
Film.bar,55.7616349,37.6404838,Moscow,1214,85000,873.8152662371815,85,11,212,,14393,86293,42,2300,7,4.4
Coffee Cona,55.7544419,37.6364981,Moscow,706,85000,227.5154147722888,85,22,169,,7980,105027,19,3500,6,3.5
Hav.Palass,55.764696,37.6539351,Moscow,1108,68000,892.7455993438529,85,10,157,,6056,120760,41,2100,0,4.3
Bistro Ruski,55.7801707,37.5926172,Moscow,775,54000,601.0072589132742,85,59,224,,6625,71106,29,2000,14,3.9
Curry & Tandoori,55.7802906,37.592544,Moscow,961,54000,608.4817086823488,85,58,222,,9031,117097,12,1800,3,4.8
Тхань,55.772401,37.664266,Moscow,283,94000,704.2666836020086,85,8,121,,5129,125577,42,2300,3,4.5
Unknown,55.7515989,37.8661775,Moscow,419,68000,13040.363405057413,85,5,58,,6723,81586,27,1900,4,4.2
Альпака и кофе,55.7471247,37.59502,Moscow,587,89000,1711.5617176842336,85,8,109,,5664,93928,30,3500,1,4.5
Unknown,55.6581851,37.8929105,Moscow,1160,62000,17965.772333894718,85,1,3,,10603,104662,14,1800,0,4.1
Дринкит,55.7606216,37.6637533,Moscow,289,68000,540.1350254958895,85,12,98,,7074,111057,38,3500,7,3.9
Бишкек сити,55.7960924,37.5912534,Moscow,1430,54000,2015.8537403076512,85,13,77,,10882,115307,12,2000,13,4.7
Чайхона Баракат №1,55.7967626,37.5925864,Moscow,670,54000,2060.932738716008,85,13,76,,6352,119997,48,1800,2,4.6
Мандарин,55.7970829,37.5929439,Moscow,693,54000,2088.9208406814273,85,13,78,,11750,66395,48,3500,7,3.5
Лагманная №1,55.7972335,37.5931895,Moscow,845,54000,2100.9666507561224,85,13,77,,12555,90215,42,3500,6,4.2
Уют,55.7971859,37.5930954,Moscow,968,54000,2097.413348928787,85,13,77,,8611,89270,49,1950,14,4.5
Плов Центр,55.797605,37.5938517,Moscow,1129,54000,2130.5808226044483,85,14,72,,9938,121429,15,1700,0,3.6
Чайхана Исфара,55.7975411,37.593739,Moscow,1466,54000,2125.3835358111623,85,14,74,,11594,127923,15,2100,7,4.8
Basket Lunch,55.7987874,37.5941757,Moscow,1186,54000,2253.9785839713795,85,14,80,,7471,70965,11,3500,4,3.8
Чайхона Омар Хайам,55.795424,37.7003511,Moscow,513,94000,3564.425792794018,85,2,27,,12191,95416,42,3500,0,4.2
Cofix,55.7612323,37.5856365,Moscow,1157,72000,1310.6026643076361,85,5,77,,9616,121023,39,1800,0,4.2
Terrapieno,55.7372959,37.640056,Moscow,632,62000,725.7454157949444,85,13,134,,6002,101751,22,1950,11,4.6
6 a.m.,55.7375066,37.6413341,Moscow,772,62000,772.7095527905726,85,12,132,,7157,113166,34,2000,2,3.8
Surf Coffee,55.7448093,37.6368776,Moscow,235,85000,1158.8462136268993,85,4,97,,6691,93014,20,1700,10,3.9
Чайхана Халяль,55.805373,37.7096554,Moscow,1216,94000,4726.7623080436,85,0,13,,9230,82704,47,1950,1,4.2
Unknown,55.784914,37.7064399,Moscow,236,94000,3365.9015483475896,85,12,54,,7211,86902,26,1900,4,4.1
Cofix,55.7690555,37.6792221,Moscow,311,94000,1700.4156727699476,85,14,90,,8379,109504,20,1950,12,4.1
Kitchen,55.6759632,37.5369638,Moscow,421,79000,7766.542504083639,85,1,17,,14592,83011,24,2000,9,4.4
Corner Coffee,55.7550789,37.6477896,Moscow,467,68000,673.6452884732037,85,16,161,,5543,106046,34,1700,1,4.6
Бакинский рай,55.7464632,37.3970217,Moscow,701,79000,10517.108258807266,85,0,3,,7037,121679,17,2000,2,4.6
Брусника,55.7482159,37.5664481,Moscow,1178,79000,477.46752929570425,85,1,47,,9806,82353,33,1950,3,4.7
Брусника,55.7387667,37.5763884,Moscow,1270,79000,920.2117281192261,85,4,70,,14659,120148,27,1800,13,4.5
Брусника,55.7664412,37.590875,Moscow,613,77000,959.6324104715856,85,16,136,,8077,71430,29,3500,0,4.5
Брусника,55.7025198,37.4911022,Moscow,1006,79000,6533.787676855886,85,1,14,,5511,119448,41,1950,11,3.9
Андиамо,55.6787618,37.5111806,Moscow,1171,79000,7999.3234094893405,85,0,21,,13492,72837,33,1900,10,4.3
Blau,55.7470136,37.6278718,Moscow,794,85000,944.2549046471875,85,9,97,,12157,122665,40,2300,7,4.4
Cream Soda,55.7630625,37.6350376,Moscow,905,85000,905.5281029732439,85,35,223,,10198,127261,21,3500,5,3.7
"Чайхана ""Самарканд""",55.7599456,37.8966073,Moscow,1093,68000,14932.637889078253,85,1,4,,14183,87822,41,2300,0,4.6
9bar,55.7932142,37.6940362,Moscow,1229,94000,3101.806531500533,85,1,17,,13060,72475,29,2100,7,4.7
CofeFest,55.7757431,37.6718025,Moscow,952,94000,1051.2088841672619,85,21,98,,8570,71631,39,2300,0,4.0
Surf Coffee,55.7756362,37.6719448,Moscow,373,94000,1060.4933301139913,85,21,99,,9148,119927,40,1950,4,4.1
Шафран,55.7617934,37.5927432,Moscow,612,72000,864.8841774035284,85,10,107,,12481,68929,25,2000,7,4.5
Prime,55.6340381,37.4432456,Moscow,1197,79000,14413.294122459518,85,1,16,,12540,111813,45,2300,6,4.0
Prime,55.7260963,37.5778387,Moscow,896,79000,2146.9347574075127,85,10,46,,7214,110102,44,2300,14,4.5
Prime,55.6335147,37.4322592,Moscow,433,79000,14837.620290579987,85,12,16,,9208,123830,41,2100,3,4.5
Prime,55.7282995,37.6199812,Moscow,1031,62000,1107.1105411702756,85,14,97,,11148,81897,19,1950,2,4.2
Prime,55.7327389,37.6443243,Moscow,724,62000,497.6728610843045,85,15,96,,6549,105546,30,1900,7,3.8
Prime,55.7537544,37.6626499,Moscow,975,68000,463.57284230107,85,8,89,,12133,108433,49,2100,8,4.0
Prime,55.7472845,37.534778,Moscow,903,79000,1926.4717016988675,85,33,76,,12123,81429,30,1900,10,4.5
Prime,55.7838829,37.5591986,Moscow,540,71000,1729.4505557062687,85,7,33,,12411,71213,36,1900,11,3.5
Prime,55.7446619,37.6307567,Moscow,327,85000,1158.0850631316212,85,19,89,,12232,107213,39,2100,14,4.6
Prime,55.6564353,37.527732,Moscow,956,79000,10012.87541463911,85,2,20,,7400,100547,32,2100,8,4.8
Prime,55.6649586,37.4812783,Moscow,1142,79000,10235.323413101034,85,4,8,,10667,98191,46,1950,9,4.0
Prime,55.7627839,37.5652098,Moscow,666,71000,1969.8101307129675,85,18,80,,7925,83413,10,2100,9,3.8
Prime,55.7425149,37.6472549,Moscow,1104,62000,1432.326384812639,85,4,99,,11118,101769,14,2100,13,3.6
Stoleshnikov,55.7222409,37.6512475,Moscow,1068,62000,1320.8172569984663,85,11,45,,14953,79353,30,1900,13,4.0
Stoleshnikov,55.8052247,37.5215015,Moscow,1490,71000,5011.511433427177,85,11,69,,9758,90571,47,1950,8,4.2
Cinnabon,55.7075844,37.4567217,Moscow,782,79000,7897.4500375167545,85,1,4,,7972,120095,32,2100,8,3.6
Cinnabon,55.7388271,37.4118769,Moscow,271,79000,9601.95587055485,85,2,13,,14591,124298,24,1700,11,3.6
Cinnabon,55.6585091,37.846055,Moscow,1208,62000,15382.459541495908,85,0,10,,5216,127851,18,1700,14,4.0
Cinnabon,55.7782143,37.6020867,Moscow,1440,54000,87.53392664237414,85,30,201,,11251,80289,10,2100,14,4.7
Cinnabon,55.9115658,37.3947091,Moscow,1016,71000,19066.783985678543,85,12,15,,7472,84199,13,1900,4,3.7
Cinnabon,55.695783,37.4984488,Moscow,1254,79000,6791.040266594718,85,2,15,,11325,118333,10,1900,7,4.6
Cinnabon,55.7067953,37.5932568,Moscow,1269,62000,3840.5313086907777,85,9,25,,13886,104194,18,2400,14,4.3
Cinnabon,55.6923274,37.5285834,Moscow,475,79000,6181.884189414547,85,5,24,,6458,100232,43,2300,7,4.0
Breakfast Club,55.7579941,37.6249149,Moscow,508,89000,568.6439096222866,85,17,182,,10135,81313,21,1700,8,4.0
Cinnabon,55.7107077,37.6752895,Moscow,793,62000,3292.6716218517477,85,4,17,,11138,128865,25,2100,5,4.3
Cinnabon,55.6536639,37.8437135,Moscow,1057,62000,15549.698609240248,85,5,8,,14873,125518,27,1900,5,4.4
Cinnabon,55.7770919,37.5234577,Moscow,286,71000,3786.1873932178814,85,4,15,,7329,88895,10,3500,2,4.3
Поль,55.8790889,37.547088,Moscow,1288,71000,11583.494452821185,85,2,14,,8809,102426,47,2000,10,4.6
Шоколадный бункер,55.7344062,37.6302391,Moscow,1411,62000,568.0045415536775,85,10,156,,11392,80412,22,1800,3,4.1
Degtyarny,55.7680612,37.6018108,Moscow,963,77000,429.5780472226573,85,10,147,,9573,91466,28,2000,0,4.0
Unknown,55.7974598,37.6124175,Moscow,844,54000,2153.4868156744606,85,4,29,,9063,127539,40,1800,3,4.6
Алиса,55.827177,37.6606393,Moscow,368,94000,5701.526626850438,85,0,11,,10333,95049,40,1900,8,4.6
Зебо,55.6593125,37.8106605,Moscow,1388,62000,13490.135502694622,85,0,1,,14469,97777,48,1900,2,4.6
"Чайхана ""Восток""",55.6578064,37.7993936,Moscow,584,62000,13031.325669491001,85,0,1,,8580,113151,15,3500,6,4.7
Хинкали-Гали! буфет,55.789161,37.583095,Moscow,1226,71000,1353.4250120488123,85,11,66,,13206,120242,27,2400,9,4.2
Шоколадница,55.790917,37.5589355,Moscow,433,71000,2202.467322010559,85,4,37,,6310,76470,26,1800,12,4.5
Музей кофеграфии,55.7695155,37.6304135,Moscow,562,77000,1607.5701418314713,85,20,166,,13008,78616,31,1900,8,3.6
Taco Time,55.7685092,37.6842123,Moscow,1381,94000,2007.9984372959402,85,7,69,,6350,105785,16,2100,6,4.3
Unknown,55.8129201,37.6040282,Moscow,306,54000,3773.873073916105,85,4,11,,11841,101575,25,2100,0,4.7
St. Cultura,55.7106613,37.6457419,Moscow,1129,62000,2326.885472091686,85,0,45,,8792,115941,19,1800,5,3.6
Gorilla by Баста,55.7616666,37.6328559,Moscow,1225,85000,741.3469247417798,85,34,212,,8571,90714,17,1800,14,4.3
Пан Круассан,55.7838793,37.71906,Moscow,570,94000,4100.5574038096565,85,11,42,,9326,97390,31,2300,2,4.1
Кофедей,55.7715983,37.6026325,Moscow,1460,77000,763.3363613311,85,16,155,,6538,77489,24,1700,10,3.6
Unknown,55.7843516,37.7148809,Moscow,223,94000,3857.9475651722782,85,5,46,,10529,98960,29,1800,6,4.5
Prime,55.7495731,37.5369713,Moscow,647,79000,1860.4519412742743,85,37,71,,6433,122364,15,1900,2,3.8
Кофепорт,55.8039188,37.4901145,Moscow,490,71000,6588.536088987124,85,2,33,,11247,81073,33,2000,6,4.8
Antipa,55.7477683,37.6056218,Moscow,1155,89000,1214.7059787347237,85,7,99,,7485,80047,15,2400,14,4.7
Angel Cakes,55.7638069,37.5957004,Moscow,1196,72000,644.6877364501726,85,17,134,,5593,129455,48,1900,5,4.4
Буфетрина,55.7528381,37.6675943,Moscow,611,68000,758.0120506768903,85,12,84,,5660,126866,12,1700,9,3.9
Shwarm,55.7436384,37.5056425,Moscow,721,79000,3715.4608019068455,85,8,44,,14938,124320,47,2100,10,4.6
Prosvet,55.7758813,37.5967027,Moscow,653,54000,479.5868891878861,85,8,249,,6269,126014,20,2100,2,4.4
Prosvet,55.7546358,37.6256038,Moscow,1490,85000,464.5732671289248,85,7,142,,13500,74298,38,2000,1,4.8
Алёнка,55.7868968,37.6595986,Moscow,393,94000,1245.3225697416212,85,5,24,,6017,99002,10,2400,7,4.0
Unknown,55.8410441,37.6503718,Moscow,1275,94000,7238.3536749793775,85,1,22,,13785,124717,33,2400,5,4.1
Старик Хинкалыч,55.7676558,37.6467455,Moscow,448,94000,1061.8027089684238,85,13,170,,8810,101400,28,3500,10,3.8
Layerz Bakery,55.7906631,37.5895908,Moscow,1370,54000,1511.2552495540965,85,5,75,,12121,126346,49,1950,7,4.7
Кофепорт,55.7516773,37.6001099,Moscow,911,89000,1157.1277133907643,85,21,114,,9897,108679,40,1950,12,4.3
Monkey’s pride,55.5281859,37.587089,Moscow,1407,62000,22768.49775604224,85,0,1,,7493,106395,47,1900,11,3.5
Правда Кофе,55.7365764,37.6187807,Moscow,337,62000,1298.2994148636337,85,9,131,,9840,119724,41,3500,5,3.5
Ska vi Fika?,55.737709,37.6351918,Moscow,924,62000,754.5471057715328,85,8,137,,12774,126497,49,2300,0,4.7
Сиеста,55.7347439,37.6192059,Moscow,524,62000,1189.303534483999,85,6,131,,11696,84857,33,2100,1,3.5
Footbe,55.7866473,37.5830563,Moscow,567,71000,1074.3526099780393,85,9,130,,10443,66097,21,3500,11,4.7
Совиный дом,55.7911962,37.633848,Moscow,925,94000,2145.7923374453394,85,5,19,,12325,67616,13,2300,4,4.4
Хинкали-Гали,55.8419974,37.3727645,Moscow,703,71000,15048.351458381507,85,3,13,,10134,107135,48,2400,11,4.1
Хинкальная,55.755597,37.8581706,Moscow,338,68000,12525.831471978378,85,6,42,,13253,114211,43,1700,6,4.2
Фарфор,55.5086844,37.5655522,Moscow,939,62000,25124.1358761152,85,0,4,,14068,86512,39,2300,7,4.1
Pho Ly Quoc Su,55.781794,37.6005683,Moscow,285,54000,323.3208553645824,85,42,179,,10492,128084,27,2100,10,3.5
Шоколадница,55.8110215,37.8007651,Moscow,925,94000,9909.217800279826,85,7,23,,13226,71892,49,2300,12,3.6
Натахтари,55.8109281,37.8002637,Moscow,215,94000,9876.32542973097,85,7,23,,9349,99412,40,1900,8,4.2
Правда Кофе,55.7864436,37.5832763,Moscow,281,71000,1051.0550444918342,85,8,132,,10422,129025,34,2300,2,4.6
Viet Ngon,55.860054,37.4836806,Moscow,839,71000,11160.851651426829,85,3,22,,9678,80764,18,1800,9,4.6
Unknown,55.7359135,37.5941192,Moscow,1098,79000,2032.4972255108944,85,5,55,,5816,123981,35,2300,3,4.0
Kitsune,55.7684154,37.6841702,Moscow,1045,94000,2009.9588665386832,85,7,67,,13934,79959,36,1950,0,4.0
Калитки,55.8563024,37.4760725,Moscow,1289,71000,11100.501056441632,85,5,13,,7009,109950,35,1800,10,3.9
Kulinari,55.7028367,37.5102721,Moscow,1333,79000,5718.0792184433385,85,5,25,,8857,79401,31,1900,1,4.1
Дон-Пиццерон,55.8346625,37.3561107,Moscow,1093,71000,15617.954583754534,85,0,0,,6074,86029,14,3500,7,4.3
Гелати,55.7526585,37.7918181,Moscow,1203,68000,8387.344026813775,85,1,10,,7818,91780,16,1700,8,4.0
Литали,55.7740816,37.6397113,Moscow,1151,94000,979.6746645228817,85,1,105,,14420,121994,42,3500,13,3.5
Clever,55.7374062,37.5846161,Moscow,356,79000,1430.1358995816265,85,11,54,,13940,86981,17,1800,1,4.5
Pro тесто,55.7357111,37.5841068,Moscow,1486,79000,1509.9666817482273,85,9,57,,7772,126799,16,3500,8,4.3
Platforma934,55.7958218,37.5603584,Moscow,609,71000,2562.238466180821,85,5,29,,9330,84481,17,2300,4,4.6
Unknown,55.8103733,37.5900594,Moscow,295,54000,3567.5068540260045,85,1,58,,6000,62608,11,1700,3,3.6
Baggins Coffee,55.7028962,37.6485533,Moscow,434,62000,3207.6884743282117,85,0,49,,12196,105183,34,1700,1,3.9
Unknown,55.811539,37.6247813,Moscow,741,54000,3888.3167809372435,85,2,19,,6720,112874,48,1950,3,3.8
Unknown,55.5097873,37.5448257,Moscow,378,62000,25269.414800342965,85,0,0,,8997,117154,37,2000,6,3.8
Pho Cafe,55.7324976,37.5842018,Moscow,1398,79000,1755.2039241228515,85,2,62,,11415,119118,19,2000,9,3.8
Мелодия,55.6377999,37.7391941,Moscow,771,62000,12183.53305995207,85,2,5,,13402,114350,32,1800,8,4.6
ФанФан,55.6376053,37.7356752,Moscow,450,62000,12087.599774332266,85,3,5,,7272,110650,34,3500,9,4.2
Coffeesphere,55.6991966,37.6349618,Moscow,1298,62000,3538.680429750165,85,10,36,,12490,120489,40,2100,3,4.6
Beze,55.6993876,37.6350974,Moscow,588,62000,3517.1580644027595,85,10,36,,14995,120197,13,3500,13,3.9
Unknown,55.8161475,37.8645548,Moscow,465,94000,13838.496014080461,85,0,0,,9332,117365,26,2100,5,3.8
Кулинариум,55.7073899,37.5754509,Moscow,1375,79000,4123.125740232645,85,1,19,,11871,81041,23,2000,6,3.5
Street9 Coffee,55.7137775,37.6593829,Moscow,837,62000,2373.246688716883,85,2,41,,7157,116974,16,2400,9,4.6
Хинкали Gали,55.5142297,37.3722409,Moscow,540,79000,28269.859102601633,85,0,0,,11662,60902,47,2300,1,4.7
Матрёшка,55.5583019,37.8122963,Moscow,521,62000,22130.446347122604,85,3,4,,14472,103322,41,2300,11,4.1
Академия,55.5567438,37.8138194,Moscow,1001,62000,22328.396354126435,85,3,4,,9615,66931,11,1700,0,4.5
Донер Шаурма,55.5588677,37.8156416,Moscow,488,62000,22181.17787642826,85,4,6,,13202,81344,42,2400,12,3.6
Coffee Way,55.676118,37.7709861,Moscow,1358,62000,10378.689279573344,85,2,15,,12496,67524,49,1900,9,4.4
Сыто Piano,55.7586445,37.6414816,Moscow,835,85000,667.7306925672405,85,25,198,,10914,110043,40,2100,3,4.3
Unknown,55.7478977,37.7787422,Moscow,645,68000,7623.187528585096,85,4,17,,7807,93691,42,3500,7,3.8
Вареничная №1,55.7613729,37.6233604,Moscow,836,89000,669.705781683243,85,23,178,,9564,65934,43,3500,12,3.8
Пшеница,55.8023827,37.7336067,Moscow,1432,94000,5723.367879149727,85,0,8,,12257,60133,19,2000,6,3.8
Eggsellent,55.7690006,37.5920539,Moscow,617,77000,979.2534805602952,85,15,144,,7308,78812,35,2000,8,4.0
Универ,55.778645,37.5989243,Moscow,1337,54000,196.34723799529513,85,28,217,,9308,128563,28,2100,4,4.7
Суши Мастер,55.8470553,37.3710862,Moscow,485,71000,15416.06578602332,85,3,20,,7851,122866,14,1900,10,3.6
Unknown,55.7849299,37.8480521,Moscow,1311,94000,12112.731539878232,85,1,5,,8656,99522,18,3500,5,3.5
Unknown,55.8104142,37.7954073,Moscow,599,94000,9575.019267372327,85,4,23,,7533,75987,34,1700,13,3.8
Латтезавр,55.7998428,37.8048647,Moscow,406,94000,9737.437443132178,85,0,22,,7946,112316,18,1700,8,4.6
Take & Wake,55.7791902,37.666225,Moscow,1032,94000,786.5148538602336,85,7,77,,13545,116972,35,2400,2,4.5
Cofix,55.7318385,37.6358688,Moscow,1214,62000,117.08699950844948,85,22,136,,13421,126037,48,1900,6,4.0
Загорами,55.7739454,37.6818205,Moscow,670,94000,1692.8673408043953,85,21,84,,11289,129992,49,2400,5,3.9
У Лёвы,55.740596,37.8838243,Moscow,651,68000,14249.974915792249,85,0,2,,6507,69200,30,1700,4,4.3
Кап-Кап,55.8083738,37.5269797,Moscow,352,71000,4987.577604745072,85,7,58,,10186,76056,14,2000,4,3.8
Чайхона Халяль,55.8082357,37.5302649,Moscow,542,71000,4831.892990819871,85,5,52,,5377,126236,16,3500,3,4.2
Кафе 24,55.5427925,37.5584491,Moscow,236,62000,21500.57125963115,85,0,10,,13392,84566,20,2100,7,4.1
Узбекская кухня,55.89368,37.4509587,Moscow,236,71000,15406.076848047103,85,5,20,,6277,63823,43,2000,6,3.9
Ставр,55.7918424,37.6929331,Moscow,950,94000,2954.4519724867637,85,2,24,,11315,104977,31,2100,14,3.8
Stim,55.7760473,37.6782895,Moscow,874,94000,1456.5185084727311,85,12,93,,14498,97928,27,3500,11,4.1
Chiapas,55.5595673,37.5753921,Moscow,655,62000,19450.48646534786,85,0,1,,8248,100307,34,2100,9,4.4
Шоколадница,55.549026,37.554408,Moscow,993,62000,20887.901714373846,85,6,12,,5131,87034,32,2000,7,4.2
Чайхана. Наш Самарканд,55.5490133,37.5543535,Moscow,838,62000,20890.11886313574,85,6,12,,8891,111451,46,1800,11,3.6
Рим,55.7988296,37.7336879,Moscow,1493,94000,5535.981588981278,85,0,11,,12785,60006,10,1800,2,4.3
Unknown,55.7675426,37.8479997,Moscow,648,68000,11944.303483740508,85,2,7,,10763,107287,27,2100,9,3.7
Чайхана,55.8120066,37.8177809,Moscow,321,94000,10934.847218354818,85,0,12,,10359,69708,19,1700,8,4.6
Мама печёт,55.8511882,37.4361746,Moscow,355,71000,12383.572391496387,85,5,33,,11793,123455,47,2000,11,3.5
Dizengof99,55.7846453,37.656239,Moscow,926,94000,964.4306244286721,85,6,35,,11629,124434,31,1700,4,4.3
Дай пять!,55.8445783,37.3718179,Moscow,285,71000,15239.316625803902,85,6,20,,8518,83878,28,2400,10,4.0
Megapolis,55.87803,37.6456472,Moscow,256,54000,11344.032310660452,85,0,12,,10440,125446,24,2100,13,4.5
Тесто,55.7895427,37.631882,Moscow,1373,94000,2087.4001319676845,85,6,21,,12951,113590,34,2000,14,3.6
Нитка,55.7356401,37.624091,Moscow,1362,62000,958.8556538705446,85,9,145,,6375,60816,15,1950,11,4.0
Crosby Coffee,55.7735074,37.6653657,Moscow,996,94000,705.0484034222711,85,8,111,,8454,112058,10,1950,7,3.8
Crosby Coffee Company,55.693334,37.660644,Moscow,996,62000,4442.43733518298,85,7,21,,9046,98472,43,1800,12,3.8
Crosby Coffee Company,55.6944587,37.5290608,Moscow,1354,79000,5950.858602311151,85,5,27,,7604,81967,49,1800,1,4.4
Crosby Coffee,55.7583313,37.7583468,Moscow,364,68000,6280.318697393929,85,0,16,,5381,90496,31,2400,1,4.7
Чайхана,55.8658887,37.3960796,Moscow,578,71000,15345.681125314852,85,1,13,,10202,74800,29,3500,13,4.3
Unknown,55.7493652,37.8686165,Moscow,796,68000,13206.83585196936,85,6,57,,7531,124046,26,1800,0,3.8
From Berlin,55.7732941,37.6193561,Moscow,234,77000,1244.3904914131892,85,26,130,,13056,79253,39,1950,2,4.4
Moose,55.6044547,37.721909,Moscow,493,62000,15045.03108751907,85,1,15,,12518,115506,27,2100,7,4.2
Буханка,55.6047896,37.7217373,Moscow,879,62000,15006.383564821715,85,1,15,,11914,109015,32,1950,0,4.5
Хинкальная,55.8071074,37.8125361,Moscow,894,94000,10438.05353749281,85,0,20,,6074,104493,47,1900,9,4.0
Вспышка,55.7759978,37.6724583,Moscow,1352,94000,1091.8305729484214,85,20,96,,9106,110392,38,3500,1,4.6
CoffeeShots,55.783164,37.6326652,Moscow,1023,94000,1607.878697593609,85,5,48,,9975,116209,12,2100,9,4.1
CoffeeShots,55.7785212,37.5891155,Moscow,283,71000,361.87176740734066,85,34,222,,9095,78277,47,2000,1,4.7
Борис Сонный,55.7807529,37.6117507,Moscow,1255,54000,640.1376434327391,85,5,113,,9303,68523,35,1700,5,3.8
Little Панда,55.8323257,37.4522768,Moscow,352,71000,10276.632033762055,85,1,9,,14558,129335,31,2000,0,3.5
Южное,55.6784004,37.5344483,Moscow,629,79000,7541.239132199246,85,3,19,,6807,61459,46,1950,7,4.0
Хинкали Point,55.7623563,37.5675753,Moscow,554,71000,1925.3152796853706,85,14,77,,14072,67416,19,2300,3,4.3
"Чайхана ""Зейтун""",55.7455524,37.8605168,Moscow,721,68000,12737.06109187424,85,10,50,,6572,76604,41,2100,1,4.7
Coffee Moose,55.7499349,37.8597363,Moscow,428,68000,12648.164620913572,85,13,53,,14976,84194,10,1950,5,4.3
Свой,55.7866783,37.4949341,Moscow,1141,71000,5672.3117660392145,85,1,14,,6120,102430,36,2100,0,4.8
Fabbrica,55.7643965,37.5685175,Moscow,697,71000,1703.479247140531,85,17,75,,10379,126852,40,2400,3,4.6
Шашлычок,55.7771496,37.674006,Moscow,923,94000,1195.4591380815805,85,17,89,,13414,118638,31,1950,8,4.6
Coffee Style,55.7247905,37.6440047,Moscow,1442,62000,817.9977846243762,85,6,83,,8286,121223,42,1700,6,4.3
Чайхана,55.8463623,37.3627236,Moscow,1284,71000,15831.579311500995,85,5,21,,5009,96649,27,2300,14,4.4
Нарта,55.8913639,37.4512507,Moscow,616,71000,15179.996023107498,85,4,20,,11571,62354,31,2000,5,4.6
Cinnabon,55.8469509,37.3576921,Moscow,818,71000,16138.20409864542,85,6,18,,7586,116748,13,1700,11,4.2
Unknown,55.5790209,37.59058,Moscow,1477,62000,17148.372790117188,85,0,7,,11721,67850,16,1700,6,3.8
Yug,55.8057929,37.5843734,Moscow,957,54000,3176.4767380748244,85,29,73,,6745,98782,36,2300,13,3.7
I am your coffee,55.7233444,37.3982341,Moscow,322,79000,10690.395060131725,85,2,6,,10555,123546,13,2000,3,3.9
Cinnabon,55.8019184,37.5316942,Moscow,678,71000,4286.081268646768,85,11,56,,13510,64694,39,2100,11,4.4
МясоRoob,55.6512726,37.6127243,Moscow,1365,62000,8994.89644429876,85,1,11,,6918,83268,22,3500,8,4.2
МясоRoob,55.623695,37.421735,Moscow,701,79000,16112.359128341406,85,5,5,,8285,112355,47,1950,1,4.2
Лайнбер,55.8083426,37.5875357,Moscow,892,54000,3385.7145563748973,85,15,62,,7074,79233,34,2100,13,4.8
Hoi An,55.7836444,37.635861,Moscow,972,94000,1467.9634521867217,85,8,47,,7979,129681,16,1700,1,4.6
Valiko,55.7631437,37.596908,Moscow,533,72000,576.7035772800713,85,13,135,,13356,99662,24,2400,12,3.6
Rockets,55.7582133,37.5979753,Moscow,949,72000,816.1405883652504,85,15,139,,10972,93171,38,1950,5,4.1
Кулинарная лавка братьев Караваевых,55.7776789,37.6332837,Moscow,369,94000,1370.8646928421142,85,16,75,,13514,89243,24,2000,3,3.9
"Чайхона ""Уют""",55.53704,37.7216014,Moscow,590,62000,22211.463417469284,85,0,2,,6286,84076,39,3500,8,4.7
Объедение,55.8568672,37.5167346,Moscow,223,71000,9824.892749330997,85,0,4,,14096,95522,35,1950,1,4.2
Даблби,55.7884042,37.5680575,Moscow,1188,71000,1613.0046019832637,85,4,58,,13214,84481,26,2400,9,4.7
Пинки&Кофе,55.7714645,37.6371452,Moscow,281,94000,1225.2938656007386,85,8,130,,6126,91536,17,3500,13,4.7
Лорэм,55.645849,37.5174553,Moscow,347,79000,11313.312743714841,85,7,26,,8767,73019,32,2100,11,4.6
Старт кофе,55.8138378,37.6612911,Moscow,1217,94000,4225.709378196599,85,0,3,,6380,113289,22,1950,14,4.2
Клёвое бистро,55.6841867,37.5507872,Moscow,1457,79000,6710.255143101233,85,2,14,,14919,116627,35,2400,12,4.2
Город,55.7082097,37.5449646,Moscow,974,79000,4172.773891388087,85,2,9,,7878,106444,13,1900,2,3.5
Colorcoffee,55.8113353,37.4979138,Moscow,1340,71000,6598.063153195153,85,5,39,,9377,76201,23,1900,8,4.5
Ванильное небо,55.7885233,37.5887507,Moscow,713,71000,1315.3152081643086,85,3,134,,9216,116802,31,1800,0,3.8
Brasserie Bruxelles,55.8006463,37.5840971,Moscow,804,71000,2629.355601693154,85,8,105,,6643,92235,17,2400,0,4.8
"Алло, пицца",55.6267169,37.5109608,Moscow,997,79000,13474.041517231288,85,0,11,,12931,95439,10,1700,4,4.1
Груzinsкий Буffет,55.7899913,37.6338119,Moscow,474,94000,2043.4349763687035,85,6,20,,14904,60334,46,1950,13,4.4
Старые друзья,55.8662654,37.459165,Moscow,673,71000,12622.625574923064,85,1,9,,14476,81959,20,1950,9,3.6
Штолле,55.7824641,37.5984724,Moscow,1358,54000,443.88085997875896,85,43,172,,10546,65682,38,2000,6,3.7
Дафеншо,55.7818895,37.6010849,Moscow,1483,54000,326.3536962756073,85,43,176,,8729,126474,30,1800,2,4.6
Пицца Императрица,55.7205682,37.8996088,Moscow,1376,68000,15657.600587945904,85,1,3,,10039,80570,35,3500,7,4.6
Unknown,55.7321661,37.7643138,Moscow,729,68000,7204.380123071558,85,1,10,,11177,110047,13,2300,5,4.0
Eda,55.7949238,37.700083,Moscow,248,94000,3517.568174026365,85,2,27,,7662,67188,10,2100,0,3.7
Unknown,55.8385876,37.639533,Moscow,313,94000,7026.217700662219,85,1,27,,10384,95491,39,2000,5,3.6
Frankie,55.7303742,37.6254512,Moscow,1382,62000,726.4343384804981,85,20,118,,14024,99305,41,1950,8,3.6
Арти Кофе,55.8002617,37.5039542,Moscow,1019,71000,5633.321714375066,85,0,42,,12588,103094,38,2000,8,4.5
Crosta,55.7313376,37.590014,Moscow,377,79000,2105.8212007804223,85,2,65,,10626,66905,38,1800,7,4.6
Кофе и Ко,55.7964278,37.5620198,Moscow,513,71000,2560.3396958962026,85,4,29,,10688,115699,15,2300,3,4.0
Pear-6,55.7540267,37.6501693,Moscow,1411,68000,591.0933613428848,85,7,159,,14932,90607,47,3500,10,4.7
Q Lounge,55.6534261,37.4219683,Moscow,254,79000,13482.00932802098,85,0,9,,7034,78639,36,1700,8,4.8
Aioku,55.686311,37.858434,Moscow,225,62000,14735.402555329732,85,3,8,,10660,71824,13,2000,2,4.1
Фуд-Корт №1AS,55.5553524,37.7090263,Moscow,243,62000,20047.277813804096,85,0,2,,9214,73615,24,1800,8,4.5
POMODORO,55.5099272,37.7832471,Moscow,243,62000,26241.26104955067,85,0,2,,9350,98540,48,1900,9,4.2
Скалка,55.7199454,37.6061497,Moscow,234,62000,2289.7697333211004,85,11,50,,12976,72479,46,2000,13,3.9
Mikale,55.7045892,37.6155262,Moscow,1283,62000,3230.0783002286307,85,7,63,,13664,83326,49,2300,0,4.5
Лунго,55.7673412,37.650634,Moscow,454,94000,1000.791238624646,85,10,145,,6385,109395,10,2000,1,3.7
Тим-кафе,55.8350887,37.5717187,Moscow,1055,71000,6504.604053559101,85,0,3,,10661,77583,18,1700,2,4.3
Август 13,55.8172791,37.5732127,Moscow,1414,71000,4529.3007044688475,85,4,16,,9845,85194,47,1800,5,4.1
Unknown,55.6738172,37.6195099,Moscow,483,62000,6452.18449639913,85,0,16,,9600,111035,35,2100,14,4.2
Иван-Чайное купе,55.7374913,37.6399608,Moscow,937,62000,745.2213169865782,85,13,137,,7814,106571,40,1700,8,4.6
МореКофеОкеан by Erwin,55.7448795,37.5658607,Moscow,1393,79000,111.65191658776148,85,18,38,,9320,102231,36,2300,1,3.6
Мох и кофе,55.6451962,37.7044391,Moscow,221,62000,10435.423238009063,85,3,5,,7825,84156,30,1900,3,3.8
Кофе для души,55.668329,37.5602643,Moscow,798,79000,8419.46066500974,85,0,15,,12926,90388,30,1800,2,4.1
Шоколадница,55.7826296,37.7246667,Moscow,461,94000,4418.467932943858,85,10,27,,5267,103068,16,2400,14,4.4
8/25,55.8024458,37.5916064,Moscow,1405,54000,2686.80533307653,85,7,87,,7710,116946,22,1900,4,3.7
Даблби,55.7827419,37.5986061,Moscow,917,54000,467.0787651293237,85,40,171,,7166,102278,31,1950,12,3.8
Sweet Space,55.6513912,37.5169987,Moscow,687,79000,10727.963249426579,85,1,31,,8672,100552,19,2000,13,4.4
Так сказала моя мама,55.7282466,37.6728949,Moscow,684,62000,2268.271296650975,85,2,28,,5925,120170,49,3500,7,3.9
The Crepes,55.7091513,37.6529253,Moscow,1162,62000,2626.228799587459,85,20,43,,7262,101246,36,3500,7,3.5
Жучки-паучки,55.8096825,37.5220603,Moscow,1366,71000,5310.257456858292,85,2,52,,10068,80908,17,1950,14,4.5
Unknown,55.8078934,37.5224988,Moscow,756,71000,5155.737883124523,85,7,60,,5360,80824,42,1800,2,3.5
Unknown,55.7070578,37.688886,Moscow,209,62000,4200.935136465306,85,2,22,,9976,67694,37,1950,9,4.1
Сациви,55.8233743,37.5209525,Moscow,1473,71000,6489.833050599622,85,3,9,,9199,65672,40,2300,11,3.5
Sue,55.7311148,37.6347627,Moscow,1121,62000,140.66099312069758,85,22,136,,7454,127740,43,3500,10,4.3
Lila Pastry,55.7694627,37.6324922,Moscow,1438,94000,1584.3419435211433,85,19,170,,5859,61755,29,2000,13,3.8
Пороселло,55.7707808,37.6787952,Moscow,861,94000,1597.388457076876,85,29,91,,9749,60168,30,1700,3,3.7
StBrown,55.8072294,37.6261018,Moscow,1210,54000,3481.823895220467,85,1,21,,5656,128710,43,1700,3,4.6
Баскин Роббинс,55.8152009,37.6003915,Moscow,760,54000,4026.6118024842117,85,6,12,,8091,63118,30,2300,0,3.6
Riverside,55.7237232,37.5872468,Moscow,406,79000,2650.183509206969,85,3,35,,12179,109069,27,2300,9,4.0
Сицилия,55.7289336,37.55866,Moscow,794,79000,1721.680909203485,85,3,39,,9662,74131,26,1800,11,4.2
Coffee Style,55.7251163,37.6430508,Moscow,762,62000,756.0262256844657,85,6,84,,13541,88165,41,1950,8,4.1
Buno cup,55.7710062,37.6486739,Moscow,710,94000,681.8246952440788,85,16,106,,5638,109228,48,2100,2,3.8
SeDelice,55.7680149,37.6476775,Moscow,1185,94000,999.0630560491353,85,14,151,,8787,75820,14,2100,8,4.4
Unknown,55.89865,37.5406843,Moscow,792,71000,13794.602371469207,85,3,5,,6286,64201,43,2000,0,3.7
The Фишка,55.7217067,37.610585,Moscow,1379,62000,1950.3412130892439,85,15,58,,7441,80333,39,3500,3,4.5
Чайхана,55.7187708,37.7858718,Moscow,1480,68000,9063.523991764469,85,4,17,,10435,77961,15,2400,14,4.5
Blender CoffeeVar,55.8169204,37.3732047,Moscow,224,71000,13903.546158512407,85,2,34,,5471,105125,41,3500,4,4.7
Gøg,55.7472154,37.6468305,Moscow,393,85000,1224.0801115629883,85,2,91,,8226,77381,10,3500,3,4.3
Le Procope Du Matin,55.7714116,37.6033447,Moscow,491,77000,732.0293107286386,85,15,151,,11897,96317,16,1950,10,4.4
Mates,55.7561278,37.5548684,Moscow,477,79000,1490.167740101954,85,10,51,,12895,79349,17,1950,9,4.7
Comme A Paris,55.7000516,37.5018579,Moscow,1061,79000,6286.329015736227,85,5,21,,11370,81495,27,3500,4,4.4
Фантазеры,55.6945368,37.5578876,Moscow,380,79000,5518.066082460485,85,6,20,,14283,79194,28,1950,8,4.7
Unknown,55.5520511,37.7025195,Moscow,371,62000,20318.57539835379,85,0,3,,8892,118516,49,2100,2,4.1
Аэроплан,55.7326893,37.6274778,Moscow,658,62000,625.0783324025781,85,13,145,,10066,91754,21,2400,12,3.8
Mastersuit,55.742568,37.5962643,Moscow,705,79000,1963.3571960916322,85,3,94,,9182,78245,35,2300,11,4.5
Даблби,55.7484345,37.5809749,Moscow,434,79000,1114.80384328552,85,13,62,,5977,112341,43,1900,0,4.5
Nicepricecafe,55.7338803,37.6274204,Moscow,204,62000,679.9275638209984,85,12,159,,8692,113160,14,1900,11,4.1
Unknown,55.7078813,37.6602575,Moscow,902,62000,2954.681830822169,85,8,41,,13784,111777,37,1700,2,4.7
БлондБрюн,55.7144888,37.672092,Moscow,1442,62000,2863.6210247359086,85,1,17,,5010,69800,17,1900,12,4.5
Самарканд,55.7150939,37.67392,Moscow,894,62000,2911.009025543599,85,2,17,,13406,104160,45,3500,2,3.6
Surf Coffee,55.6934428,37.5575734,Moscow,815,79000,5640.913918609889,85,5,21,,12319,91844,12,2400,6,3.5
The Coffee club,55.7381982,37.6246387,Moscow,361,62000,1113.3503183092732,85,10,140,,11267,97890,28,1800,4,4.3
Аэроплан,55.7373654,37.6400319,Moscow,983,62000,732.8105998579733,85,12,139,,11561,82590,19,1950,5,4.0
Cofix,55.7725586,37.6604716,Moscow,1453,94000,513.3594606437453,85,9,112,,14312,127501,11,1700,8,4.6
Султан,55.7468848,37.6798949,Moscow,1343,68000,1772.6702464569328,85,13,36,,9367,78134,42,2300,13,3.8
Meat Crew,55.773875,37.5776626,Moscow,363,71000,527.0983049212379,85,7,101,,10573,66807,24,1900,4,4.2
Eleven,55.7524617,37.6021251,Moscow,1264,89000,1004.2059601292633,85,22,123,,14337,126367,27,1700,5,4.4
B.Coffee,55.8541188,37.6369567,Moscow,667,54000,8633.605508746343,85,0,18,,5585,86037,14,3500,8,4.0
Айван,55.72801,37.6112621,Moscow,211,62000,1645.4891936370698,85,7,91,,6831,92370,27,2300,10,3.6
Mátes,55.7236532,37.6112051,Moscow,1010,62000,1810.0478169226426,85,11,71,,11583,79552,38,2000,8,3.6
Нейборс,55.8474344,37.6395974,Moscow,465,54000,7963.8873698378575,85,7,18,,10625,125527,21,1700,11,3.9
Unknown,55.8585666,37.5597024,Moscow,641,71000,9195.935301688265,85,1,7,,9785,95914,23,2300,14,3.6
Самарканд,55.8086779,37.3870593,Moscow,473,71000,12805.211199409554,85,0,10,,7888,102940,42,2300,5,4.2
Брусника,55.7371834,37.5883725,Moscow,729,79000,1647.7173795756587,85,19,57,,8475,128920,24,1700,3,3.6
Русалочка суши,55.7675042,37.6077166,Moscow,1411,77000,298.4420953706406,85,18,161,,5908,90747,19,1700,2,4.4
Fettucciamo,55.7608917,37.6323768,Moscow,712,85000,656.2865244029451,85,29,216,,13420,67273,16,3500,7,4.2
StandUp Cafe,55.7590995,37.6456363,Moscow,377,68000,808.0327446775689,85,30,212,,10452,91349,28,2400,8,4.6
Taam hummus bar,55.7597998,37.6470117,Moscow,733,68000,754.7146160583966,85,32,222,,14063,89893,32,1950,4,4.1
Афродита,55.8499469,37.3554613,Moscow,623,71000,16421.953834489228,85,0,14,,10640,126422,31,3500,10,4.2
Чайхана №5,55.6104685,37.7851409,Moscow,737,62000,16307.174661663486,85,1,1,,5585,97546,27,2100,2,4.1
Kaffebrod,55.7953498,37.4954065,Moscow,1494,71000,5902.98490445147,85,7,22,,5133,82797,42,2100,10,3.7
Cinnabon,55.8627076,37.4710192,Moscow,1192,71000,11859.089946221771,85,2,17,,11293,68372,27,2100,6,4.1
One&Double,55.7814111,37.7054706,Moscow,991,94000,3213.018987774597,85,10,50,,13130,117323,35,2300,2,4.6
"То, те хинкали",55.6883205,37.5698556,Moscow,1410,79000,6198.743302837212,85,7,31,,8340,113543,17,2100,9,4.0
Time To Coffee,55.6889703,37.5687584,Moscow,342,79000,6123.549975374479,85,5,27,,6526,103779,35,1700,14,4.0
Антикафе Сфера,55.7718465,37.6365973,Moscow,950,94000,1240.1607872280329,85,12,130,,13482,72102,33,2100,14,4.3
Свои,55.7699817,37.6417887,Moscow,574,94000,1063.2917275836323,85,5,131,,6674,114815,20,2100,12,4.7
Пять звёзд,55.7694845,37.6412147,Moscow,576,94000,1126.1739573716288,85,5,136,,8832,60450,19,1950,9,4.3
Bitter Drop,55.7717099,37.6372512,Moscow,792,94000,1208.2202815879189,85,7,132,,13639,101268,29,1950,9,4.7
Трактир,55.8039678,37.4987579,Moscow,1123,71000,6114.766031592245,85,3,37,,6947,128899,33,1950,4,3.5
Альпака и кофе,55.8823018,37.634697,Moscow,491,54000,11666.725485180052,85,3,7,,9715,100582,38,2000,6,4.1
White Fox Cafe,55.6959827,37.5466779,Moscow,1431,79000,5461.196203606983,85,0,29,,9788,68348,48,1900,10,4.6
Миндаль,55.7501422,37.8765854,Moscow,1156,68000,13699.286168361254,85,4,38,,11282,73484,20,1950,8,4.3
Suzak,55.7492977,37.8777819,Moscow,1018,68000,13779.708240294396,85,4,30,,10991,126976,39,2000,13,3.5
Nook,55.7866457,37.5199923,Moscow,657,71000,4143.6195045052655,85,3,22,,5556,111943,44,2300,5,4.6
Шёлковый путь,55.7494638,37.8794533,Moscow,313,68000,13882.940424944316,85,4,28,,8878,80118,26,2100,13,4.6
Стамбул,55.7495938,37.8793873,Moscow,204,68000,13877.929617659123,85,4,28,,12826,115397,37,1900,13,3.7
Coffee Way,55.7546768,37.8873614,Moscow,1276,68000,14353.847829655306,85,4,17,,9758,83718,18,1950,5,3.9
Афсона,55.7177825,37.7865452,Moscow,1423,68000,9152.712405553022,85,4,16,,11856,75957,18,2300,7,4.8
Мистер Шаурмович,55.7403577,37.6098554,Moscow,1008,89000,1890.0723238622058,85,13,89,,6787,91409,25,2300,0,4.7
В кустах,55.7412569,37.609739,Moscow,869,89000,1793.8687302186192,85,14,87,,6236,104880,34,2100,13,3.6
Гринери,55.7399389,37.6620423,Moscow,879,62000,1856.291899668378,85,17,100,,9243,102556,20,1800,8,4.1
Here'n'Now,55.7400416,37.6635616,Moscow,961,68000,1917.5421576635415,85,16,99,,12920,69204,20,1900,9,4.5
Burger Club,55.699964,37.7651435,Moscow,600,62000,8736.908828011989,85,8,17,,12329,86015,12,1800,5,4.0
Unknown,55.7322286,37.568928,Moscow,1369,79000,1331.8164122589646,85,4,49,,12885,60764,34,1900,12,4.1
Скалка,55.6695297,37.5193401,Moscow,301,79000,8760.901804475534,85,1,12,,10588,80927,32,2000,8,3.9
Инжир,55.8026053,37.5825414,Moscow,373,71000,2848.639328151027,85,5,100,,5890,83090,25,2300,14,4.4
Хинкальная,55.802496,37.582701,Moscow,787,71000,2836.188749388299,85,7,100,,5717,75453,42,3500,9,3.6
Coffee Like,55.7730976,37.8490981,Moscow,1211,68000,12087.767669471366,85,0,7,,5153,80095,26,2000,2,3.9
Kofe-da.ru,55.8427037,37.3713912,Moscow,294,71000,15161.257048807814,85,3,20,,5089,105315,42,2000,4,4.2
Frank by Баста,55.7438407,37.6277862,Moscow,339,85000,1283.040361559447,85,29,97,,10580,116369,41,1900,7,4.8
Х&М,55.7450818,37.6268917,Moscow,284,85000,1167.223726155986,85,25,88,,14840,72813,26,1800,11,4.8
Bollywood,55.6829329,37.6630699,Moscow,1199,62000,5588.79964688523,85,3,20,,9553,116594,34,1950,14,4.6
Шербет,55.7374636,37.6315266,Moscow,721,62000,796.2287316276455,85,13,151,,7240,118226,26,2400,2,4.0
Joja,55.7401325,37.6300178,Moscow,701,62000,1105.5698950614606,85,18,130,,12615,98120,39,2100,1,4.5
Дядя Осман,55.7399544,37.6092633,Moscow,1286,89000,1941.708842722234,85,12,90,,8385,109294,39,1800,10,4.1
Unknown,55.7743987,37.8990624,Moscow,1260,68000,15203.45388768319,85,0,1,,5884,121378,40,1700,2,4.2
Я тебя люля,55.7586174,37.6459889,Moscow,561,68000,772.7369221211061,85,28,207,,11871,90471,43,1700,10,4.0
Кариночка,55.6726101,37.5685641,Moscow,356,62000,7780.890712542232,85,1,30,,10031,84993,17,2100,9,3.8
Unknown,55.7589248,37.8631345,Moscow,1396,68000,12836.692311692364,85,2,32,,11279,105072,37,1700,6,3.7
Unknown,55.7261991,37.6468232,Moscow,979,62000,814.4373197701242,85,8,79,,12550,63015,27,2400,12,4.3
Ош,55.8658481,37.7074975,Moscow,447,94000,10515.10428014268,85,1,3,,7475,97678,17,3500,0,4.7
AnderSon,55.7547195,37.5101666,Moscow,1327,79000,3632.705761563086,85,12,22,,12698,111011,48,2300,9,3.6
Unknown,55.5656963,37.4442498,Moscow,370,79000,21224.29037226562,85,1,3,,8332,112872,37,2000,14,4.3
Royal Coffee,55.8806489,37.4486887,Moscow,1318,71000,14291.498050952086,85,1,6,,10338,129248,40,2400,9,3.7
Unknown,55.6831322,37.5491633,Moscow,913,79000,6840.502333438948,85,2,14,,14415,129987,28,2300,12,4.2
Pasta+salsa,55.5331268,37.4494476,Moscow,1415,79000,24543.871989023137,85,1,2,,7344,86476,23,1700,2,4.7
Vina Pho,55.7501541,37.5905066,Moscow,902,79000,1736.8375042686462,85,15,101,,5287,104385,17,1950,14,4.3
Cinnabon,55.7665253,37.6311493,Moscow,814,85000,1286.7748496433724,85,16,184,,5561,96973,11,1900,10,4.0
Чайхана,55.8180686,37.5033615,Moscow,1251,71000,6801.363498168631,85,2,29,,9428,72900,48,1800,4,4.3
2046,55.740747,37.5837363,Moscow,501,79000,1227.2818437093304,85,2,71,,12318,119249,41,2400,6,3.7
Мачете,55.7713486,37.6325895,Moscow,1146,94000,1494.0050297759108,85,19,142,,14891,95761,23,2400,13,3.8
Еда без вреда,55.78383,37.66627,Moscow,710,94000,1120.1390211824846,85,0,48,,12450,72125,26,2100,1,3.7
Абу Гош,55.7719796,37.6248948,Moscow,1065,77000,1413.931839247543,85,16,125,,7167,91455,26,1800,4,4.0
Prawns,55.7116886,37.5466756,Moscow,1168,79000,3771.6339535723905,85,0,13,,9291,98515,45,1950,5,3.7
Gagawa,55.6122201,37.6067188,Moscow,1137,62000,13343.518804595411,85,5,7,,5339,122024,24,2100,8,3.8
Gagawa,55.7438347,37.5084266,Moscow,819,79000,3541.0225337037123,85,10,41,,5843,78319,21,2300,0,4.3
Gagawa,55.7909694,37.5293933,Moscow,474,71000,3751.096494223606,85,9,34,,9869,73176,31,2400,6,4.7
Gagawa,55.8238609,37.4975047,Moscow,1172,71000,7508.382191085528,85,14,23,,8342,87311,41,2000,11,3.6
Gagawa,55.9114679,37.3963396,Moscow,310,71000,18995.301877304657,85,12,15,,14394,102927,14,3500,0,3.7
Gagawa,55.603871,37.4909572,Moscow,1447,79000,16258.596528635446,85,6,8,,13966,84738,48,1800,4,4.0
Gagawa,55.705801,37.593825,Moscow,1047,62000,3894.034021704337,85,9,25,,12363,90872,48,2000,12,3.7
Gagawa,55.6904207,37.6017246,Moscow,389,62000,5024.266084233613,85,6,12,,14313,114935,48,1900,0,3.5
Gagawa,55.845536,37.660038,Moscow,792,94000,7738.4557650003135,85,7,14,,13393,63617,26,1900,9,3.6
Gagawa,55.7094822,37.6221737,Moscow,363,62000,2566.5310189986562,85,32,65,,7752,129725,25,1900,10,4.2
эZо,55.7496802,37.540129,Moscow,1079,79000,1679.8422378388175,85,28,68,,14627,122317,15,2000,9,3.5
Stars Coffee,55.7522507,37.594922,Moscow,1347,89000,1420.7237763270778,85,25,120,,6669,74983,37,2400,14,4.8
Он мой,55.7827741,37.6337153,Moscow,1213,94000,1529.3726493341408,85,9,49,,12069,100472,21,3500,14,4.3
Азиаты,55.7567934,37.5637928,Moscow,1466,79000,1424.5657781191821,85,9,66,,10033,122241,32,1800,3,3.8
+39,55.7641102,37.5687727,Moscow,1388,71000,1720.8809610520113,85,17,76,,9199,76339,34,2300,12,4.3
Complex Burger,55.7729794,37.6102785,Moscow,1391,54000,846.2998243677266,85,10,145,,12155,70698,19,1950,3,3.6
Нужно зайти,55.7969539,37.5810872,Moscow,457,71000,2226.2336831214902,85,11,83,,12737,78646,19,1900,12,4.4
Культурные люди,55.8864147,37.4515463,Moscow,269,71000,14711.951587311338,85,0,15,,8314,128164,27,1700,11,3.7
Sova,55.6995257,37.7365476,Moscow,1283,62000,7150.379330412663,85,4,12,,6661,65502,33,2000,14,3.9
ИнтерКухня,55.7700321,37.5902366,Moscow,1383,71000,867.4401958642247,85,13,145,,12807,89343,26,2300,2,4.7
Буханка,55.8478287,37.650425,Moscow,482,94000,7992.100729129975,85,1,22,,8966,67989,13,2300,13,4.6
Farinaki,55.5993414,37.7260812,Moscow,880,62000,15669.597662933598,85,4,13,,10575,85372,27,1800,8,3.6
Ком Фо,55.8666443,37.4825315,Moscow,1195,71000,11812.491456673712,85,3,14,,10869,128580,27,1700,11,3.9
Блэк,55.7396256,37.6117353,Moscow,1239,62000,1849.7701725831046,85,12,95,,6036,85111,13,2400,11,3.9
Хинкали Салаты,55.6935823,37.5573053,Moscow,251,79000,5626.86839255308,85,5,21,,6792,99903,13,1800,9,3.6
Файз,55.6330264,37.5200199,Moscow,1479,79000,12657.680315617168,85,3,10,,9429,79595,32,3500,6,4.3
Катин Кофе,55.7727708,37.7127381,Moscow,1330,94000,3628.8604788878606,85,2,6,,11050,126272,41,2000,3,4.6
Unknown,55.7617349,37.7172051,Moscow,1494,68000,3741.457108271736,85,2,18,,8297,73724,16,2400,1,3.6
Вечер,55.6451577,37.7705203,Moscow,834,62000,12694.608321706137,85,0,3,,14392,127817,14,2400,4,4.3
Тирольские пироги,55.6916958,37.5531971,Moscow,954,79000,5862.754939037271,85,1,26,,8328,101633,19,2400,6,4.4
Пицца Паоло,55.5865119,37.6480303,Moscow,203,62000,16081.235181624477,85,0,4,,7484,112433,15,3500,9,4.1
HomieS,55.6665599,37.5299017,Moscow,809,79000,8887.295205341034,85,1,11,,10777,100656,16,2300,0,4.4
Quku,55.6687884,37.5405581,Moscow,1095,79000,8502.185328906886,85,0,21,,12339,109398,40,2400,0,3.6
Skuratov Coffee,55.7750364,37.5926012,Moscow,755,71000,580.5375846245839,85,9,253,,10672,129418,44,2000,0,4.0
Elmaro,55.7517255,37.6794561,Moscow,351,68000,1465.107918646805,85,0,47,,10820,106421,29,3500,10,4.7
Ciao,55.7288173,37.6479044,Moscow,1255,62000,724.6153044433606,85,14,86,,6344,74549,24,1700,1,3.5
Yasha,55.7096054,37.6252191,Moscow,648,62000,2490.759834986164,85,30,62,,9128,117089,38,2100,14,4.6
Булка,55.7406814,37.6228443,Moscow,920,62000,1394.3641746974042,85,17,131,,8675,62211,43,1950,13,4.4
Coffee Moose,55.824036,37.5179429,Moscow,1031,71000,6663.308983845845,85,2,8,,9051,73886,18,2300,1,3.5
Pho,55.6622669,37.4186069,Moscow,1401,79000,12912.427242534319,85,3,7,,7997,64642,12,1700,3,4.4
Буркина Фасоль,55.661463,37.4200946,Moscow,1492,79000,12909.839696800662,85,3,8,,9738,120424,29,1900,2,4.6
The Zavtrak,55.882722,37.6368207,Moscow,1191,54000,11736.57786031654,85,3,7,,13654,112700,48,2400,1,3.9
4 сыра,55.8114213,37.3697224,Moscow,1468,71000,13930.630086932488,85,1,13,,14413,122102,20,1700,4,4.0
Unknown,55.8551585,37.4325055,Moscow,275,71000,12849.490159920832,85,1,32,,14761,60191,33,1800,1,4.2
Stars Coffee,55.7280409,37.4767697,Moscow,886,79000,5801.586717346596,85,2,7,,11813,67483,17,3500,8,4.2
Stars Coffee,55.6206236,37.7137146,Moscow,1425,62000,13182.180859175529,85,3,10,,9590,83663,15,2100,3,3.9
Here'n'Now,55.7883527,37.6788569,Moscow,1351,94000,2027.807447363139,85,8,18,,13742,97944,36,2400,3,4.5
"Может, кофе?",55.7595097,37.5517559,Moscow,1402,79000,1913.4110558315251,85,5,58,,8926,105778,13,1950,1,3.7
Jeffrey's,55.8477386,37.6296794,Moscow,685,54000,7836.5875028358805,85,1,27,,11042,83190,38,1900,4,3.9
Гедонист,55.8476488,37.6295911,Moscow,1100,54000,7825.631976994481,85,1,27,,12163,80430,48,1900,10,3.9
Surf Coffee,55.7300391,37.5758808,Moscow,1224,79000,1695.2475906148743,85,5,68,,12636,110565,18,1700,5,4.3
Niqa,55.7600654,37.601337,Moscow,506,72000,525.8484499064592,85,8,157,,14360,76641,44,1700,7,4.2
Tintoretto,55.7599221,37.6527697,Moscow,749,68000,461.156318964081,85,18,153,,9085,115378,24,2100,8,4.5
Cofan,55.7697901,37.6596616,Moscow,881,94000,749.538823763253,85,8,107,,11082,98110,24,3500,6,3.6
Тираж,55.7931136,37.5129743,Moscow,1407,71000,4788.70290411078,85,2,18,,7013,64656,12,3500,3,3.8
Гастрофабрика,55.6825308,37.6130985,Moscow,1190,62000,5593.687944912316,85,0,15,,9923,124310,37,2300,7,3.6
Unknown,55.6386247,37.8472352,Moscow,728,62000,16708.837475449745,85,0,0,,6342,78553,35,1950,7,3.9
OMG!Coffee,55.762019,37.6242015,Moscow,285,89000,758.1341192020386,85,22,182,,9280,80109,29,1900,4,3.8
Пушкинъ,55.7546584,37.6212906,Moscow,773,89000,421.1690186316546,85,11,120,,8245,127463,45,1800,12,4.5
Даблби,55.7352702,37.5876456,Moscow,462,79000,1718.0683446393382,85,19,57,,5317,85236,23,2100,11,3.9
Комедия дель арте,55.7406157,37.6228563,Moscow,1466,62000,1388.252899768275,85,17,131,,12429,107683,45,2000,13,3.7
Публика,55.7664687,37.6635039,Moscow,1064,68000,1107.7480016950485,85,4,94,,8396,121831,21,1700,5,4.5
Лаборатория мороженого,55.8335177,37.6315306,Moscow,301,54000,6336.751343474217,85,5,31,,12405,73839,37,3500,4,4.5
Park Point,55.8370702,37.6124132,Moscow,578,54000,6489.815082615907,85,3,15,,10668,79607,17,2300,7,4.1
Unknown,55.8382714,37.6182657,Moscow,356,54000,6668.590978947838,85,4,24,,13107,97944,34,1800,7,3.6
Карельская форель,55.9101916,37.3943911,Moscow,717,71000,18959.624028805185,85,12,15,,12810,110840,45,2300,8,4.8
Мещерское,55.6738963,37.4228373,Moscow,1159,79000,11835.641573035813,85,0,4,,8877,86496,12,1900,2,3.8
Самарканд,55.6810869,37.4156624,Moscow,1414,79000,11681.118020064689,85,1,3,,13544,74213,21,1700,0,3.6
Чайхона,55.7880844,37.3703572,Moscow,571,79000,13125.647954611333,85,0,3,,11260,96345,33,2400,7,3.7
Cofix,55.6311039,37.6594356,Moscow,328,62000,11196.63458488113,85,2,8,,7666,90524,18,3500,11,3.8
Unknown,55.5751636,37.6004532,Moscow,1284,62000,17479.247346730484,85,0,7,,9927,111670,28,2400,13,4.3
Gregori,55.8171683,37.4982234,Moscow,1230,71000,6978.2154888073555,85,2,36,,12548,105186,42,1900,8,3.9
Vigor Maker,55.8260323,37.6369968,Moscow,962,54000,5668.695121982081,85,2,18,,7833,110709,34,1900,10,3.6
Mátes Pizza,55.7842189,37.5616219,Moscow,991,71000,1613.2280256172874,85,6,33,,6802,116321,36,1800,12,4.6
Котеешная № 1,55.7363673,37.6314971,Moscow,1288,62000,689.118924738816,85,10,158,,10677,61143,12,2100,11,4.5
Даблби,55.7279744,37.6200455,Moscow,1111,62000,1113.62281361647,85,14,97,,14205,99283,10,3500,7,4.6
Язакофе!,55.7081861,37.6608835,Moscow,500,62000,2944.9581455215607,85,7,42,,6954,73057,28,1900,0,4.4
Camera Obscura,55.7848057,37.7175343,Moscow,819,94000,4031.135429840681,85,11,43,,6329,77670,44,3500,10,4.7
Urban eats,55.7679523,37.6348659,Moscow,930,85000,1444.9532171750682,85,14,167,,13273,75363,26,3500,14,4.4
Не/медленно кофе,55.7905222,37.6330394,Moscow,782,94000,2119.691301859274,85,5,19,,7012,67888,11,1800,12,4.0
Lavazza,55.7467187,37.4907156,Moscow,307,79000,4659.166464335178,85,4,27,,6999,111263,33,1900,4,4.7
Сусеки,55.79647,37.5159448,Moscow,788,71000,4774.066542390159,85,4,36,,12532,114118,45,1700,0,3.8
Буду кофе,55.8417971,37.4548736,Moscow,258,71000,10817.353944892242,85,1,4,,14337,93501,12,2000,13,3.7
Rockets,55.7290795,37.6268022,Moscow,474,62000,673.2797705849117,85,23,111,,12803,112350,28,3500,7,4.6
Narine,55.6622651,37.4183492,Moscow,404,79000,12924.042905931028,85,3,8,,13080,62377,40,2100,12,3.7
Sol'floor,55.7427748,37.5309585,Moscow,1011,79000,2135.0649376122215,85,10,77,,11924,102499,20,1900,12,4.0
Burger Heroes,55.8021734,37.4210912,Moscow,997,71000,10562.311798279574,85,1,3,,14577,101814,35,2400,11,4.4
Unknown,55.6448702,37.7036334,Moscow,453,62000,10448.293067893374,85,3,6,,10749,72747,38,2400,9,4.0
Surf Coffee,55.7431772,37.6300956,Moscow,605,85000,1327.1415026992338,85,26,101,,8790,126173,43,1800,12,3.9
Олива,55.7195759,37.6257298,Moscow,1106,62000,1453.1850763264447,85,6,59,,10376,67883,48,1700,1,4.2
Соль,55.6592639,37.6201164,Moscow,963,62000,8046.559484080233,85,1,11,,8099,91711,10,1700,9,4.7
Полдень,55.7605301,37.6472027,Moscow,989,68000,781.3150210056094,85,31,215,,13782,107718,37,3500,9,4.0
Bro кофе,55.7755915,37.7378674,Moscow,828,94000,5182.698212383393,85,2,9,,10580,84777,15,1900,2,4.2
ABC coffee roasters,55.8055327,37.5204215,Moscow,331,71000,5085.608108930627,85,16,68,,6411,74374,15,2400,12,4.2
16/114,55.8976372,37.3895561,Moscow,437,71000,18092.857188550042,85,2,10,,5727,68566,49,1950,6,4.8
Kulēk,55.7571465,37.5990759,Moscow,703,72000,876.5955107441802,85,21,134,,13731,62598,49,2300,2,4.5
Unknown,55.7352378,37.4084143,Moscow,1006,79000,9850.207702372094,85,0,9,,5153,85827,33,1800,3,4.6
Unknown,55.7480618,37.7554062,Moscow,630,68000,6175.8836675769635,85,1,11,,7735,71233,39,1950,13,4.3
Шашлык,55.7472472,37.7571308,Moscow,401,68000,6297.449946155016,85,1,11,,6174,98172,31,1700,13,3.7
Макиндоли,55.7380215,37.5281375,Moscow,1173,79000,2401.279588044522,85,6,23,,13068,73355,41,2100,13,4.2
Star Hit Cafe,55.7203568,37.648423,Moscow,1229,62000,1382.8477128378036,85,7,39,,9547,69830,20,1800,4,4.4
Unknown,55.7204372,37.6488625,Moscow,245,62000,1389.7180235207275,85,8,40,,12409,67109,25,2100,14,4.2
Гурман,55.7168946,37.6439068,Moscow,552,62000,1626.9937051845254,85,1,36,,14458,86045,14,2400,13,4.4
9 bar coffee,55.7210442,37.6524187,Moscow,625,62000,1468.9239772288627,85,7,34,,11044,81573,40,2400,0,4.5
Coffeeport,55.7211533,37.6524892,Moscow,966,62000,1462.725825441741,85,7,34,,12917,113184,11,2100,7,4.6
Шоколадница,55.7169504,37.607837,Moscow,764,62000,2403.302674170654,85,5,54,,12181,62892,15,1700,6,3.6
Cosmic Latte,55.7596346,37.5735131,Moscow,1363,79000,1818.281237977214,85,0,56,,12637,76089,15,3500,11,4.7
Valiko,55.7424698,37.6115254,Moscow,925,89000,1639.7718259737585,85,12,87,,12317,71243,39,2300,3,4.5
Вольность,55.698005,37.5601906,Moscow,417,79000,5123.272226866466,85,3,15,,14464,127984,49,1800,6,4.5
Cofix,55.7713864,37.6819481,Moscow,702,94000,1761.7620280785807,85,28,89,,8261,81232,33,3500,12,4.8
Coffee Moose,55.7675374,37.6652013,Moscow,508,94000,1136.9202655356273,85,7,107,,5597,115083,29,1700,0,4.0
Грот,55.7613038,37.6802208,Moscow,1042,68000,1470.334786577416,85,4,30,,6622,68274,44,2400,3,3.7
Unknown,55.6740726,37.7381176,Moscow,1272,62000,8956.058671638393,85,1,14,,7663,102794,29,1950,14,4.0
"Чайхана ""Звездопад""",55.677057,37.8002089,Moscow,255,62000,11855.188618547716,85,0,0,,6267,87736,37,2000,0,3.9
Ramen Ten,55.7585978,37.641202,Moscow,1100,85000,650.7075155124865,85,29,195,,5247,82638,14,2000,12,4.5
Хинкали у Нино,55.7585796,37.641092,Moscow,230,85000,644.0405299066739,85,29,195,,6527,62624,13,2000,4,4.1
Unknown,55.6616806,37.5330746,Moscow,483,79000,9369.520235901415,85,0,15,,7923,102903,16,2400,11,4.4
Москwa,55.7378833,37.8479932,Moscow,596,68000,12079.25711227599,85,0,5,,10385,110010,22,1700,14,3.7
Kafe,55.7784149,37.6910073,Moscow,1251,94000,2267.7569896845694,85,3,53,,13021,91349,15,1800,3,4.4
Flip,55.7361596,37.6133841,Moscow,678,62000,1585.940342012782,85,8,99,,6098,80383,23,2000,0,4.4
Letters,55.7728279,37.6269762,Moscow,439,77000,1574.5410781327669,85,7,123,,11305,115404,42,2300,0,4.4
Кофепаб,55.7295358,37.6826066,Moscow,971,62000,2860.19008733489,85,2,23,,9294,84473,33,2400,14,3.9
Дом кофе,55.7295328,37.6824832,Moscow,696,62000,2852.495410910312,85,2,23,,13083,77963,49,1950,13,4.5
Jinju,55.759095,37.6428073,Moscow,350,85000,764.1281568876432,85,29,201,,12388,71862,23,1800,8,3.7
Место огонь,55.7321592,37.6357081,Moscow,516,62000,152.17465282192111,85,20,136,,12349,89151,23,1800,2,3.7
Buba by Sumosan,55.7495962,37.5337744,Moscow,230,79000,2050.9688382355794,85,29,70,,12344,103419,18,1950,4,4.3
Carrots and Beans,55.7434478,37.4183574,Moscow,1009,79000,9178.728277509326,85,2,15,,11283,89938,41,1800,12,3.6
Рыба в воде,55.7681304,37.5726588,Moscow,955,71000,1214.8465708488154,85,3,65,,9394,66643,42,1950,3,4.2
KOM,55.7599816,37.6528622,Moscow,741,68000,461.7941387041624,85,17,153,,11186,112572,24,2100,14,3.9
Кулинарная лавка братьев Караваевых,55.7887457,37.6790017,Moscow,855,94000,2064.227056728476,85,8,20,,9326,70307,10,1950,10,4.4
Кулинарная лавка братьев Караваевых,55.7724537,37.6759708,Moscow,398,94000,1369.556566197219,85,18,100,,8877,93114,21,1950,8,3.7
Ош Сити,55.7985721,37.8186142,Moscow,1396,94000,10532.775887934757,85,1,7,,7667,86068,15,2000,14,4.8
Иду лесом,55.8482302,37.4021548,Moscow,716,71000,13850.03361830064,85,0,1,,7152,118595,38,1950,10,4.0
Даблби,55.7736701,37.5869751,Moscow,1347,71000,414.3889211129724,85,24,191,,5508,114810,23,2000,0,4.3
Raw to go,55.7632429,37.5932662,Moscow,624,72000,801.0523169595851,85,16,121,,8131,61464,35,1900,2,4.8
Unknown,55.8295778,37.6697525,Moscow,659,94000,6028.498624738711,85,1,7,,14235,122128,24,1950,11,4.7
Cofix,55.6402593,37.6081416,Moscow,1324,62000,10250.783005043693,85,1,4,,6905,108220,33,1950,13,4.7
Dobryakova bakery,55.7560948,37.602534,Moscow,680,89000,848.5657357282663,85,17,139,,7453,73333,44,2300,12,4.7
Кофейное дерево,55.7767553,37.643013,Moscow,448,94000,754.3416680419507,85,1,94,,13619,123441,48,1800,2,4.6
Вкусный обед,55.7446391,37.6800656,Moscow,316,68000,1948.3169243616628,85,11,34,,12010,106096,43,2400,6,4.1
Alohapoke,55.7643791,37.5689426,Moscow,1331,71000,1690.1118564828694,85,17,75,,5891,127899,40,2300,9,4.6
Швили,55.657514,37.5426824,Moscow,992,79000,9717.947667073693,85,2,18,,8823,103782,27,1950,6,3.5
New Normal,55.8086478,37.5417343,Moscow,1255,71000,4400.536878629722,85,3,22,,14601,85333,21,2400,10,3.9
Мегрули,55.7632587,37.654662,Moscow,662,68000,726.5956052611017,85,16,149,,14069,66157,12,1950,1,3.9
Unknown,55.7329383,37.7626099,Moscow,204,68000,7073.0114543425825,85,1,11,,8150,76576,15,2400,11,4.2
Каскара,55.6057417,37.6635046,Moscow,1031,62000,14026.915955238564,85,0,0,,11397,80775,30,1950,1,4.2
Кумыс,55.8559718,37.4407216,Moscow,1197,71000,12539.33436005621,85,0,33,,9488,63926,46,2000,10,3.9
Coffee in,55.7170114,37.7935025,Moscow,729,68000,9577.473919889731,85,7,14,,7008,113850,26,1900,12,3.5
Восток,55.5848788,37.6019867,Moscow,831,62000,16395.709969184376,85,0,6,,5616,95963,12,2100,8,3.9
Unknown,55.6790695,37.6955106,Moscow,235,62000,6839.767259306408,85,0,8,,14483,93503,14,3500,13,3.8
Unknown,55.6817638,37.6965614,Moscow,1312,62000,6625.579253057691,85,0,9,,11053,124298,33,2000,14,4.2
SeDelice,55.7479509,37.5840783,Moscow,255,79000,1272.3164549564356,85,17,71,,9279,110277,49,2400,13,3.8
Кутята,55.7795477,37.5994769,Moscow,439,54000,169.1255057330138,85,38,199,,11625,108574,49,1950,2,3.6
Пиросмани,55.8835603,37.5582714,Moscow,483,54000,11942.986191777538,85,0,7,,8419,93470,38,1950,3,3.7
Маяк,55.8490519,37.4359535,Moscow,423,71000,12237.244621882317,85,3,32,,13908,92688,48,2100,6,4.6
Хинкальный дом,55.8717972,37.6905861,Moscow,1324,94000,10881.607331379062,85,4,10,,12908,104610,38,1900,4,3.9
Шалаш,55.7278574,37.6244074,Moscow,489,62000,862.4383219989663,85,23,106,,13717,72210,18,1900,1,4.2
Nicepricecafe,55.7494598,37.5832871,Moscow,882,79000,1295.5706346319996,85,13,65,,8005,67913,16,1900,2,3.8
Ikura,55.8938685,37.3899481,Moscow,992,71000,17768.084736995603,85,2,6,,7281,107617,10,1800,10,3.6
Unknown,55.6641355,37.5210892,Moscow,537,79000,9296.932755484775,85,0,15,,13069,95660,17,1800,3,4.7
Emocia coffee,55.9036279,37.3923225,Moscow,496,71000,18479.174631402588,85,1,21,,13400,83116,16,1950,9,4.0
Мано а Мано,55.903826,37.3933561,Moscow,1154,71000,18454.254610728294,85,1,21,,7390,113520,37,2300,4,4.1
Баракат,55.7852081,37.8547799,Moscow,311,94000,12534.511065031054,85,3,7,,12786,128588,49,2300,7,3.8
Unknown,55.7841321,37.8521373,Moscow,782,94000,12360.665284955245,85,3,7,,13680,107644,21,2000,0,4.2
Unknown,55.8962282,37.5555155,Moscow,1033,54000,13354.418783945412,85,0,7,,11697,62869,35,2100,1,4.7
Cofix,55.805964,37.5133941,Moscow,551,71000,5463.975007642964,85,17,55,,9364,126647,45,1800,9,3.8
Расторгуевъ,55.5477473,37.6838632,Moscow,1284,62000,20587.92250584104,85,0,2,,11179,104168,23,1900,4,4.2
Новатор Кофе,55.6853544,37.5425102,Moscow,420,79000,6671.5153756417485,85,1,22,,7315,101355,27,1950,4,4.3
Первый нос,55.747273,37.5350488,Moscow,1036,79000,1909.5890725666422,85,35,77,,7146,98649,40,2000,13,3.7
Чихо,55.7672484,37.6066317,Moscow,1185,77000,253.1143211656896,85,18,162,,11903,79241,36,2300,10,4.4
Джигари,55.8622237,37.3728731,Moscow,265,71000,16240.418573960313,85,0,3,,10605,93255,33,2400,4,4.3
LINcoffee,55.8187898,37.3640996,Moscow,300,71000,14508.941689709232,85,3,26,,12517,75938,28,2300,4,4.0
Новатор Кофе,55.6876259,37.5411101,Moscow,896,79000,6444.639130544517,85,1,33,,6897,101014,40,2000,10,3.7
CoffeeBar'17,55.836595,37.496826,Moscow,1360,71000,8578.334669665375,85,0,23,,13323,96273,34,1900,1,4.0
J'pan,55.7621328,37.634394,Moscow,1286,85000,797.9123895885244,85,35,222,,8015,98280,35,2400,0,3.9
Так сказала моя мама,55.7373182,37.6407661,Moscow,795,62000,741.0615729367469,85,13,137,,8603,75800,38,2400,7,4.4
Finch,55.728844,37.625733,Moscow,455,62000,745.0854482127331,85,20,105,,5018,70672,45,2100,5,4.1
Saga,55.7423388,37.6100475,Moscow,245,89000,1672.2701123177296,85,14,89,,11829,72485,15,1900,1,4.1
ABC coffee roasters,55.7275361,37.5706511,Moscow,677,79000,1864.5726629978203,85,11,53,,10709,61691,45,1900,1,4.4
Bloom-n-brew,55.7777957,37.6067845,Moscow,851,54000,327.8013208480945,85,14,186,,8779,80746,25,1900,6,4.2
Столичный экспресс,55.8031774,37.7471438,Moscow,1427,94000,6505.148177365476,85,0,5,,12584,101856,46,2100,10,3.6
ЛаТраттория,55.6931311,37.6727322,Moscow,1234,62000,4768.775216217626,85,5,18,,8481,100375,32,2400,7,4.5
Surf Coffee,55.7725489,37.6787923,Moscow,518,94000,1536.7059715155776,85,23,89,,9030,75292,23,1900,0,4.8
Surf Coffee,55.7436953,37.6512977,Moscow,859,68000,1537.7234485816618,85,16,91,,5843,105219,15,3500,0,3.8
Surf Coffee,55.7438954,37.6019401,Moscow,756,89000,1702.2064621285372,85,10,89,,8665,81026,26,2300,6,4.3
Ла Гатта,55.8449023,37.4385765,Moscow,779,71000,11814.117040584551,85,2,29,,13114,68023,23,1900,10,4.7
К2,55.8102049,37.8103699,Moscow,1180,94000,10430.622129296176,85,5,22,,14557,114606,30,3500,11,3.6
Лагманная,55.7113847,37.3699938,Moscow,1234,79000,12737.856340625754,85,0,3,,5454,129952,18,1800,0,3.6
Даблби,55.8448451,37.638959,Moscow,1299,54000,7677.180942762822,85,8,19,,14740,97157,31,2400,7,4.2
Parle Market,55.6794901,37.5670489,Moscow,1386,79000,7174.321757140098,85,12,29,,11267,119073,44,2400,12,4.8
Unknown,55.6284257,37.8741458,Moscow,566,62000,18738.58790899025,85,1,2,,8932,100885,49,1950,1,4.8
Air Coffee,55.7510662,37.717998,Moscow,1271,68000,3811.887817823237,85,11,39,,11993,120365,11,2100,6,3.9
Mátes,55.7738122,37.5872319,Moscow,956,71000,408.04544355272867,85,24,195,,9054,65417,13,3500,5,4.1
Adam,55.7736452,37.5869316,Moscow,1059,71000,415.6576132444913,85,24,190,,10898,88797,25,1900,13,3.8
Will taste,55.7377788,37.6416018,Moscow,327,62000,806.9501064307937,85,11,132,,14700,71371,13,1900,1,4.6
Чашка настоящего,55.757132,37.6525532,Moscow,571,68000,341.12065756501335,85,6,161,,13310,60205,49,2000,12,4.0
Skrepka!,55.7588475,37.639718,Moscow,255,85000,599.7682073049613,85,28,202,,12873,67112,11,2100,5,3.6
CVC,55.7623261,37.6422192,Moscow,710,85000,998.165529853977,85,9,209,,7048,91228,31,3500,12,3.5
60 оттенков вкуса,55.7932764,37.5925648,Moscow,1118,54000,1693.529567224207,85,6,77,,5775,68228,24,3500,3,4.2
Дядька,55.7656848,37.63235,Moscow,228,85000,1188.791334866581,85,19,209,,5216,121635,21,2100,2,3.6
Surf Coffee,55.8025699,37.5265664,Moscow,1056,71000,4579.99528782734,85,3,67,,5422,102980,16,2000,2,4.5
Поколение кофе,55.7018458,37.6885301,Moscow,834,62000,4574.55474484575,85,6,15,,13349,79610,20,3500,14,3.8
Иль Марко,55.8812616,37.4504812,Moscow,742,71000,14280.800936515281,85,1,8,,7490,62448,44,2400,6,4.5
Граф,55.5378178,37.7168879,Moscow,265,62000,22058.353877519134,85,0,2,,6259,88296,29,1800,0,3.5
Место притяжения,55.7568301,37.6212191,Moscow,650,89000,327.1048862667062,85,15,142,,12579,64385,32,2400,14,4.6
Суши-бар,55.67808,37.4957727,Moscow,879,79000,8516.742842242253,85,3,16,,12507,124042,42,2400,8,3.7
Полянка,55.6780398,37.4963626,Moscow,807,79000,8501.843115311662,85,4,16,,9457,86047,37,2300,0,3.9
Шафран,55.6781307,37.4961826,Moscow,429,79000,8498.836404183197,85,4,16,,10432,75995,41,1800,5,3.6
Nobo,55.783134,37.5985142,Moscow,1424,54000,508.7406231661413,85,36,169,,6618,88202,26,2100,5,4.2
Дринкит,55.7787513,37.6233539,Moscow,1055,54000,1335.6465337107848,85,1,81,,9073,128309,39,2300,14,3.8
J'pan,55.7545188,37.6374771,Moscow,1228,85000,285.21148512392807,85,24,158,,10784,107487,25,1900,8,4.3
Bürger Steak,55.6842385,37.4889837,Moscow,383,79000,8175.007228290588,85,1,9,,6603,115023,13,1900,12,3.7
Surf Coffee,55.7586976,37.6417667,Moscow,576,85000,685.5190383744307,85,26,196,,11983,61367,30,1800,10,3.9
Unknown,55.5893151,37.3744493,Moscow,1156,79000,20944.107302776036,85,1,1,,6886,73550,40,3500,1,4.4
Даблби,55.7302546,37.5791997,Moscow,1223,79000,1768.1210796225357,85,6,66,,5815,116376,24,3500,9,4.2
Frank by Баста,55.7521607,37.5910275,Moscow,988,72000,1615.762692789263,85,16,111,,10983,65090,27,2400,10,4.5
Calma,55.7327445,37.6664905,Moscow,450,62000,1856.5656055281356,85,12,61,,12832,88418,46,1700,1,4.2
Здрасте кофе,55.5437463,37.4834682,Moscow,816,79000,22847.395395657702,85,2,5,,13662,115971,25,2400,6,3.6
Здрасте,55.6028835,37.7328698,Moscow,678,62000,15462.685569412872,85,0,17,,8451,77258,25,1950,14,4.0
Остров мечты,55.6984207,37.6714379,Moscow,555,62000,4216.246297406411,85,0,16,,11030,60686,24,3500,7,4.3
Cafe13,55.7628052,37.6331601,Moscow,1016,85000,867.9564452833373,85,37,210,,11900,127003,11,3500,0,4.2
Element Coffee,55.7770433,37.6156647,Moscow,1136,54000,881.8006219657539,85,2,106,,8889,128520,40,1800,13,4.6
Сказка,55.6473698,37.7647277,Moscow,1282,62000,12270.64381411782,85,0,9,,7034,101456,35,1800,7,4.1
Луна,55.6729259,37.7533985,Moscow,543,62000,9741.261869386894,85,0,11,,9852,73607,28,2400,13,4.0
Little Hanoi,55.8476731,37.3601514,Moscow,283,71000,16042.810446537658,85,9,19,,14307,85349,23,2000,3,4.1
Raw to go,55.7789225,37.5897257,Moscow,367,71000,417.02280324719777,85,65,221,,9328,79012,33,2000,6,3.6
Costa,55.7762893,37.6570116,Moscow,254,94000,129.8514027107957,85,14,86,,8589,96129,22,1800,0,3.9
Dessert,55.677013,37.4993938,Moscow,1477,79000,8507.220270999318,85,4,15,,10189,124481,33,1950,0,4.7
Здрасте кофе,55.5935702,37.4605141,Moscow,483,79000,17964.628579652104,85,3,7,,5751,94523,10,3500,12,3.9
Гриндэй Кафе,55.6438813,37.3864371,Moscow,1167,79000,15785.069992870125,85,2,11,,11055,70618,44,1700,10,3.6
Pepepizza,55.6443694,37.3889422,Moscow,995,79000,15635.609018907577,85,6,11,,5115,118606,11,2400,2,4.4
БуLки,55.646042,37.3891099,Moscow,248,79000,15496.742399170076,85,6,15,,12439,82280,33,3500,13,4.1
8bit Pizza,55.7881764,37.5834292,Moscow,1337,71000,1243.2713923944332,85,12,71,,10508,87916,29,1950,12,3.7
Unknown,55.8953002,37.5015199,Moscow,1091,71000,14126.68215119643,85,2,2,,13953,107581,21,2000,1,3.7
Беш-Бармак,55.8769028,37.4499249,Moscow,631,71000,13911.385122932314,85,1,6,,12624,110419,42,2100,2,4.7
Вадваре,55.725991,37.5733415,Moscow,1357,79000,2069.4826365994504,85,2,55,,12412,110248,28,1700,10,3.9
The little door,55.7366055,37.6009608,Moscow,1465,62000,2340.8181822251354,85,3,82,,14998,74082,31,1700,12,4.3
Карбонария,55.8450961,37.6396858,Moscow,257,54000,7717.534592603836,85,8,19,,14838,60700,33,2400,5,3.6
Is Ku,55.8039207,37.5904056,Moscow,895,54000,2864.281718758386,85,7,85,,11868,95213,18,2000,8,4.0
4friends Coffee,55.7567253,37.4089813,Moscow,619,79000,9865.721002420372,85,4,6,,9225,114629,10,1900,9,3.9
Vivian's,55.7547089,37.6346167,Moscow,341,85000,106.21455749194843,85,24,172,,11101,88714,43,3500,9,3.7
Cafe ND,55.7261184,37.5325975,Moscow,1343,79000,2840.521147775038,85,1,4,,5652,78138,32,2000,4,4.6
Mado,55.7260235,37.5328918,Moscow,1291,79000,2834.8251461949017,85,1,4,,5781,95720,16,1700,4,4.8
Domino's Pizza,55.7029312,37.6846527,Moscow,276,62000,4318.5222566920365,85,3,16,,5375,128126,43,1900,5,4.7
Chillcup Coffee,55.6181946,37.4073792,Moscow,1317,79000,17126.98070062797,85,1,1,,13603,107786,32,2100,14,4.3
Токпокки,55.7829921,37.5980893,Moscow,772,54000,506.80247600455476,85,36,170,,6002,123532,41,1700,1,4.0
Unknown,55.8973022,37.7237187,Moscow,1337,94000,14154.26751175205,85,0,4,,11631,111253,23,3500,6,4.2
Здрасте кофе,55.6334481,37.4318949,Moscow,1172,79000,14856.567354058598,85,12,16,,14167,83773,48,1950,14,3.9
Лесное,55.7740181,37.7484067,Moscow,427,94000,5845.896571819873,85,1,9,,9674,104170,37,1700,8,4.4
Pizzamento,55.7757848,37.749322,Moscow,1348,94000,5898.899766563209,85,1,10,,11360,85980,22,1800,10,3.9
Unknown,55.559462,37.8185571,Moscow,434,62000,22217.388087568044,85,1,6,,14711,62656,19,2400,12,4.3
The Waterfront,55.7319644,37.620673,Moscow,393,62000,1027.8551036800095,85,4,116,,5603,128400,29,2400,1,4.1
Квелли & Пури,55.6912895,37.5386193,Moscow,550,79000,6089.58629373826,85,4,30,,7710,94554,41,2400,14,4.2
SeDelice,55.7331028,37.6402211,Moscow,1455,62000,308.7781380660246,85,17,114,,8990,119141,13,1950,13,4.3
Cofix,55.779461,37.666634,Moscow,1375,94000,823.0648045382028,85,6,76,,8286,65417,23,2400,0,3.6
Unknown,55.7582102,37.8493339,Moscow,1387,68000,11972.294995138602,85,0,27,,13778,95917,38,2300,4,4.3
Даблби,55.7315401,37.6116909,Moscow,1167,62000,1585.768106316063,85,7,82,,10718,69046,21,2400,2,4.0
Буркина фасоль,55.7312017,37.6116892,Moscow,770,62000,1584.9024726158666,85,8,80,,10855,84388,25,1800,11,4.4
Плов центр Бухара,55.8442455,37.4300625,Moscow,713,71000,12183.108879894586,85,0,16,,10853,108310,30,1950,13,4.3
Стейк & Бургер,55.7036367,37.5166449,Moscow,623,79000,5414.197801312225,85,2,23,,5422,71376,10,2100,10,4.1
Maestrello,55.7737403,37.5870918,Moscow,1229,71000,410.8135037591349,85,24,191,,10073,120304,11,1900,13,3.6
Pioner’s,55.7370797,37.6899727,Moscow,730,68000,2985.0518725465176,85,2,10,,6492,82188,33,1900,6,3.8
Cofix,55.7526594,37.8594099,Moscow,484,68000,12612.117286181578,85,19,53,,9451,118082,41,1900,11,4.3
Мос Кофе,55.7917416,37.6651427,Moscow,808,94000,1861.7324773908929,85,2,28,,5929,69287,43,1900,8,3.8
Мир,55.8164043,37.5008266,Moscow,1007,71000,6798.973513989514,85,3,35,,6797,112238,13,2100,9,4.2
Unknown,55.7190857,37.7109477,Moscow,465,62000,4816.467780647128,85,0,6,,9035,87840,31,2300,11,3.6
Eyes Coffee,55.7203406,37.6263481,Moscow,1342,62000,1360.0688258338384,85,6,65,,14829,66154,41,2400,6,4.2
Lica,55.7914021,37.3661247,Moscow,861,79000,13510.734803963938,85,0,3,,9361,118204,45,1950,10,4.1
Unknown,55.8831481,37.5855267,Moscow,1130,54000,11626.345875193721,85,0,11,,10932,123595,27,1950,2,4.3
Coffee In,55.7170628,37.7933308,Moscow,1216,68000,9565.295394111183,85,7,14,,11799,79386,11,2400,10,4.3
Чайхона Хадича,55.7189883,37.7798098,Moscow,779,68000,8718.41208410609,85,1,18,,14644,112685,40,1800,11,4.6
Вкус#хаус,55.6758101,37.7722607,Moscow,290,62000,10463.461683386331,85,2,14,,8946,93013,27,1700,4,4.6
SeDelice,55.7722961,37.6207817,Moscow,1424,77000,1230.08043207943,85,26,127,,13694,115369,43,3500,3,4.4
Каппо Хироки Аракава,55.7572817,37.6171365,Moscow,1144,89000,77.70360378205562,85,11,119,,10017,128037,10,1950,7,4.2
Barcelona,55.7094551,37.6244483,Moscow,658,62000,2521.358710469082,85,29,61,,6571,65359,17,2300,0,4.5
Cobalt,55.7225573,37.6056728,Moscow,928,62000,2174.7211436823786,85,5,51,,11710,121211,24,3500,5,3.7
Amarcord,55.7477471,37.6446305,Moscow,769,85000,1086.3452101198095,85,2,93,,10859,108927,38,3500,12,4.7
B1,55.757416,37.5581279,Moscow,1175,79000,1552.542583614189,85,5,68,,11057,122126,16,1900,14,4.2
Старая Школа,55.7862113,37.601113,Moscow,649,54000,803.7758157277493,85,2,155,,13061,120479,24,1950,9,4.5
Frank by Баста,55.7272826,37.5676775,Moscow,439,79000,1866.4323078399068,85,10,53,,7822,81630,17,2100,2,4.5
Белые Облака,55.7586609,37.6415625,Moscow,981,85000,672.8623929630878,85,25,197,,9301,73985,30,2100,14,4.6
too CUPS,55.7187768,37.6317029,Moscow,347,62000,1399.0505641383247,85,4,39,,12509,123691,38,2000,12,4.8
Люблино,55.672945,37.7389424,Moscow,784,62000,9081.452273038847,85,1,12,,9023,67021,44,1900,0,3.7
Unknown,55.9115322,37.5424335,Moscow,1221,71000,15182.704948844,85,2,3,,5717,116192,13,2300,4,3.5
da Lorenzo,55.8986411,37.4077097,Moscow,399,71000,17438.91455194226,85,4,9,,6786,109455,42,1950,13,4.2
Сосед&ка,55.6987226,37.8841829,Moscow,532,68000,15574.87829796744,85,4,5,,10148,68159,30,2400,8,4.2
Face2Face,55.7000017,37.8817466,Moscow,476,68000,15376.912502576402,85,3,6,,12778,114802,49,1900,11,3.8
Coffee Want,55.7436262,37.4986262,Moscow,386,79000,4154.60876315643,85,12,46,,5498,107176,49,1800,5,4.0
Пельменная,55.7874088,37.6329803,Moscow,807,94000,1872.2152372798748,85,8,27,,9115,75165,38,2400,4,4.3
Мелисса,55.751491,37.6997826,Moscow,829,68000,2685.3177529170275,85,4,33,,9673,128005,11,1700,3,4.6
Pho'Ngon,55.7217569,37.6106031,Moscow,373,62000,1946.425906496805,85,15,58,,13214,111218,34,1950,12,3.9
Vak'e,55.7218481,37.610636,Moscow,1497,62000,1939.3345112534546,85,15,58,,14794,119313,28,2400,13,4.2
Le Spot,55.7753342,37.5269586,Moscow,567,71000,3572.1216196543473,85,3,16,,9649,73051,28,2400,12,4.3
Ферма,55.724571,37.5884964,Moscow,549,79000,2613.6678758763246,85,3,37,,8353,118419,49,1800,9,3.8
Papa Grill,55.7804892,37.6969254,Moscow,222,94000,2668.9322436962702,85,13,47,,8894,124641,13,2400,8,4.2
Гриль & Сувлаки,55.7805005,37.697053,Moscow,1004,94000,2677.0056384756917,85,13,46,,7452,61914,45,2000,6,4.2
Cooltime.life,55.7940279,37.7115923,Moscow,693,94000,4066.8076910584723,85,8,34,,10214,126295,45,1900,9,3.6
Сушисет,55.7375005,37.6539307,Moscow,732,62000,1282.9677606339237,85,14,108,,12282,87196,17,2400,1,4.2
Кафе домашней еды,55.811813,37.5729042,Moscow,1081,71000,3932.6760574901637,85,4,41,,11953,126799,36,2100,10,4.3
Всё лень,55.8361359,37.614832,Moscow,326,54000,6403.624200307023,85,3,21,,9963,101648,27,2400,9,3.5
Пловный аул,55.7321788,37.6357846,Moscow,727,62000,151.56453521135845,85,21,136,,5905,117865,10,3500,3,4.6
Буфет,55.7006094,37.6886448,Moscow,322,62000,4677.9893640182245,85,3,14,,14423,88496,13,1900,13,4.5
После обсудим,55.7694491,37.5670731,Moscow,898,71000,1351.2039679021855,85,4,54,,14379,69205,20,2000,7,4.1
Skuratov Coffee,55.7673892,37.5977743,Moscow,1392,77000,579.0942337197736,85,8,145,,7352,70303,37,2100,2,4.4
Чайхана,55.7044725,37.7411029,Moscow,576,62000,7156.437222149284,85,0,12,,12001,63119,28,2000,7,3.5
Эклерная Клер,55.7724104,37.675779,Moscow,1143,94000,1359.4798544855998,85,17,99,,12708,88331,44,2300,7,4.5
Soul Coffee,55.7650476,37.6542503,Moscow,1477,68000,925.0918341990906,85,10,156,,11700,110165,44,1800,4,3.5
Unknown,55.7973381,37.7181041,Moscow,1020,94000,4603.899852154379,85,2,29,,6020,82381,40,1900,12,4.2
Unknown,55.8790897,37.6130237,Moscow,364,54000,11150.741276518274,85,0,8,,11011,97582,19,2400,6,3.7
Pizzamento,55.7640701,37.6075554,Moscow,335,72000,97.61525807409859,85,17,145,,8054,119405,35,2100,8,3.8
Bella Strada,55.9108722,37.7533268,Moscow,1225,94000,16204.814337398706,85,0,2,,6746,61360,17,1700,10,4.7
Unknown,55.6594613,37.6244863,Moscow,1140,62000,7993.303209835257,85,1,9,,7361,82602,21,1900,5,3.6
Чёрный,55.7966645,37.5375344,Moscow,263,71000,3636.0568361133965,85,3,40,,8640,83128,36,1800,12,4.5
Просто,55.8489348,37.4409379,Moscow,1045,71000,11994.898977068555,85,6,30,,7968,90078,49,2000,7,3.6
La Virgen,55.7586426,37.6295069,Moscow,371,85000,460.2459871410089,85,11,199,,7525,117890,48,1950,11,4.4
No Sugar,55.774068,37.5782499,Moscow,563,71000,485.3987490694162,85,7,101,,6884,80155,37,2300,11,4.5
Tabera,55.7349602,37.6338655,Moscow,1142,62000,482.1039536790583,85,5,153,,10205,75849,18,1800,13,4.7
Surf Coffee,55.7801389,37.5155125,Moscow,320,71000,4297.078727853875,85,2,15,,10090,121009,10,1900,2,3.9
Surf Coffee,55.7796709,37.6987922,Moscow,383,94000,2768.858790802165,85,13,45,,10501,101845,39,3500,2,4.2
Трапеза,55.8183326,37.5676753,Moscow,789,71000,4707.880754884212,85,0,13,,9426,92337,40,2100,0,4.7
Кофепорт,55.7922718,37.6045503,Moscow,221,54000,1484.3463187493192,85,3,62,,11845,100802,23,2300,14,4.1
Штолле,55.7925836,37.5906564,Moscow,905,54000,1668.6571055638924,85,6,81,,10730,122708,44,2300,8,3.8
Pho,55.7917331,37.5835593,Moscow,744,71000,1638.47769524392,85,7,71,,12430,86725,35,1700,9,4.3
Шоколадница,55.7418662,37.6533449,Moscow,1485,62000,1583.3258942741124,85,24,102,,12068,120911,49,2300,2,3.7
Ни Свет Ни Заря,55.7440096,37.6564653,Moscow,1066,68000,1447.6559441203485,85,15,98,,9141,105492,28,1950,1,3.8
Буханка,55.810273,37.4022804,Moscow,387,71000,11946.803893128461,85,6,15,,13836,100101,45,2100,14,3.6
Doubleshot,55.7824637,37.5979774,Moscow,407,54000,460.0106613644056,85,41,175,,11199,83877,18,1700,3,4.7
Табак & кофейня,55.7649327,37.6556642,Moscow,477,68000,894.0993855319286,85,13,149,,10803,110589,47,1800,2,4.3
Стол,55.6917315,37.5400583,Moscow,238,79000,6018.272527596304,85,4,30,,13432,89477,21,1900,14,4.8
Unknown,55.8344929,37.6333846,Moscow,438,54000,6474.7063410397,85,4,29,,9831,86582,36,2000,7,4.2
Сахара Экспресс,55.7674152,37.6650148,Moscow,885,94000,1141.7515785227363,85,7,103,,13884,103205,42,1950,14,4.0
Trattoria Siesta,55.5064773,37.585348,Moscow,621,62000,25175.57051067254,85,0,3,,11046,119380,19,1800,9,3.6
Столовая,55.6971404,37.6074618,Moscow,683,62000,4195.081386065915,85,0,20,,12359,123996,26,3500,4,4.3
Счастливчик,55.6610934,37.4169112,Moscow,1477,79000,13079.853166526626,85,3,9,,8473,81172,27,1700,3,4.4
Лаванда кофе,55.7751351,37.6726248,Moscow,1458,94000,1106.4431455315198,85,21,100,,13383,94459,13,1700,8,4.7
Mnoga кофе,55.7763077,37.6763944,Moscow,1036,94000,1338.4237106473665,85,21,97,,9607,127010,15,1700,3,3.6
Чикен пита,55.7815199,37.6967969,Moscow,297,94000,2684.8651373172693,85,13,45,,12492,76824,48,1700,12,3.5
Cofix,55.7704266,37.6510285,Moscow,1483,94000,667.6592994784785,85,17,120,,9753,99485,16,2400,3,3.9
Самарканд сити,55.7510816,37.716272,Moscow,717,68000,3705.25627288563,85,11,43,,8382,89201,12,1900,12,3.7
Noba,55.7778055,37.6378633,Moscow,1164,94000,1090.3355112000738,85,4,74,,6951,79166,34,2400,11,3.9
Friends forever,55.7780076,37.6329723,Moscow,871,94000,1395.532754138587,85,17,74,,7462,96358,43,2400,7,4.4
Тайга,55.7777753,37.6333478,Moscow,564,94000,1368.396992259859,85,16,74,,14575,70240,29,3500,10,3.5
Surf Coffee,55.7802494,37.6340626,Moscow,987,94000,1391.9906126299677,85,14,52,,13792,93336,46,1950,8,3.9
Unknown,55.7634476,37.4321276,Moscow,524,79000,8591.11139751799,85,1,5,,9157,60808,18,2100,13,4.5
Лаваш Loft,55.7522664,37.9004169,Moscow,1102,68000,15178.024532007443,85,0,10,,12993,122645,10,2000,12,4.2
Кахетия,55.5656666,37.5842565,Moscow,963,62000,18679.715871261906,85,0,5,,14458,127554,49,1900,3,3.6
Ngon,55.7764768,37.6750126,Moscow,269,94000,1252.6895285826238,85,21,90,,14890,95006,36,2000,14,4.4
Картофан,55.7764644,37.6749768,Moscow,742,94000,1250.3951408961218,85,21,91,,8355,75456,27,2000,9,4.6
Bels,55.7764446,37.6749357,Moscow,629,94000,1247.7381309367106,85,21,91,,6470,122467,45,2400,2,3.6
Южное,55.7595018,37.5444111,Moscow,400,79000,2152.0303585241377,85,2,38,,13625,118631,49,1700,11,4.5
Твой кофе,55.7438241,37.6568558,Moscow,785,68000,1466.8419772493662,85,15,100,,8070,83597,40,2100,14,3.5
Бико,55.7424281,37.6522608,Moscow,1232,62000,1589.8157452036662,85,18,100,,11428,122166,37,2100,3,4.8
Burger Heroes,55.7421742,37.652973,Moscow,374,62000,1594.911755325189,85,24,102,,8078,87663,20,1800,1,3.5
Frank by Баста,55.8055178,37.584938,Moscow,1436,54000,3135.62494721961,85,29,76,,7498,61615,41,1950,4,4.1
Beached,55.8464843,37.5760021,Moscow,1191,54000,7677.70992440128,85,7,17,,9097,60882,39,1700,0,4.1
Сушисет,55.8120572,37.8259459,Moscow,1288,94000,11413.300388632386,85,3,10,,7992,88128,21,2300,7,3.8
Хуан,55.7500802,37.7704498,Moscow,584,68000,7078.531695396248,85,5,14,,5633,76392,23,2400,4,4.7
Кафе 24 Табак,55.7494457,37.7708139,Moscow,1324,68000,7109.228578735406,85,5,15,,7346,126230,49,1700,11,3.6
Bitter drop,55.7522549,37.6704405,Moscow,827,68000,940.411937969558,85,8,62,,13982,95282,31,2300,7,4.6
Ozzy coffee,55.8003251,37.7097309,Moscow,888,94000,4361.716796892874,85,4,29,,14009,107324,47,3500,2,3.7
ProfiTrolly,55.8002077,37.7090313,Moscow,689,94000,4319.345306923446,85,4,30,,10042,100559,18,2400,6,3.7
Мишки любят кофе,55.8379687,37.6150911,Moscow,787,54000,6607.84997118805,85,5,21,,11661,116603,22,2400,3,4.1
Честная трапеза,55.6485112,37.5869499,Moscow,1054,62000,9693.949158702504,85,0,6,,10088,64301,41,1950,7,4.7
Unknown,55.769266,37.6706758,Moscow,1228,94000,1233.6700274842424,85,5,107,,7647,93032,12,1800,13,4.0
Go ко мне,55.7089057,37.6584198,Moscow,856,62000,2799.174293343649,85,17,37,,7557,98141,41,3500,3,3.5
Unknown,55.7065962,37.6580101,Moscow,245,62000,3015.8024398269317,85,13,36,,7106,93911,12,1700,8,4.1
Surf Coffee,55.7608049,37.6499406,Moscow,232,68000,658.2325609702633,85,27,176,,6718,76964,46,2300,14,4.2
Unknown,55.8497296,37.525313,Moscow,504,71000,8879.587106004019,85,0,4,,14084,129451,38,1900,2,4.7
G-Drive,55.7261847,37.5986057,Moscow,529,62000,2462.978816212944,85,3,50,,7222,73969,27,1950,14,4.5
Pho bo,55.7828177,37.7060366,Moscow,847,94000,3280.3170067843057,85,15,52,,6230,68433,27,1950,11,4.0
Unknown,55.794648,37.5173185,Moscow,892,71000,4607.909263595011,85,1,29,,5931,103388,15,2100,5,4.5
Unknown,55.7523077,37.8571711,Moscow,443,68000,12473.76282844874,85,16,54,,13068,121048,41,1700,13,3.6
Unknown,55.7071717,37.3952123,Moscow,1271,79000,11393.522737713083,85,0,4,,6043,120687,49,3500,0,4.4
Viki Cake,55.7420916,37.6338105,Moscow,649,62000,1249.3880778404744,85,15,108,,11299,83079,24,1900,10,3.7
Crosby Coffee,55.7693778,37.6589723,Moscow,521,94000,777.1384829933019,85,9,108,,9356,69388,11,1700,8,3.8
Coffee to go,55.7506062,37.7173971,Moscow,1046,68000,3784.1570593147753,85,10,38,,12160,85485,17,1800,8,4.2
Чайхана,55.7510601,37.7171271,Moscow,558,68000,3758.345471088504,85,11,41,,13774,78713,37,2300,5,3.8
На районе,55.7899593,37.6780516,Moscow,1147,94000,2118.2287363599635,85,9,19,,12512,97559,15,2400,3,4.5
Coffprice,55.7901904,37.6782936,Moscow,619,94000,2147.3624016581184,85,10,19,,6401,89746,27,1900,2,3.7
#coffeeLab21,55.8513135,37.4369102,Moscow,889,71000,12358.633876127391,85,5,33,,9074,88434,37,2400,3,4.2
YourCoffeePlace,55.7623476,37.6335835,Moscow,997,85000,817.8311049925965,85,36,219,,9137,102608,13,2300,5,4.8
Чашма,55.8179723,37.36129,Moscow,655,71000,14647.020399407349,85,5,20,,6082,116606,12,1900,14,4.1
Marmaris,55.8194099,37.3631032,Moscow,506,71000,14589.990136827437,85,3,24,,9830,103882,26,1800,7,3.8
Granvillano,55.7858532,37.6136148,Moscow,454,54000,1052.693330568907,85,3,65,,13955,75340,34,2300,14,4.4
КотоБюро,55.7656331,37.5888205,Moscow,858,77000,1076.9922709325112,85,10,119,,5669,92611,37,1950,1,4.4
На углях,55.8043684,37.4988015,Moscow,1332,71000,6134.342965749632,85,3,37,,9161,69259,46,1900,6,4.6
Zefir,55.8060182,37.5131768,Moscow,1457,71000,5478.4994982597045,85,16,55,,7169,127290,28,1800,4,4.2
Рожь,55.8045081,37.4144085,Moscow,316,71000,11034.536372412509,85,0,12,,6705,93855,14,2000,1,3.6
Mr. Koffi,55.6828358,37.5020122,Moscow,893,79000,7862.753038524337,85,1,19,,6417,70665,12,1950,5,4.4
ABC Coffee Roasters,55.7410669,37.6234307,Moscow,961,62000,1405.224119656202,85,17,131,,13563,105659,33,3500,4,4.6
Шоколадница,55.6939262,37.6748713,Moscow,256,62000,4756.276598533949,85,5,17,,5187,65934,27,2400,12,3.9
Шоколадница,55.6939613,37.6729524,Moscow,574,62000,4694.053063900167,85,5,17,,6765,84296,29,1950,4,4.2
Закуток,55.7550262,37.6446548,Moscow,605,85000,729.2817410365926,85,14,157,,11999,70336,20,2100,6,4.8
Эклер,55.7550197,37.6448041,Moscow,270,85000,738.6213822753572,85,15,157,,6307,85501,18,2400,14,4.4
Квартира 37,55.7550758,37.6446976,Moscow,734,85000,732.002108131413,85,14,158,,11155,112430,44,2100,2,4.5
Аренда,55.7550673,37.6444324,Moscow,529,85000,715.3984488231185,85,14,157,,5036,103423,36,1950,0,4.3
Coffee bike,55.7825479,37.7402848,Moscow,1147,94000,5382.676949008555,85,0,18,,13258,99642,27,1950,9,4.6
Prosvet,55.7756603,37.6078695,Moscow,714,54000,522.1504895622489,85,12,153,,7967,122772,36,1900,5,4.2
Camera Obscura,55.6918192,37.6605079,Moscow,1263,62000,4598.853210534989,85,5,20,,5977,84724,38,1900,13,3.7
Чихо,55.7709103,37.6322722,Moscow,1006,94000,1529.9958875383406,85,15,144,,5388,119236,18,1800,5,4.7
Оазис,55.8885036,37.5565349,Moscow,793,54000,12502.865576967526,85,0,6,,11377,75209,16,2000,5,4.1
Surf Coffee,55.7662789,37.6105517,Moscow,995,77000,318.2726171990119,85,16,163,,11993,124471,10,1950,2,3.6
Surf Coffee,55.7573283,37.618313,Moscow,721,89000,149.2564789876795,85,10,122,,13550,99156,35,2400,12,4.5
Coffee Corgi,55.8498925,37.4459392,Moscow,265,71000,11836.47438442486,85,11,29,,12666,65452,30,3500,6,3.5
Банкет-холл,55.6995128,37.7411699,Moscow,342,62000,7404.8895430644125,85,4,11,,6927,127008,48,1900,6,3.8
Андерсон,55.6911086,37.7468227,Moscow,907,62000,8185.694475322201,85,2,9,,10594,110980,25,1700,12,4.2
Дринкит,55.7826119,37.6004424,Moscow,868,54000,413.26652500499057,85,42,172,,13237,118319,45,1800,9,4.1
Лавендия,55.7511704,37.6977973,Moscow,1229,68000,2573.279271790044,85,4,30,,9324,80039,24,1800,11,3.8
Garden bar,55.6923694,37.6749247,Moscow,415,62000,4908.715701375553,85,5,18,,6499,109239,35,1950,3,4.5
Чёрная берёза,55.7361762,37.5315124,Moscow,281,79000,2269.578729276989,85,3,24,,14652,101052,36,1800,5,4.7
Кофейная волна,55.8523127,37.619462,Moscow,456,54000,8224.67510157856,85,4,18,,14438,107910,34,1950,5,4.6
Рёбрышки и крылышки,55.8359454,37.6285496,Moscow,784,54000,6545.775837622126,85,6,29,,8693,109912,28,2000,4,4.3
КуулКлевер,55.7524476,37.700826,Moscow,1080,68000,2727.1629897484754,85,4,44,,10274,72287,38,3500,11,3.7
Locals,55.7514705,37.7080026,Moscow,597,68000,3188.715340898084,85,8,46,,13639,110699,49,1900,10,4.8
Пельменная,55.7383726,37.5879286,Moscow,244,79000,1565.696371746528,85,10,60,,11608,81938,41,3500,6,4.0
Bollo,55.7693221,37.5864808,Moscow,986,71000,867.728235833031,85,11,135,,13707,126524,33,2400,11,3.8
Alga,55.5622932,37.4397674,Moscow,994,79000,21678.635662294408,85,0,4,,12573,89100,15,1950,4,3.9
Кремлевский,55.7707134,37.594437,Moscow,227,71000,956.4248114902084,85,19,166,,11060,129793,17,1800,13,4.8
Cups & Hugs,55.7757257,37.6914231,Moscow,941,94000,2278.088729890417,85,4,64,,9935,72915,10,3500,2,4.4
Север-Метрополь,55.7715766,37.6804567,Moscow,382,94000,1666.3797049983289,85,28,86,,5151,118829,33,3500,2,3.7
Паоло,55.8765627,37.39535,Moscow,1131,71000,16167.715816646021,85,1,8,,7442,105131,10,2400,4,3.6
ВкусВилл кафе,55.7322307,37.6716723,Moscow,837,62000,2175.1605296378357,85,4,49,,14145,102109,43,2100,1,4.8
Кофеин,55.7570421,37.6220902,Moscow,425,89000,381.0912834435246,85,15,151,,8440,117482,47,2100,1,3.9
Cinnabon,55.7517513,37.8870499,Moscow,585,68000,14344.447371268197,85,5,18,,8994,111065,23,1950,14,4.5
Cinnabon,55.7638495,37.845194,Moscow,616,68000,11736.402207206125,85,1,11,,8893,92507,29,1700,7,3.9
Cinnabon,55.524413,37.517581,Moscow,1125,62000,24163.76693199119,85,6,6,,6993,129400,25,1950,3,3.9
Cinnabon,55.6435021,37.3980457,Moscow,847,79000,15308.7053216638,85,2,16,,14837,127108,19,3500,10,3.6
Cinnabon,55.863336,37.6020196,Moscow,1298,54000,9377.735413419394,85,7,9,,8228,116954,49,2000,14,4.2
Cinnabon,55.6856823,37.854099,Moscow,1188,62000,14504.266336566161,85,4,8,,9389,122280,44,1700,10,3.7
Cinnabon,55.8107399,37.8009483,Moscow,739,94000,9907.52932110552,85,7,23,,11856,64621,17,1900,7,4.3
Cinnabon,55.780231,37.5931469,Moscow,1449,54000,570.286487942641,85,58,227,,14042,65302,46,2300,10,4.0
Cinnabon,55.6974457,37.500498,Moscow,455,79000,6566.264244516863,85,5,18,,11650,77594,36,1900,1,4.8
Cinnabon,55.606443,37.5363082,Moscow,221,62000,15221.645896541213,85,5,15,,11984,99405,12,2000,10,3.8
Between,55.8085317,37.6465309,Moscow,206,94000,3655.8980126384945,85,2,19,,14417,120742,14,1900,7,3.6
Кафе Сити Чебуречная,55.7776563,37.5250393,Moscow,613,71000,3687.9594565807893,85,3,16,,8904,73979,27,1800,7,4.2
Хурма,55.7359022,37.4799671,Moscow,617,79000,5398.442434248803,85,2,15,,13708,70933,15,1800,13,4.5
Шайба,55.7227956,37.5914654,Moscow,1186,79000,2881.798807128965,85,3,35,,6213,92247,19,1800,11,4.4
Korean Chick,55.7702171,37.6836688,Moscow,752,94000,1904.8762068535502,85,21,84,,7696,109327,28,2300,4,3.6
Блин бери,55.7410331,37.6228865,Moscow,1316,62000,1423.1296472890747,85,16,129,,10833,122083,16,3500,14,4.7
Dragon,55.7713873,37.6817677,Moscow,1494,94000,1750.9419485023946,85,29,89,,10831,108674,16,1700,11,3.8
Chicha San Chen,55.7310668,37.640001,Moscow,886,62000,188.04379502439448,85,22,105,,12977,107097,22,1800,4,4.7
Roasters,55.7784757,37.5825712,Moscow,797,71000,186.84074350425695,85,15,153,,7236,81725,43,2100,2,4.4
Coffee luck,55.9104462,37.8628883,Moscow,1073,94000,19797.52902285511,85,2,4,,5868,127481,18,1900,2,4.5
Sweet Place,55.9094437,37.8661396,Moscow,1333,94000,19847.82632455723,85,3,4,,12742,70173,19,2100,10,4.5
Coffee Like,55.7798057,37.6673877,Moscow,804,94000,882.7269735910945,85,6,74,,14356,81305,13,3500,12,4.1
Кофе твой друг,55.7736022,37.5487458,Moscow,894,71000,2236.9511717953083,85,0,10,,11729,112907,10,1950,9,4.3
CoffeeMax,55.5040054,37.5885391,Moscow,983,62000,25423.41883785951,85,0,1,,7242,71851,48,1950,4,3.8
Unknown,55.8745501,37.6533359,Moscow,924,94000,10958.764068426288,85,0,6,,10384,82603,14,1700,3,4.6
Север Метрополь,55.8049311,37.5126818,Moscow,1055,71000,5433.600379726774,85,15,59,,9997,99217,15,1700,13,3.6
Любить кофе пить,55.8056105,37.5451598,Moscow,979,71000,4002.0672383268547,85,6,24,,7388,74740,44,2300,13,3.7
Everest coffee,55.8477797,37.4405356,Moscow,945,71000,11928.609344945333,85,4,32,,7156,103466,20,2000,12,3.9
Ломи,55.7742962,37.584589,Moscow,603,71000,302.8970413657129,85,28,175,,11323,122246,16,3500,0,3.7
Surf Coffee,55.7950817,37.4914529,Moscow,1130,71000,6125.703618260918,85,8,24,,7835,119689,39,1900,11,4.3
БарБариста,55.7944331,37.4922488,Moscow,778,71000,6055.29321547978,85,10,23,,12677,117583,37,3500,6,3.8
чайхона плов центр,55.8991185,37.4745484,Moscow,705,71000,15201.75114495574,85,0,3,,12362,80292,16,2400,7,4.6
Unknown,55.7478482,37.861574,Moscow,783,68000,12779.65998228125,85,10,54,,9864,124774,21,2000,6,4.4
Зерно,55.7676883,37.371355,Moscow,1140,79000,12399.68465829962,85,0,1,,12379,129065,48,3500,7,4.7
Шоколо,55.8331874,37.6192788,Moscow,983,54000,6121.349024303564,85,3,29,,7687,126074,37,2400,12,4.6
Filin Coffee,55.685505,37.4993582,Moscow,1162,79000,7694.942181539404,85,0,8,,6616,98066,36,2100,11,4.2
Пше’Nizza,55.7590741,37.5528171,Moscow,1365,79000,1841.401733090986,85,4,64,,10523,69910,22,1800,13,3.7
Unknown,55.7094067,37.6243709,Moscow,456,62000,2527.9854627439113,85,29,61,,14982,80687,35,2100,8,3.8
Зерно,55.877148,37.4285343,Moscow,532,71000,14774.735051748232,85,0,4,,8012,111210,48,2000,0,4.1
Зерно,55.732135,37.4463777,Moscow,279,79000,7542.068884694365,85,0,5,,14185,123127,46,2300,14,4.5
Зерно,55.8119946,37.3870902,Moscow,702,71000,12909.187453700142,85,2,11,,10119,84214,23,3500,14,4.1
Мангал Холл,55.7758301,37.6430051,Moscow,898,94000,750.3925868507473,85,2,98,,13984,68202,23,1900,6,4.2
Усадьба Горки,55.5076891,37.7680822,Moscow,510,62000,26159.597014127008,85,1,3,,11808,62049,34,2100,7,4.1
Eat&talk,55.7530211,37.6108287,Moscow,1366,89000,548.1367449988065,85,6,112,,9674,120739,17,2000,13,3.9
Лось,55.8799565,37.7867598,Moscow,652,94000,14189.423779976669,85,0,0,,13615,90741,48,1800,0,3.5
Два Зерна,55.8715436,37.6890359,Moscow,524,94000,10834.590657369927,85,4,9,,14249,87947,30,2300,1,4.2
Кофе в парке,55.6123954,37.6816727,Moscow,286,62000,13482.45216771127,85,0,7,,13264,94884,16,1800,3,3.6
Шоколадное ателье,55.7619582,37.6521933,Moscow,1474,68000,660.2641891496155,85,19,168,,9395,102482,29,1900,1,4.1
Vera,55.7375836,37.6028457,Moscow,728,62000,2260.116312981916,85,3,83,,8057,93158,30,1700,5,4.8
Jinju,55.7618998,37.6485305,Moscow,270,68000,804.8980596375775,85,25,196,,12744,101223,16,2400,1,3.5
Code Coffee,55.7430202,37.6174155,Moscow,258,89000,1557.0047894794438,85,4,110,,10167,124521,12,2000,4,4.3
Cho,55.7620873,37.6336918,Moscow,1287,85000,789.2595771307131,85,35,220,,11279,119193,30,2300,8,3.7
Skuratov Coffee,55.7755623,37.6721755,Moscow,1269,94000,1075.2524818195268,85,21,100,,11149,68971,19,1900,5,3.7
Ra'men,55.755278,37.665474,Moscow,1409,68000,505.33843497767674,85,8,77,,8880,122694,13,2400,6,4.2
Левантская хижина,55.7550682,37.6008549,Moscow,1345,89000,971.6901310222173,85,17,129,,12903,100103,13,2300,8,4.7
Чича Сан Чен,55.7490264,37.5377517,Moscow,1194,79000,1794.6310143198823,85,46,73,,6883,108141,21,2400,11,4.1
Cofix,55.8616361,37.4367393,Moscow,512,71000,13160.423515710552,85,3,13,,12812,65689,19,3500,11,4.5
Street pie,55.768396,37.6070622,Moscow,252,77000,383.4192070992993,85,10,162,,5023,103458,33,2400,8,4.1
Ramen ten,55.7828737,37.6007483,Moscow,784,54000,437.78944826514874,85,43,170,,11699,114123,24,2100,6,4.6
Местные,55.7361153,37.4994829,Moscow,298,79000,4193.8403827650845,85,1,37,,11480,100461,43,2400,10,4.2
Второй бар,55.7424985,37.6128691,Moscow,744,89000,1624.353851806381,85,10,97,,5894,99380,38,1950,11,4.5
Сундук,55.8428946,37.4228728,Moscow,575,71000,12451.977299327138,85,0,5,,13694,107729,30,2000,1,4.1
Stars Coffee,55.7415095,37.5315434,Moscow,967,79000,2112.3695189933364,85,12,68,,14243,118325,20,3500,2,4.5
Поколение кофе,55.7417146,37.5314568,Moscow,836,79000,2114.8764866825627,85,12,70,,5379,109504,48,2000,5,3.8
Кофешефф,55.7960093,37.713746,Moscow,919,94000,4294.321738469928,85,8,31,,12388,105582,46,1700,12,3.8
Зелёная поляна,55.6704247,37.6724767,Moscow,589,62000,7093.010944995234,85,3,12,,9569,124175,39,2000,3,4.3
Curry,55.7743543,37.5850701,Moscow,1189,71000,301.70454632189853,85,28,177,,12160,61200,10,2300,0,4.4
Pims,55.7628052,37.592369,Moscow,701,72000,863.0364389691274,85,14,115,,10894,67492,37,1800,6,4.8
Coffeto,55.845396,37.4390454,Moscow,664,71000,11826.780540326885,85,3,29,,11917,85690,19,2400,14,4.5
Vabene,55.7278987,37.6305989,Moscow,543,62000,528.7345362772485,85,8,118,,6261,110707,48,1900,11,4.2
Френдс,55.8012446,37.710341,Moscow,1043,94000,4455.371807657266,85,4,26,,11157,111780,49,1950,3,4.0
Evergreen,55.7569783,37.5475279,Moscow,232,79000,1810.5637512418134,85,3,48,,8676,104371,43,3500,13,3.9
"Не плачь, пей кофе",55.8055592,37.7247467,Moscow,791,94000,5460.322139562915,85,1,10,,13714,74123,48,2400,12,3.8
Unknown,55.8225303,37.5180324,Moscow,215,71000,6529.233166775751,85,3,8,,13954,97383,47,2100,2,4.3
Кофея,55.8181514,37.5012266,Moscow,1456,71000,6906.926662877738,85,3,27,,14856,69787,10,2300,14,4.0
Скалка,55.8344501,37.6622111,Moscow,1255,94000,6514.958597048777,85,1,8,,6943,88992,30,2300,7,4.8
Хива,55.6368878,37.6535698,Moscow,996,62000,10516.222697367775,85,2,8,,11784,65852,31,2000,1,3.7
Зерно,55.8984069,37.6318667,Moscow,894,54000,13407.761235202179,85,0,3,,12650,60849,20,1700,5,4.3
Пепперони,55.8725451,37.4042067,Moscow,362,71000,15459.188813406558,85,3,12,,12554,64079,23,1950,13,4.4
Do.bro coffee,55.8649834,37.3901372,Moscow,1293,71000,15568.112739484737,85,1,10,,8079,128916,46,1700,3,4.6
Кофе Вай,55.5503375,37.5576394,Moscow,1038,62000,20696.908964311766,85,5,13,,11178,129827,22,2300,1,4.4
Roco Bay,55.7386565,37.5309592,Moscow,731,79000,2212.0742603389945,85,9,32,,7206,88319,48,2100,5,3.9
Зерно,55.8784788,37.5436362,Moscow,443,71000,11562.106966217296,85,5,12,,14357,90712,40,1900,9,4.5
More poke,55.8008618,37.7106777,Moscow,1190,94000,4445.155259709537,85,4,27,,7105,81246,49,3500,10,4.7
Ter.mos,55.7225286,37.6457168,Moscow,884,62000,1088.6927961180124,85,3,58,,8131,113324,39,2400,6,4.1
Кофе рулит,55.7283955,37.6731625,Moscow,684,62000,2282.7106409236803,85,2,28,,13526,96056,44,1700,13,3.6
Unknown,55.7734578,37.6061529,Moscow,514,54000,668.75664283914,85,15,166,,8927,101314,13,2100,12,4.2
Николай,55.7566961,37.6039951,Moscow,1213,89000,751.9071183309809,85,14,135,,14106,91453,49,2000,13,3.7
Barbacoa,55.7458389,37.5135207,Moscow,355,79000,3228.5299366587838,85,3,42,,5704,70026,31,2000,11,4.3
Пита хаус,55.7458866,37.5134716,Moscow,262,79000,3231.934875691288,85,3,42,,9028,72156,12,2000,9,4.5
Зерно,55.6498902,37.6583234,Moscow,389,62000,9117.483143573574,85,0,11,,5763,80199,25,2100,6,4.7
Банзай,55.7414798,37.5313834,Moscow,1335,79000,2122.7325654417505,85,12,68,,7545,89951,24,1700,9,3.6
Pandora,55.6809024,37.7632104,Moscow,586,62000,9672.479009044158,85,3,12,,14137,65434,48,1900,6,3.8
Мадина,55.8193524,37.5091667,Moscow,682,71000,6637.460916340062,85,0,24,,9094,82652,33,2000,2,3.6
Плов Чайханский,55.7383507,37.5443682,Moscow,625,79000,1436.1231554370625,85,2,29,,5216,65763,16,1800,4,4.5
HelloPapaya,55.7432333,37.5108673,Moscow,366,79000,3389.3079413273185,85,6,42,,11194,116415,32,1950,3,3.7
Unknown,55.811613,37.3866085,Moscow,1152,71000,12925.260172012613,85,2,12,,9183,108202,28,1900,5,3.6
Зерно,55.7448431,37.8640863,Moscow,1164,68000,12967.438640627919,85,11,49,,12100,128074,38,1900,3,3.7
Костер,55.7071667,37.7930377,Moscow,1460,68000,10108.739011296917,85,1,6,,8943,129231,34,2300,12,3.7
Surf Coffee,55.7601469,37.6619925,Moscow,217,68000,429.93433978069066,85,15,106,,10939,103347,25,2300,11,3.9
Bodro Coffee,55.7608011,37.6624887,Moscow,390,68000,507.4614275505654,85,14,104,,8695,74062,13,1950,14,3.9
Garden,55.8451207,37.6392923,Moscow,293,54000,7712.6759909343655,85,8,19,,7668,117419,12,1900,14,3.8
Kava,55.7545524,37.6555686,Moscow,1223,68000,311.7966119574228,85,5,139,,5425,67570,32,2100,12,4.0
Drozdov coffee,55.7559749,37.6650686,Moscow,407,68000,456.73893928199,85,7,78,,13942,112770,42,2000,10,4.1
Coffee Frisbee,55.7560911,37.6655488,Moscow,316,68000,483.02403348566713,85,4,75,,10758,89422,22,1800,13,4.2
Unknown,55.8116084,37.8233548,Moscow,257,94000,11244.183248955673,85,3,12,,14231,64206,33,3500,10,4.6
Unknown,55.8110559,37.8100147,Moscow,1299,94000,10444.796185954232,85,5,20,,11310,126504,16,1700,14,4.1
Max Bakery,55.7391291,37.5477612,Moscow,547,79000,1207.3575815975482,85,2,17,,10389,97225,14,1950,12,3.6
Зерно,55.9088607,37.5961197,Moscow,1359,54000,14444.516802517977,85,0,2,,12939,74452,48,2000,7,4.7
Unknown,55.8163235,37.4935797,Moscow,225,71000,7145.8057338236695,85,1,37,,6083,103401,40,2000,3,4.5
YCP,55.7631885,37.6334653,Moscow,679,85000,910.9849418121752,85,38,211,,10471,61895,10,1800,14,4.7
Истории,55.662331,37.7297136,Moscow,679,62000,9594.771926631427,85,4,10,,5253,100912,29,3500,12,4.1
Буханка,55.6627631,37.731625,Moscow,580,62000,9629.851221858442,85,4,10,,7870,68674,44,1900,9,3.7
Здрасте,55.6620354,37.7339151,Moscow,1372,62000,9782.217447176567,85,4,13,,13536,115396,17,2400,2,4.5
Bach coffee,55.7341315,37.6274805,Moscow,1286,62000,690.2694037464352,85,12,158,,8805,78266,34,2300,3,4.3
Brunchy Brunch,55.785124,37.5614136,Moscow,634,71000,1676.539151523258,85,7,37,,5111,108595,19,2300,10,4.7
Истанбул,55.7343347,37.627502,Moscow,673,62000,700.7946362886713,85,12,160,,12239,126199,17,3500,0,3.7
ProХинкали,55.7323532,37.6353595,Moscow,1368,62000,182.1833036618574,85,17,135,,10420,64977,20,1950,8,3.5
Бублик,55.7619526,37.6226699,Moscow,479,89000,690.9564562002703,85,23,183,,8175,66489,20,1700,14,4.3
Hot dog bulldog,55.7275904,37.6304953,Moscow,375,62000,556.4372568343102,85,7,117,,8449,75973,12,2100,8,4.6
Magic Tea,55.6771088,37.5305763,Moscow,1116,79000,7744.259077482767,85,4,17,,7921,104716,19,2000,9,4.6
Smoke Is,55.783762,37.5819809,Moscow,655,71000,762.4270992356414,85,7,133,,14923,89275,15,2300,8,4.7
Winners,55.8705205,37.688632,Moscow,410,94000,10718.0940302186,85,4,8,,6860,87636,22,1900,9,3.8
Чайхана,55.7116612,37.3853695,Moscow,737,79000,11808.669664236057,85,0,5,,13396,107987,33,2100,11,3.8
Зерно,55.7757842,37.8347718,Moscow,1113,94000,11242.862872010719,85,0,4,,8376,117602,23,1700,9,4.0
Механика,55.7635636,37.5693723,Moscow,1150,71000,1751.9505183110143,85,15,75,,14134,66461,24,3500,7,3.9
T&W coffee Co.,55.7807584,37.610968,Moscow,1133,54000,593.9051360853773,85,5,114,,10904,114880,26,2100,1,3.9
Феникс,55.798231,37.5817206,Moscow,969,71000,2365.0769110974766,85,13,96,,13112,106202,16,2400,12,4.0
Городское кафе и бар,55.7287531,37.5588959,Moscow,1316,79000,1737.9105282879248,85,3,39,,13392,88463,14,1700,14,3.5
Скандинавия,55.6733978,37.6121935,Moscow,1029,62000,6590.967840757007,85,4,11,,13440,76106,27,1900,0,4.4
Восточная,55.8004085,37.5778817,Moscow,744,71000,2630.862137353124,85,3,87,,14004,92444,46,2300,3,4.6
Луна,55.8886696,37.6140569,Moscow,1157,54000,12217.923650858236,85,1,12,,7112,68111,19,3500,1,4.2
Орбита 67,55.5831819,37.5822786,Moscow,1422,62000,16791.240905178387,85,1,5,,11477,116041,38,1900,14,4.0
Finch,55.7373332,37.5848312,Moscow,973,79000,1445.8586934373006,85,14,54,,6565,129221,30,2100,8,3.6
Буханка,55.5830522,37.5819969,Moscow,1101,62000,16808.97812088967,85,1,5,,14758,114835,43,3500,3,4.7
Восточная кухня,55.8916463,37.4124313,Moscow,1488,71000,16652.24878544006,85,1,10,,6962,110182,35,3500,0,3.6
Кафе на горе,55.6775005,37.6137418,Moscow,1477,62000,6124.75348234282,85,0,20,,9865,106412,48,2300,2,3.8
Штолле,55.7814781,37.6340517,Moscow,714,94000,1444.697092216543,85,10,48,,13882,60076,20,1950,11,3.9
Unknown,55.835759,37.7428929,Moscow,913,94000,8621.06329360955,85,0,0,,12640,86180,49,3500,2,4.5
Восток,55.5540172,37.4654411,Moscow,1020,79000,22029.3176920606,85,1,2,,13612,60213,12,2000,6,3.7
Зерно,55.8318747,37.388412,Moscow,1296,71000,13661.397651061317,85,0,5,,13665,71879,11,2300,5,4.0
Санчо Панса,55.809424,37.496476,Moscow,655,71000,6552.376670000104,85,8,38,,14200,82347,43,1950,2,3.7
Вилок нет,55.8231212,37.3751426,Moscow,533,71000,14025.00700406047,85,7,30,,9786,116859,13,2000,4,3.7
Зерно,55.8501674,37.3652538,Moscow,554,71000,15905.338130120494,85,1,19,,12088,123460,23,1900,6,4.7
Рандеву,55.8279231,37.4353203,Moscow,977,71000,10881.366862339752,85,0,12,,7579,93022,32,1950,12,3.5
Алёнка,55.9109965,37.3972433,Moscow,690,71000,18919.292866051484,85,12,15,,11610,70307,18,1900,0,3.6
Stars Coffee,55.9114643,37.3965604,Moscow,1106,71000,18986.488344283287,85,12,15,,13841,92159,20,1700,6,4.0
Лепим и варим,55.7304012,37.637925,Moscow,446,62000,88.2476118044547,85,24,124,,10792,129053,10,1900,14,3.6
Нет вилок!,55.8230212,37.3752386,Moscow,1031,71000,14015.374446354408,85,6,30,,14295,95870,18,2100,10,4.6
1981,55.7255392,37.7454854,Moscow,445,68000,6498.170593596842,85,6,23,,6726,114910,13,1950,12,4.6
So far kebab,55.7621417,37.6337877,Moscow,1463,85000,795.6486635348225,85,35,220,,13374,111707,21,2100,3,3.9
Ливанская кухня,55.7997644,37.5843945,Moscow,524,71000,2531.4059434310343,85,8,102,,14120,93778,23,1900,7,4.7
Ягодное облако,55.9098519,37.7248097,Moscow,1413,94000,15508.651480124623,85,1,1,,14741,78552,30,1800,11,4.1
кальянная Тайга Family,55.6981236,37.858747,Moscow,501,68000,14172.837589091832,85,0,6,,12726,63498,18,3500,2,3.9
Unknown,55.7750034,37.5056009,Moscow,836,71000,4908.051139751315,85,0,9,,14533,106567,28,3500,4,4.4
Surf Coffee,55.7857649,37.5617033,Moscow,1468,71000,1701.1001624202806,85,7,36,,10354,99283,23,2300,1,3.6
Surf Coffee,55.7527092,37.706574,Moscow,238,68000,3076.6533928246613,85,8,48,,10402,108429,35,2300,8,4.5
floo mini,55.7401189,37.6617162,Moscow,1264,62000,1849.9735023326703,85,16,100,,7574,92158,34,3500,6,3.7
Хангри вульф,55.7287051,37.6433846,Moscow,289,62000,474.26424318326775,85,16,94,,12660,72068,22,1800,6,4.5
Pims,55.7524094,37.6017246,Moscow,629,89000,1028.8232746660785,85,21,123,,12111,79995,29,2300,8,4.2
Les,55.7671662,37.6139045,Moscow,882,77000,550.0155911558484,85,11,157,,12424,115963,49,1900,11,4.0
Sintra,55.7443163,37.5883778,Moscow,1249,79000,1463.6490336095228,85,3,96,,8739,87515,10,2100,13,3.8
Hello Papaya,55.7886666,37.5674674,Moscow,765,71000,1658.7807476101123,85,4,55,,14777,93050,34,1900,11,4.7
Surf Coffee,55.8451028,37.6395716,Moscow,1430,54000,7716.070164255607,85,8,19,,10645,102835,39,2100,10,3.7
Чевапи гриль,55.7194993,37.6077569,Moscow,905,62000,2233.5540535187274,85,12,52,,8386,85214,15,2300,3,4.7
Волконский,55.7328403,37.6185768,Moscow,787,62000,1171.4882232564682,85,4,115,,9574,72915,36,2400,0,4.3
Биджо,55.6670928,37.5239777,Moscow,880,79000,8929.559831385643,85,0,12,,14554,107123,15,1800,3,4.6
Биджо,55.67896,37.565343,Moscow,1354,79000,7232.149946853598,85,10,27,,9289,70806,34,1800,5,4.1
Baba Napoli,55.7393906,37.4900715,Moscow,922,79000,4718.0249106750425,85,0,35,,14050,108027,38,1800,1,4.2
Unknown,55.8609013,37.6270674,Moscow,1273,54000,9240.657338042754,85,0,11,,5876,96047,47,3500,2,4.6
Niqa,55.7599797,37.624167,Moscow,800,89000,609.0048365426894,85,26,174,,6374,98847,18,1950,10,4.4
SeDelice,55.780432,37.6001857,Moscow,330,54000,195.51581222705295,85,49,186,,7524,62527,16,1700,11,3.7
SeDelice,55.7822115,37.5986697,Moscow,874,54000,413.3888266551023,85,43,174,,9945,87359,20,1950,1,3.8
Unknown,55.8715717,37.7111483,Moscow,489,94000,11190.854649607138,85,0,7,,11878,96071,34,1900,2,4.3
Why not,55.7198572,37.6938963,Moscow,1448,62000,3772.166272360751,85,1,9,,5604,89839,17,1900,4,3.8
Цветы и кофе,55.7719257,37.5977301,Moscow,852,54000,830.7174377927412,85,18,222,,12646,118279,24,3500,6,4.1
Surf Coffee,55.6998226,37.6345945,Moscow,750,62000,3470.041405875907,85,10,37,,7802,83456,45,2400,0,4.3
Dizengof//99,55.7235022,37.6111673,Moscow,643,62000,1819.793960339996,85,12,71,,11410,117913,39,2300,7,4.6
Skuratov Coffee,55.7622793,37.6340291,Moscow,1366,85000,811.9781574233582,85,36,220,,12785,122076,47,1950,1,3.7
Surf Coffee,55.7565462,37.5621331,Moscow,700,79000,1406.5630704538842,85,10,67,,6937,68148,17,2300,3,4.2
Surf Coffee,55.6764325,37.6652268,Moscow,440,62000,6320.120202518507,85,6,19,,5126,81450,27,1700,3,4.4
Skuratov Coffee,55.756944,37.5664099,Moscow,501,79000,1442.0089785227726,85,9,70,,12016,107503,48,1900,8,3.6
Surf Coffee,55.8649571,37.6049781,Moscow,1140,54000,9559.803606109586,85,5,9,,13542,119744,30,2400,14,4.2
Littl,55.7770708,37.5563201,Moscow,1395,71000,1731.0545113330961,85,0,14,,10271,113767,21,1700,13,4.2
Чихо,55.7439351,37.6281108,Moscow,379,85000,1267.836164124699,85,28,94,,10933,92344,34,2100,0,4.7
Circle,55.7639838,37.6835346,Moscow,1156,68000,1776.2949512232547,85,4,49,,6326,66223,26,3500,10,4.5
Cofix,55.7515603,37.5980191,Moscow,1429,89000,1277.4210606855934,85,23,122,,10310,94489,23,2100,7,4.3
Сирень,55.7933642,37.6748459,Moscow,1127,94000,2295.168064909921,85,1,21,,10918,95565,26,2400,12,4.1
Кофемаус,55.6448084,37.5258408,Moscow,1418,79000,11299.32766321055,85,5,25,,13363,88501,22,1800,5,3.9
Скалка,55.8955672,37.3914565,Moscow,1234,71000,17842.915323869525,85,3,10,,13088,123386,45,2000,5,4.3
Хоуми,55.7421799,37.6603357,Moscow,699,68000,1654.3900343416406,85,11,98,,13483,66382,15,2100,1,4.2
Ramen Ten,55.7744241,37.6042673,Moscow,261,54000,528.2043298052855,85,11,209,,11424,84626,19,2100,6,4.2
CofeFest,55.7940213,37.5813934,Moscow,282,71000,1899.6859900674506,85,13,75,,9638,70923,28,2100,4,4.3
CofeFest,55.7901882,37.7751267,Moscow,1257,94000,7675.171619987802,85,2,13,,14856,106213,38,1800,4,4.7
CofeFest,55.7439057,37.4072483,Moscow,1476,79000,9873.801127550154,85,2,12,,6392,80218,24,2400,4,3.9
CofeFest,55.7988356,37.5810313,Moscow,563,71000,2435.091642645836,85,13,101,,12255,117432,49,2300,8,3.7
CofeFest,55.7550198,37.50905,Moscow,1148,79000,3709.669906069824,85,13,19,,11976,77844,11,1700,3,3.9
CofeFest,55.7345272,37.4148443,Moscow,310,79000,9458.320795626827,85,1,8,,11670,68062,16,1800,13,4.2
CofeFest,55.7454834,37.4042362,Moscow,1137,79000,10063.473493545482,85,2,8,,9631,118534,44,2000,4,4.7
CofeFest,55.7100972,37.3958435,Moscow,1275,79000,11243.067259816036,85,0,6,,9416,79146,33,1800,10,3.6
CofeFest,55.7484816,37.4236956,Moscow,700,79000,8857.857485624916,85,1,8,,8383,114884,35,1900,9,4.7
CofeFest,55.809752,37.398453,Moscow,322,71000,12157.115505692536,85,1,18,,14581,74936,18,2100,1,4.5
CofeFest,55.7562267,37.5429225,Moscow,1467,79000,1938.3671426055623,85,0,61,,11504,122646,36,1950,14,3.6
CofeFest,55.8496501,37.3617741,Moscow,1266,71000,16063.610926280297,85,4,18,,9844,90335,14,1800,9,4.8
CofeFest,55.7783485,37.4680084,Moscow,763,79000,7170.038409383832,85,2,17,,13359,113958,18,2300,9,3.9
CofeFest,55.8649153,37.4373639,Moscow,1378,71000,13396.619107562665,85,2,11,,8133,65338,22,2400,1,4.3
CofeFest,55.8545072,37.4961126,Moscow,1467,71000,10218.900339801767,85,1,7,,5190,80803,46,2300,10,4.4
CofeFest,55.8800413,37.4921322,Moscow,450,71000,12813.986642424385,85,2,6,,8756,128210,15,3500,9,4.0
CofeFest,55.851768,37.430969,Moscow,1119,71000,12670.153545128558,85,1,33,,5253,119955,45,3500,3,4.7
CofeFest,55.8613868,37.4357897,Moscow,1227,71000,13182.232313200118,85,3,13,,14375,124305,35,3500,3,3.7
CofeFest,55.8545253,37.5010264,Moscow,493,71000,10059.005030984858,85,0,6,,8379,102294,46,2000,1,4.1
CofeFest,55.8018614,37.5192869,Moscow,1373,71000,4900.00935614793,85,4,71,,10722,94710,44,2400,11,3.6
CofeFest,55.6557459,37.5686824,Moscow,1085,62000,9399.644646538074,85,3,13,,8886,126202,49,2400,6,4.6
CofeFest,55.650584,37.540508,Moscow,372,79000,10500.161726846496,85,1,13,,8565,108348,37,2300,3,4.2
CofeFest,55.7683718,37.6080143,Moscow,912,77000,395.53391095150766,85,11,163,,7028,92551,49,2300,14,3.6
CofeFest,55.6608284,37.5378263,Moscow,722,79000,9403.683634360907,85,0,14,,12430,99397,43,2100,4,4.1
CofeFest,55.8890885,37.59507,Moscow,1346,54000,12248.9295648097,85,2,14,,5450,85671,33,1800,2,4.2
CofeFest,55.9019952,37.5777644,Moscow,624,54000,13759.896309156165,85,0,8,,13671,86990,14,2100,6,4.4
CofeFest,55.8992855,37.6182148,Moscow,574,54000,13413.399610092896,85,0,8,,10138,87219,23,1950,1,4.6
CofeFest,55.8096155,37.6316151,Moscow,900,54000,3875.082244876457,85,0,23,,11104,109105,23,2400,7,4.3
CofeFest,55.8037744,37.550489,Moscow,555,71000,3640.403067969388,85,1,13,,7961,88570,44,1900,7,3.8
CofeFest,55.8062828,37.4560296,Moscow,453,71000,8637.227519065942,85,0,7,,12869,63950,47,1900,3,4.1
CofeFest,55.845001,37.5006308,Moscow,503,71000,9182.031163223068,85,1,19,,7743,73113,25,1950,14,4.6
CofeFest,55.789833,37.694853,Moscow,523,94000,2928.427638267735,85,1,30,,7835,98891,35,2300,2,4.2
CofeFest,55.7636669,37.794165,Moscow,435,68000,8551.284312900576,85,3,6,,10878,98840,30,2300,12,3.7
CofeFest,55.731308,37.5613313,Moscow,679,79000,1429.8509156438251,85,3,41,,13897,128811,38,3500,0,4.4
CofeFest,55.7636699,37.7923733,Moscow,426,68000,8439.64420109031,85,1,7,,10390,68388,11,1800,2,3.7
CofeFest,55.7629244,37.7983815,Moscow,485,68000,8807.647394406566,85,2,6,,8154,100763,21,2400,5,4.2
CofeFest,55.7388203,37.8297955,Moscow,1399,68000,10940.101557096117,85,1,3,,13741,71258,19,2400,13,3.7
CofeFest,55.7604344,37.8330141,Moscow,344,68000,10956.773363165958,85,0,7,,10250,108303,43,2400,4,3.7
CofeFest,55.6628543,37.7650175,Moscow,1366,62000,11035.221660778752,85,1,7,,6183,103301,21,3500,6,3.7
CofeFest,55.6768509,37.771377,Moscow,836,62000,10350.829132480285,85,2,14,,5679,94405,20,2400,3,4.2
CofeFest,55.6933945,37.7491897,Moscow,830,62000,8177.686093738188,85,2,7,,8405,90258,34,3500,12,3.7
CofeFest,55.6742087,37.7467006,Moscow,1268,62000,9333.981990100958,85,2,12,,5474,107245,27,2400,12,3.9
CofeFest,55.6497546,37.7339092,Moscow,517,62000,10886.105590873298,85,0,11,,10128,72677,41,2400,14,4.0
CofeFest,55.6776963,37.7269649,Moscow,982,62000,8179.40832657443,85,1,10,,8187,118685,24,2000,8,4.5
CofeFest,55.637509,37.8029466,Moscow,240,62000,14706.635223299434,85,0,4,,9393,117132,44,2300,1,3.7
CofeFest,55.7555203,37.7837205,Moscow,588,68000,7868.1780918695285,85,0,15,,7319,99747,40,2000,0,3.9
CofeFest,55.6452428,37.7386326,Moscow,898,62000,11467.878881159522,85,0,14,,8991,100225,14,1950,4,4.2
CofeFest,55.8124535,37.7799547,Moscow,308,94000,8800.056353452987,85,0,7,,13558,126408,39,1700,6,3.9
CofeFest,55.7609898,37.6397234,Moscow,1240,85000,787.7609960832535,85,27,217,,9154,84299,22,1800,4,4.3
CofeFest,55.816607,37.8031182,Moscow,498,94000,10300.754823260984,85,0,17,,8833,92715,36,2300,7,3.7
CofeFest,55.8004025,37.5948136,Moscow,700,54000,2421.885829806045,85,7,80,,5006,106151,23,1700,12,3.5
CofeFest,55.85722,37.587023,Moscow,885,54000,8747.847396266177,85,2,4,,10275,72690,39,1800,11,3.7
CofeFest,55.81362,37.5742239,Moscow,533,71000,4117.556553342903,85,4,31,,7811,98237,29,2100,1,3.9
CofeFest,55.8784736,37.5805861,Moscow,491,54000,11141.5196258913,85,1,3,,6323,116757,34,1700,5,4.7
CofeFest,55.8392413,37.5419756,Moscow,660,71000,7402.3659128913705,85,0,5,,9450,80585,23,2000,12,4.8
CofeFest,55.889263,37.561596,Moscow,203,54000,12517.599166882494,85,1,6,,7021,86981,49,2000,8,4.5
CofeFest,55.7012487,37.7794638,Moscow,794,62000,9516.771397875107,85,1,19,,9469,92689,25,2100,0,4.2
CofeFest,55.7016931,37.7770579,Moscow,871,62000,9358.252524393212,85,1,20,,14790,89385,12,2000,14,4.7
CofeFest,55.7084486,37.8079087,Moscow,301,68000,10827.511826611877,85,1,6,,8439,79904,48,2100,14,3.9
CofeFest,55.6720004,37.6318645,Moscow,486,62000,6568.343065653445,85,2,11,,13097,105960,20,2100,7,4.1
CofeFest,55.6753763,37.6251966,Moscow,844,62000,6229.130978722609,85,1,17,,13689,103913,20,2300,2,4.7
CofeFest,55.6775315,37.5979721,Moscow,870,62000,6428.641348234991,85,0,8,,5787,127726,29,1900,2,4.4
CofeFest,55.6788533,37.7019641,Moscow,200,62000,7084.396078398098,85,0,9,,9582,90538,28,1950,12,3.6
CofeFest,55.7350935,37.7509439,Moscow,1418,68000,6306.5366497545065,85,0,13,,13024,77650,38,1800,13,4.0
CofeFest,55.730297,37.7377904,Moscow,784,68000,5810.181108332998,85,3,23,,6152,111496,10,2100,7,4.2
CofeFest,55.7253322,37.7769157,Moscow,278,68000,8234.441568652463,85,1,8,,12011,88209,15,2000,7,4.2
CofeFest,55.7456811,37.6524156,Moscow,681,68000,1306.2200766168708,85,11,89,,8411,74954,24,1700,14,3.9
CofeFest,55.7431462,37.6496825,Moscow,587,62000,1566.6720029904254,85,13,98,,5175,88678,45,2100,14,4.3
CofeFest,55.7333704,37.6805145,Moscow,343,62000,2737.1468433959594,85,3,26,,13136,118665,49,2100,2,3.9
CofeFest,55.7330215,37.6759279,Moscow,1169,62000,2447.615574377404,85,6,45,,10793,60120,40,1800,8,4.5
CofeFest,55.6239844,37.4887741,Moscow,1291,79000,14174.804913863958,85,0,1,,5719,91246,31,1900,5,3.9
CofeFest,55.648433,37.517758,Moscow,1244,79000,11031.256069188858,85,3,30,,10534,69417,24,2300,10,4.0
CofeFest,55.6107097,37.534672,Moscow,1426,62000,14835.212123669098,85,2,12,,14810,124903,13,2300,7,4.5
CofeFest,55.5978427,37.6190731,Moscow,1128,62000,14849.043950459294,85,0,3,,13086,106484,19,1900,11,4.6
CofeFest,55.6003537,37.5264859,Moscow,717,62000,16095.92259052666,85,0,11,,12925,105589,17,2300,1,4.0
CofeFest,55.598749,37.587533,Moscow,1087,62000,15029.338302308148,85,1,13,,9478,86388,27,2300,3,4.2
CofeFest,55.6210266,37.5934928,Moscow,830,62000,12529.053417390349,85,0,4,,13042,84832,17,1700,8,4.2
CofeFest,55.5903935,37.6689219,Moscow,952,62000,15762.419301927555,85,0,4,,5573,88449,43,1900,5,4.6
CofeFest,55.5717972,37.565437,Moscow,1461,62000,18263.029981314292,85,0,7,,8024,61776,42,1800,4,4.1
CofeFest,55.7408406,37.5752431,Moscow,1041,79000,731.087967622783,85,3,63,,7211,60823,36,1900,14,4.0
CofeFest,55.5514685,37.553595,Moscow,1490,62000,20637.75294449152,85,5,12,,5828,66700,24,3500,10,4.4
CofeFest,55.6863158,37.579583,Moscow,1348,62000,6134.013088152929,85,2,22,,5970,107667,34,2000,5,3.6
CofeFest,55.6520066,37.4000412,Moscow,1081,79000,14542.727185516307,85,1,19,,8546,86838,29,2300,0,4.1
CofeFest,55.708531,37.653062,Moscow,418,62000,2693.351696030185,85,18,43,,5091,97491,30,2400,14,3.8
CofeFest,55.671831,37.5451809,Moscow,1320,79000,8120.314394715479,85,5,22,,6494,92093,14,3500,0,3.9
CofeFest,55.7501104,37.580967,Moscow,612,79000,1208.412519349532,85,11,55,,8463,108340,13,2100,14,4.8
CofeFest,55.6726145,37.5560304,Moscow,1119,79000,7957.570545062782,85,5,29,,7271,77741,23,1950,5,4.2
CofeFest,55.631786,37.5227469,Moscow,1164,79000,12755.605320758472,85,1,9,,5812,112406,19,2300,6,4.7
CofeFest,55.8050166,37.462247,Moscow,883,71000,8224.281161872048,85,0,8,,7497,78482,46,3500,14,3.9
CofeFest,55.712385,37.5133405,Moscow,1254,79000,4777.195422263728,85,1,12,,6827,93581,21,3500,13,4.3
Голубка,55.7958036,37.5128254,Moscow,1461,71000,4916.749833036545,85,3,25,,7575,60156,39,1700,8,3.9
Drive cafe,55.644744,37.5608959,Moscow,1026,62000,10712.002628364924,85,1,3,,6332,91412,30,2300,11,4.5
"Шаурма, Чайхана",55.7481792,37.7760734,Moscow,1368,68000,7453.483233989875,85,6,16,,7894,63946,31,2400,7,3.7
Жасмин,55.7973939,37.8175633,Moscow,413,94000,10438.49223870901,85,1,13,,5344,117892,23,2000,7,4.2
Park 47,55.6663666,37.5441351,Moscow,766,79000,8730.860040682768,85,0,20,,6423,126940,33,2000,13,3.9
Шальная утка,55.742684,37.4812226,Moscow,864,79000,5245.81369658339,85,1,14,,6786,100349,13,2000,14,4.7
На углях,55.8641778,37.5854749,Moscow,386,54000,9527.42489029568,85,0,8,,14467,101140,11,2000,6,4.3
Хинкали Мишлен,55.7553663,37.6006228,Moscow,1159,89000,979.167455492673,85,17,133,,10599,72536,31,3500,14,4.6
Specialty,55.700865,37.3573903,Moscow,914,79000,13858.107655950962,85,4,8,,7429,71335,15,2300,7,4.6
manki,55.8023614,37.7984938,Moscow,728,94000,9437.719444551372,85,4,21,,7796,111748,23,2000,1,4.0
Origin,55.8212429,37.430141,Moscow,1209,71000,10801.84778077522,85,2,17,,6849,61053,20,2400,7,4.7
Север-Метрополь,55.7518547,37.5991617,Moscow,887,89000,1198.953373260458,85,22,112,,6727,73493,21,1800,7,4.3
Coffee Moose,55.7759764,37.6740578,Moscow,1257,94000,1191.8654341422016,85,21,92,,12570,121733,30,1800,3,3.6
Cofix,55.7802488,37.6003459,Moscow,1302,54000,173.15112586891334,85,48,187,,9429,99662,15,2000,8,3.8
Black Star Burger,55.7787626,37.6006557,Moscow,291,54000,88.11260660726848,85,32,204,,12041,99296,40,1700,1,4.2
Roaster coffee,55.7768996,37.6029584,Moscow,1120,54000,241.12145742169415,85,22,206,,9243,117705,31,1950,14,4.1
Кофикс,55.777669,37.6024555,Moscow,500,54000,150.71670602222218,85,24,204,,7074,118579,29,2400,3,4.0
Зерно,55.79706,37.5846599,Moscow,758,71000,2230.951763034214,85,11,92,,13125,122337,33,2400,2,3.6
Дубровская слобода,55.7160477,37.6824307,Moscow,692,62000,3295.2240569781743,85,0,19,,11013,62579,44,2000,0,3.8
Шарик,55.7187798,37.6884511,Moscow,1251,62000,3496.7521194676046,85,2,14,,11384,96665,23,2100,10,4.0
Енисей,55.8519289,37.6704273,Moscow,599,94000,8497.74991603414,85,1,9,,6549,92450,41,1950,0,4.5
МосМак,55.6989074,37.739228,Moscow,693,62000,7330.514409989954,85,4,12,,9232,74394,10,2300,14,4.8
Самарканд,55.6988984,37.7391154,Moscow,336,62000,7324.842664371324,85,4,12,,7650,127374,41,2000,6,4.5
Кафе-1001 плов,55.8187747,37.7519403,Moscow,433,94000,7703.065692931565,85,1,1,,13098,75076,24,2100,0,3.8
Max Bakery,55.647363,37.5956306,Moscow,320,62000,9654.72419361392,85,0,4,,11593,108034,40,2400,6,3.6
Max Bakery,55.8779124,37.5229695,Moscow,1239,71000,11850.703863417968,85,1,4,,11863,100425,17,1950,8,4.1
Max Bakery,55.8792454,37.5568565,Moscow,382,71000,11494.86582422004,85,0,7,,13871,105566,30,2400,4,3.5
Max Bakery,55.6401507,37.5325049,Moscow,330,79000,11725.733422732785,85,4,16,,10549,65245,10,1900,9,3.8
Max Bakery,55.6915318,37.72818,Moscow,959,62000,7203.128938114008,85,1,4,,9615,101413,35,2100,9,4.3
Max Bakery,55.8123208,37.6403108,Moscow,1251,94000,4141.756002198298,85,2,24,,12096,101964,13,2400,14,4.6
Max Bakery,55.8078687,37.7577299,Moscow,709,94000,7334.838763297929,85,3,6,,10479,86312,14,2000,6,3.7
Max Bakery,55.7390376,37.5084722,Moscow,910,79000,3581.1050319713213,85,6,41,,14286,125310,41,1700,12,4.5
Max Bakery,55.7554095,37.5101834,Moscow,871,79000,3657.583775499717,85,14,19,,10125,128415,47,2100,1,4.1
Max Bakery,55.6502739,37.5391782,Moscow,1191,79000,10546.738597315374,85,2,14,,10463,128473,39,2100,1,3.6
Max Bakery,55.6817036,37.5164781,Moscow,597,79000,7564.531499422401,85,3,12,,9978,70305,44,2100,11,4.1
Max Bakery,55.6257216,37.612381,Moscow,405,62000,11807.742512182553,85,1,10,,14700,116440,33,2300,2,4.5
Max Bakery,55.7082609,37.653231,Moscow,692,62000,2725.1668554134776,85,17,43,,10949,99864,15,1800,9,4.7
Max Bakery,55.7085453,37.6541911,Moscow,531,62000,2719.094141698223,85,20,43,,7780,96431,31,2100,4,4.7
Max Bakery,55.6738531,37.5255472,Moscow,326,79000,8182.204023506326,85,0,17,,8542,81296,37,3500,11,3.8
Max Bakery,55.8109372,37.403512,Moscow,1365,71000,11896.753156431165,85,6,12,,9726,103313,38,3500,14,4.1
Max Bakery,55.7848932,37.4734801,Moscow,790,71000,6966.472717715789,85,1,9,,13584,113875,34,1800,3,4.7
Max Bakery,55.8386177,37.5298011,Moscow,1162,71000,7642.93589306581,85,0,4,,7687,113050,38,2000,11,4.0
Max Bakery,55.7858493,37.5706458,Moscow,1173,71000,1290.5632036898967,85,4,57,,9476,103180,36,1900,9,4.3
Max Bakery,55.601154,37.6088995,Moscow,814,62000,14545.374754473505,85,0,10,,12736,104762,39,2100,14,3.5
Max Bakery,55.639079,37.6004854,Moscow,342,62000,10474.304582458199,85,0,4,,12929,94928,32,1900,4,3.6
Max Bakery,55.6738382,37.7603933,Moscow,200,62000,10008.798546625198,85,1,15,,9244,92979,43,1900,9,4.3
Max Bakery,55.6530447,37.3956183,Moscow,1074,79000,14661.054309285117,85,1,13,,11526,98899,38,2000,7,3.9
Max Bakery,55.6498228,37.4071705,Moscow,1131,79000,14404.394493917738,85,2,14,,7269,106397,24,1800,3,3.5
Max Bakery,55.8904934,37.5390789,Moscow,947,71000,12927.900069165242,85,0,11,,13381,72440,44,2300,3,4.2
Max Bakery,55.7940739,37.5783384,Moscow,835,71000,1931.24993356427,85,7,77,,13989,74960,26,1950,6,3.8
Max Bakery,55.7964227,37.7989366,Moscow,1163,94000,9281.43801653414,85,4,27,,7591,81075,25,2300,11,3.8
Max Bakery,55.6032279,37.541506,Moscow,352,62000,15418.230875097017,85,1,11,,5389,121051,39,1950,9,4.7
Max Bakery,55.8800443,37.7123442,Moscow,680,94000,12110.876094652489,85,3,7,,9532,61994,23,3500,2,3.7
Max Bakery,55.6406683,37.3652717,Moscow,426,79000,16991.498265310875,85,0,0,,13034,67503,18,1800,13,4.5
Max Bakery,55.7240679,37.6088995,Moscow,1385,62000,1921.0014128844741,85,9,61,,7172,84794,38,1900,11,3.9
Cinnabon,55.878788,37.4791315,Moscow,1021,71000,13076.78179185352,85,2,9,,8806,67457,42,1700,3,4.4
Cinnabon,55.8972703,37.6046482,Moscow,611,54000,13152.096804545283,85,1,7,,10374,100830,17,2100,5,4.7
Cinnabon,55.6999353,37.7654278,Moscow,1024,62000,8754.532517017276,85,8,17,,9101,81793,31,1700,14,4.8
Cinnabon,55.7517256,37.8205552,Moscow,379,68000,10188.629389660164,85,6,7,,9334,129862,45,2300,14,4.3
Cinnabon,55.7911337,37.5594851,Moscow,1117,71000,2195.3303850799257,85,5,37,,14468,84093,49,2300,2,4.6
Cinnabon,55.651315,37.6124427,Moscow,1321,62000,8993.253375284738,85,1,10,,6071,86858,20,2400,12,4.1
Cinnabon,55.7720607,37.4342743,Moscow,1383,79000,8754.203951059062,85,0,5,,9189,70069,20,2100,11,3.7
Stars coffee,55.6238289,37.4237213,Moscow,415,79000,16030.867662410556,85,5,6,,7545,65985,44,3500,7,3.8
Хинкали vs Хачапури,55.7614017,37.7345584,Moscow,607,68000,4814.916220086205,85,0,5,,12219,96817,30,2100,2,4.4
Unknown,55.6656626,37.7470485,Moscow,1317,62000,10016.919479864942,85,0,18,,5727,108236,14,2300,9,4.5
Зерно,55.6804328,37.8491068,Moscow,1468,62000,14429.536225402613,85,1,9,,10817,88058,32,2000,10,3.6
Stăya,55.6992365,37.6373739,Moscow,703,62000,3532.0176994639073,85,10,34,,6065,118130,19,1800,4,4.8
Новатор кофе,55.7137222,37.6133332,Moscow,1489,62000,2426.4726798470856,85,5,76,,13758,102265,44,1700,3,4.7
Печорин,55.769394,37.5728023,Moscow,321,71000,1098.0786752774848,85,3,78,,5718,79477,20,1700,4,4.5
Surf Coffee,55.80069,37.5929564,Moscow,1273,54000,2477.2000679490907,85,7,87,,9202,72852,28,2300,0,4.6
Дринкит,55.7477403,37.5649877,Moscow,592,79000,415.90309659769,85,3,36,,7918,92391,21,2100,3,4.6
Tary,55.7759183,37.6832382,Moscow,885,94000,1766.02352814871,85,5,82,,7476,128969,23,1900,10,4.5
Дрова и угли,55.7785295,37.7360348,Moscow,211,94000,5075.497420260041,85,0,13,,6128,94149,45,1950,12,4.5
Хаусбот кофе,55.7778047,37.6915196,Moscow,1079,94000,2292.657921919714,85,5,57,,12482,66249,33,2300,11,3.8
Kaia,55.76697,37.6320027,Moscow,474,85000,1332.4649280443782,85,14,179,,9304,122820,29,2000,6,4.8
Токио Рамен,55.6860524,37.8543733,Moscow,465,62000,14506.090593877469,85,4,8,,9267,109535,30,1700,12,4.5
Практика Кофе,55.7985288,37.375016,Moscow,741,71000,13283.262738064626,85,1,2,,12839,107080,49,1700,12,3.6
Кофейня I-CUP,55.6894566,37.5742063,Moscow,1329,62000,6067.371490643913,85,6,22,,6904,122299,14,2000,7,3.9
Разные зерна,55.7881067,37.6105491,Moscow,715,54000,1145.0511490415333,85,6,72,,8228,99360,32,1800,7,4.1
РомБаба,55.7522101,37.5939273,Moscow,1298,89000,1480.3060430752512,85,21,112,,14986,105456,39,2300,7,3.9
РомБаба,55.6991828,37.6360428,Moscow,285,62000,3538.4192152879014,85,10,35,,13186,61526,40,2400,3,4.5
Кулинарная лавка братьев Караваевых,55.7265703,37.6818396,Moscow,1327,62000,2850.514073943259,85,0,22,,12013,129559,17,3500,8,4.5
Кулинарная лавка братьев Караваевых,55.7741788,37.5854211,Moscow,261,71000,326.0498769017093,85,26,179,,14001,126604,19,2300,5,4.2
Кулинарная лавка братьев Караваевых,55.7815333,37.5813924,Moscow,1092,71000,529.7984946343637,85,11,143,,12605,90885,17,1800,11,3.6
Кулинарная лавка братьев Караваевых,55.7946659,37.5857601,Moscow,578,71000,1967.4385980086906,85,8,78,,11738,93314,11,2100,5,4.8
Кулинарная лавка братьев Караваевых,55.7542622,37.7154209,Moscow,1037,68000,3605.8156140779365,85,8,44,,7835,94727,45,2000,2,4.1
Френдс,55.7605876,37.6496167,Moscow,766,68000,658.9826032514544,85,29,181,,10027,70493,35,1700,6,3.6
Сегодня Москва,55.8248824,37.4292532,Moscow,1100,71000,11040.24940414623,85,0,13,,10265,81968,12,3500,12,4.1
Кранчи Дрим,55.705223,37.6403454,Moscow,735,62000,2873.9199250615798,85,4,40,,5248,66404,37,1900,4,3.9
Burger Heroes,55.7910785,37.5596259,Moscow,363,71000,2184.7910700651564,85,5,37,,14977,118292,45,2100,11,4.4
Burger Heroes,55.8361347,37.6247668,Moscow,1408,54000,6510.431432489488,85,6,30,,14449,93860,32,3500,14,4.4
Гуд фуд,55.7002657,37.6875369,Moscow,1250,62000,4658.249623263998,85,3,14,,14869,124726,49,2100,7,4.4
Cube Coffee,55.8592353,37.4365144,Moscow,1035,71000,12981.033442257927,85,2,21,,6244,92200,15,1900,4,3.9
Mystery of power coffee,55.6671752,37.7598105,Moscow,635,62000,10468.52901637535,85,0,8,,12681,87108,30,2400,6,4.5
Unknown,55.6750163,37.8367075,Moscow,645,62000,13975.899921982716,85,0,1,,9813,67280,35,1900,9,4.1
Карти,55.7641106,37.6292172,Moscow,244,85000,1040.3315653472546,85,12,213,,6198,61187,22,3500,3,4.6
Peko Domo,55.77684,37.5853879,Moscow,1112,71000,88.6009236510254,85,27,181,,9216,122558,23,1800,0,4.0
HQ! Coffee,55.7853653,37.4978346,Moscow,643,71000,5467.712964148886,85,1,8,,6943,118657,24,2400,12,4.0
Твоя булочка,55.7674363,37.7048582,Moscow,1299,68000,3152.85063965412,85,0,9,,5421,82265,22,2100,2,4.6
Иона,55.8034993,37.4020341,Moscow,964,71000,11751.281083436315,85,0,13,,6206,83952,15,2000,5,4.6
Старик Хинкалыч,55.7617161,37.6329401,Moscow,980,85000,746.8056509619447,85,34,213,,10396,61657,17,2000,9,4.1
Ø36,55.7549834,37.6429216,Moscow,1078,85000,620.8274651786685,85,13,167,,8679,110805,17,2400,0,3.6
Les,55.7655501,37.5922658,Moscow,1165,77000,861.3388123481112,85,18,133,,6470,117754,36,1900,12,3.6
Vina Pho,55.7401536,37.6100555,Moscow,845,89000,1909.819422478182,85,13,90,,14827,98790,21,2000,6,4.2
Дни недели,55.8052457,37.5893757,Moscow,744,54000,3023.2120776790816,85,19,78,,12838,90640,32,1800,14,4.3
FOB's,55.7904287,37.5671308,Moscow,1313,71000,1828.1729755231552,85,6,48,,11295,104012,21,3500,13,4.7
JOE,55.8058223,37.584592,Moscow,963,54000,3174.832995067494,85,29,74,,7136,79051,22,3500,3,4.1
Surf Coffee,55.8058147,37.5845021,Moscow,678,54000,3175.970347130841,85,29,74,,7453,86481,26,1700,10,4.2
Red Star,55.7572636,37.5530076,Moscow,389,79000,1654.809767444452,85,11,52,,14205,101907,26,2000,8,3.5
Surf Coffee,55.7896121,37.5671375,Moscow,855,71000,1754.5455489106707,85,5,50,,5614,128556,40,3500,14,4.7
Monteview,55.7374643,37.6554197,Moscow,757,62000,1358.866075337213,85,16,103,,11333,71926,41,2100,6,4.6
Viet quan,55.7586838,37.6417129,Moscow,441,85000,681.9056381158058,85,25,196,,5257,93103,32,2000,13,4.2
Siyai,55.7575394,37.6349692,Moscow,445,85000,308.0808319280084,85,21,206,,12464,111802,17,2400,2,3.7
Кофе 21,55.7713524,37.5689815,Moscow,1219,71000,1129.8814341020768,85,3,56,,9336,93672,32,2100,10,4.8
Cosmic Latte,55.7703091,37.5650722,Moscow,691,71000,1398.1836545686842,85,3,49,,9216,107860,34,2000,14,4.6
Скалка,55.8398166,37.4942243,Moscow,485,71000,8958.736616094968,85,10,22,,5596,122774,33,2400,8,4.3
Cofix,55.7551024,37.6576628,Moscow,783,68000,212.05575730017014,85,13,127,,5574,70346,48,1950,1,4.5
Чайхана,55.7545293,37.7155329,Moscow,462,68000,3610.4050517512624,85,7,43,,13829,104612,17,1800,0,3.9
Ska vi FIKA?,55.7619066,37.6327591,Moscow,1301,85000,768.1267741716647,85,33,212,,5538,97527,27,2000,12,3.7
Буфетоф,55.7653789,37.5821562,Moscow,933,71000,1297.3432667672027,85,3,101,,5335,88025,30,2100,12,4.5
Чайхана,55.886869,37.5520232,Moscow,822,71000,12379.00609114,85,0,10,,12811,65089,48,2100,7,4.0
Jinju,55.7251517,37.6491071,Moscow,235,62000,998.8035892333863,85,6,63,,14917,124772,47,2400,5,3.5
Пельменная,55.7384443,37.5877322,Moscow,647,79000,1551.2414939513792,85,8,60,,14592,66213,13,1950,0,4.0
Coffeeport,55.8217876,37.4985333,Moscow,1268,71000,7303.217134297689,85,13,22,,8072,125085,19,1700,9,4.2
ТрансАЗС Экспресс,55.7291892,37.8592873,Moscow,272,68000,12972.962136693217,85,1,3,,10952,109822,34,2300,10,4.5
Gagawa,55.7495041,37.539788,Moscow,529,79000,1692.4612507752752,85,34,69,,7726,126198,30,1950,4,3.7
Gagawa,55.6217404,37.7134354,Moscow,1255,62000,13060.180028265968,85,3,9,,14921,70636,14,3500,9,4.1
Unknown,55.7682372,37.8649282,Moscow,1446,68000,13005.753124455641,85,1,11,,8133,72043,29,1950,5,4.7
Кофе & Hotdog,55.7111063,37.6191247,Moscow,1214,62000,2479.221231550643,85,21,66,,13190,113847,48,1700,11,3.5
Teboil,55.708662,37.8716596,Moscow,1161,68000,14416.377194551662,85,0,6,,14130,87432,16,3500,6,3.8
Понички,55.8539651,37.476357,Moscow,991,71000,10884.322744371093,85,5,11,,13648,65153,15,2000,6,3.5
Грезы,55.7338091,37.6274054,Moscow,671,62000,677.0679196827546,85,12,156,,8515,87562,42,3500,13,4.5
Старик Хинкалыч,55.7576682,37.6086186,Moscow,1479,89000,467.7873395725973,85,12,140,,14509,85272,19,2300,6,3.7
Unknown,55.7579217,37.6090025,Moscow,770,89000,449.6626387811598,85,14,151,,12128,105283,28,1950,0,4.5
Кулинарная лавка братьев Караваевых,55.7827952,37.6002936,Moscow,272,54000,435.28792606371184,85,44,172,,9700,94736,17,1950,6,4.5
Surf Coffee,55.7139866,37.4343748,Moscow,654,79000,8833.735208919625,85,1,6,,7151,68301,22,2000,7,4.0
Хинкали Point,55.7445201,37.6248995,Moscow,777,85000,1270.8030891965855,85,18,100,,8062,104579,40,2300,5,3.5
Кулинарная лавка братьев Караваевых,55.7839274,37.597246,Moscow,772,54000,623.3507198572906,85,26,169,,9950,122976,10,1800,12,4.2
Кулинарная лавка братьев Караваевых,55.7655388,37.6107059,Moscow,453,77000,300.4195288720487,85,14,155,,8715,115974,31,3500,9,3.8
Бабушка бобра,55.7515107,37.7837932,Moscow,630,68000,7895.041376969779,85,1,15,,8958,126773,19,1900,10,4.7
Com,55.7289458,37.6179155,Moscow,310,62000,1216.5765507668953,85,7,96,,8683,111308,25,2400,10,4.2
Cofix,55.7293788,37.622296,Moscow,310,62000,938.1418014552302,85,21,111,,8160,90380,22,2300,12,3.6
Алло! Пицца,55.7066777,37.6171552,Moscow,1334,62000,2976.442459901026,85,4,65,,12637,63148,25,1800,13,3.8
Unknown,55.775941,37.6512875,Moscow,859,94000,232.27013614243674,85,4,81,,12077,98561,42,1900,0,4.1
SeDelice,55.7315006,37.6372431,Moscow,324,62000,57.70764813583279,85,27,129,,13807,105302,17,2000,12,4.5
Сказка,55.6390447,37.7328612,Moscow,775,62000,11859.969702352371,85,1,5,,5826,62611,43,2400,8,4.1
Мята,55.6390127,37.7381504,Moscow,643,62000,12034.379671954803,85,2,5,,9302,109836,47,3500,1,4.6
Рахмат,55.7792166,37.6661734,Moscow,317,94000,784.969162442464,85,7,78,,9523,115296,35,2000,8,3.7
Зар,55.7304334,37.6454674,Moscow,318,62000,533.8911459940986,85,17,97,,9934,85021,18,1950,4,4.0
Лёд и пар,55.8138928,37.7342906,Moscow,300,94000,6505.311258866533,85,1,4,,5371,65284,10,2100,10,4.0
Stars Coffee,55.7488114,37.589715,Moscow,1244,79000,1636.7411112396082,85,11,95,,5754,83631,38,2300,2,3.9
Surf Coffee,55.8780639,37.4797181,Moscow,315,71000,12988.77618374804,85,2,9,,12126,125375,33,1900,3,3.8
Station 3,55.8048734,37.585288,Moscow,392,54000,3060.8065535888263,85,29,87,,13903,101543,16,2300,4,4.6
Sare art,55.7658941,37.6479848,Moscow,948,68000,1170.759940773626,85,8,178,,7031,120849,42,1700,14,4.6
Кулинарная лавка братьев Караваевых,55.7737182,37.6798821,Moscow,629,94000,1576.704285380704,85,24,89,,6119,100613,48,3500,1,3.7
Pims,55.7630308,37.6350074,Moscow,927,85000,901.773369440649,85,35,222,,10455,91946,48,3500,0,4.4
Osteria Monti,55.7770927,37.6599017,Moscow,535,94000,329.74627132046476,85,7,92,,5011,64177,13,2100,6,4.6
Кафе доброты,55.711217,37.6249015,Moscow,1028,62000,2326.604852287643,85,26,65,,13504,89291,16,1900,9,4.4
Ra'men,55.7617678,37.6330803,Moscow,675,85000,752.561795692843,85,36,214,,8511,94699,17,1950,14,4.3
basilic,55.7011852,37.3604988,Moscow,948,79000,13663.13891230838,85,4,8,,7449,64023,31,1700,14,4.6
SeDelice,55.7799536,37.7003092,Moscow,1334,94000,2867.364956297774,85,11,46,,13672,112428,31,1800,5,4.8
Соседи,55.7863833,37.8528438,Moscow,973,94000,12425.12651500321,85,3,6,,8390,69881,48,3500,6,3.6
Unknown,55.7868874,37.8526158,Moscow,425,94000,12416.19164434012,85,2,6,,14118,73579,46,1900,10,4.0
GeekTime,55.7844716,37.5968926,Moscow,922,54000,687.1409529071244,85,22,167,,7101,104249,33,2100,9,3.8
Даблби,55.7856226,37.5615143,Moscow,963,71000,1701.837591196224,85,7,36,,7384,85493,36,2000,0,4.6
Ашан Кафе,55.7890157,37.5338606,Moscow,249,71000,3407.9474524370667,85,6,22,,12194,77963,49,1900,10,3.9
Зерно,55.7859749,37.8834172,Moscow,724,94000,14326.22654948124,85,3,10,,11863,99631,47,2000,4,3.6
"Чайхана ""Анис""",55.7752279,37.8648941,Moscow,1410,68000,13100.044460585957,85,1,11,,12356,77375,16,2400,10,4.2
Колокольня,55.7682545,37.8649962,Moscow,1299,68000,13010.169618606198,85,1,11,,11841,127212,21,2000,14,4.6
Шашлычный рай,55.7716745,37.8654015,Moscow,1253,68000,13076.831750302963,85,2,11,,12890,107872,10,2400,6,4.4
Piu-piu,55.7830889,37.5984342,Moscow,476,54000,506.3966486959094,85,36,169,,9319,74447,48,2100,5,4.1
Веранда,55.8419145,37.6406139,Moscow,555,94000,7384.278854212598,85,0,22,,6904,99995,31,2400,3,3.7
"Кофейня, Кофе с собой, Магазин чая",55.8798894,37.418264,Moscow,1472,71000,15428.407647729431,85,1,8,,10630,77474,10,1950,1,4.0
Unknown,55.7040639,37.6901801,Moscow,865,62000,4479.445900333393,85,6,17,,13644,74033,42,3500,7,3.6
Unknown,55.7014275,37.790876,Moscow,1320,62000,10183.572507285184,85,0,8,,10243,124021,33,1700,13,4.4
Unknown,55.5692783,37.559866,Moscow,1477,62000,18622.445714925285,85,0,4,,9769,110896,13,3500,2,4.0
Кулинарная лавка братьев Караваевых,55.744265,37.6278922,Moscow,662,85000,1235.7366500726998,85,25,91,,9030,94984,40,2400,10,3.6
Surf Coffee,55.8103043,37.636596,Moscow,297,94000,3984.1826529710816,85,5,25,,8601,86327,47,1800,7,4.3
Любовь&борщ,55.7297397,37.6373242,Moscow,834,62000,141.6014781216962,85,20,126,,9780,122053,28,1900,11,3.8
Брусника,55.7222741,37.5745806,Moscow,1488,79000,2489.1615196193893,85,0,47,,5109,112539,26,1700,8,4.2
J'pan,55.7779443,37.5987218,Moscow,712,54000,236.23393362620183,85,25,227,,9866,115137,26,1900,10,3.6
Дзен Кафе,55.6977549,37.560389,Moscow,772,79000,5150.32266860629,85,3,16,,13554,101622,34,1950,12,4.8
Новатор,55.6718242,37.5404052,Moscow,577,79000,8172.155744382691,85,5,25,,12067,110798,17,2400,3,4.2
Frank by Баста,55.7726808,37.6627153,Moscow,383,94000,607.4983175046657,85,7,116,,12776,68330,24,2000,2,3.5
Ясмин,55.8155397,37.4248577,Moscow,272,71000,10831.299343864866,85,6,13,,10844,61165,42,3500,11,4.1
Кафе у Бехо,55.7730804,37.7367883,Moscow,1429,94000,5125.469143088436,85,2,8,,5919,125224,38,3500,4,4.8
HQ!coffee,55.7173704,37.5922701,Moscow,775,62000,3184.8090177446657,85,2,25,,9950,62228,21,1900,1,3.8
Уют,55.8536942,37.6237509,Moscow,341,54000,8416.04461109325,85,8,19,,5824,79114,25,2400,7,4.2
Dream Art,55.8541865,37.6251081,Moscow,1364,54000,8484.086635089006,85,8,19,,11831,120608,40,1950,9,3.9
Армянские деликотесы,55.8545749,37.6250651,Moscow,1003,54000,8526.19242770456,85,7,19,,10790,82587,31,1800,3,4.0
Coffee Way,55.8536918,37.6235178,Moscow,1004,54000,8413.442100711714,85,9,19,,10106,75326,34,1900,8,3.5
SeDelice,55.766494,37.5921761,Moscow,1410,77000,880.5771115852677,85,16,142,,12661,119767,10,2300,5,4.0
Самарканд,55.8105161,37.7036231,Moscow,511,94000,4895.812290427126,85,1,6,,10218,123525,44,1950,6,3.7
Тифрейм,55.7491394,37.5864836,Moscow,1123,79000,1460.9898768315072,85,14,81,,6425,63826,17,1900,13,3.9
Огонёк,55.751101,37.8612127,Moscow,693,68000,12732.846362675766,85,16,54,,9023,90482,12,2000,2,4.7
Мокка,55.6914918,37.5534097,Moscow,1318,79000,5883.600831937313,85,1,25,,11061,88481,13,1700,5,3.6
Cofix,55.6776987,37.6647738,Moscow,902,62000,6177.011649697831,85,6,20,,10028,73422,14,1800,14,3.6
Совиный Дом,55.8350056,37.6299156,Moscow,1386,54000,6467.24711623264,85,8,32,,5345,100425,12,1700,9,4.5
Галерея,55.8363261,37.6265638,Moscow,591,54000,6556.57674955443,85,6,30,,6380,90243,40,2000,2,4.1
Пироги,55.8331155,37.6304886,Moscow,752,54000,6275.200320569466,85,5,31,,12364,123701,14,2300,0,4.4
Избушка Фо,55.7877911,37.5935653,Moscow,413,54000,1110.7239804920737,85,4,150,,5030,68354,31,2300,13,3.7
Плов-центр,55.7859361,37.5953704,Moscow,735,54000,875.6059037411334,85,7,167,,11609,83273,14,1950,8,4.7
Кофе со смыслом,55.8532019,37.6251,Moscow,1426,54000,8376.137433444681,85,7,19,,12251,91661,22,2300,12,3.9
Circle Coffee,55.8525839,37.6252073,Moscow,709,54000,8309.624104640134,85,7,19,,6917,120647,18,2000,12,4.2
Coffee Mount,55.853031,37.6251563,Moscow,1449,54000,8358.02769681204,85,7,19,,7968,121762,19,1700,12,4.3
Зерно,55.6607928,37.4803922,Moscow,833,79000,10663.364161727193,85,2,12,,6280,84017,40,2300,11,3.9
Волна,55.7456956,37.8624471,Moscow,661,68000,12855.66808964943,85,12,50,,13439,70381,12,1800,8,3.9
Чайхана экспресс,55.6982872,37.8057173,Moscow,1351,62000,11176.559735522522,85,0,1,,9789,69404,34,2000,9,3.6
Unknown,55.6374873,37.7925842,Moscow,1185,62000,14256.319142690034,85,1,4,,5428,122905,37,2300,13,4.5
Чайхана,55.6379294,37.7938673,Moscow,841,62000,14275.749636457123,85,1,4,,12711,114716,38,3500,2,3.5
Unknown,55.7614545,37.5503772,Moscow,536,79000,2145.743569060562,85,7,56,,6323,77859,20,1950,3,3.7
Остановка,55.7428918,37.6125823,Moscow,1042,89000,1583.2734892577596,85,9,93,,6644,91860,30,2100,10,3.8
Настроение,55.8563424,37.5564734,Moscow,1017,71000,8988.51363327141,85,0,8,,5004,127172,23,1900,8,4.1
Всплеск,55.5682956,37.4963246,Moscow,260,79000,20006.778911678957,85,2,4,,10911,105957,36,1950,4,3.9
Кулинарная лавка братьев Караваевых,55.7270338,37.6270795,Moscow,724,62000,761.8077202509271,85,19,99,,12242,127175,16,1950,5,3.6
Skuratov Coffee,55.8075071,37.5845142,Moscow,1081,54000,3353.0150814802473,85,28,68,,12958,96125,40,1700,1,3.6
Бабушка бобра,55.7373299,37.6151665,Moscow,522,62000,1537.4893339091666,85,13,106,,5792,107665,10,1800,5,4.5
Моль,55.6900398,37.6547706,Moscow,1096,62000,4688.64071043172,85,3,16,,7522,74606,22,1700,5,4.1
Burger Heroes,55.803898,37.4387965,Moscow,1126,71000,9557.600705301144,85,0,0,,8051,67772,30,1700,9,4.5
Vero,55.7472067,37.6549517,Moscow,339,68000,1105.5464914319596,85,12,92,,6819,91426,13,2300,3,4.6
Moris Brew,55.7589486,37.5981693,Moscow,541,72000,745.3233102219066,85,16,142,,5601,91032,38,2000,8,3.8
Skuratov Coffee,55.7287474,37.5800577,Moscow,1389,79000,1940.3751695471478,85,8,55,,11035,64743,10,3500,11,4.5
Smart Coffee lab,55.7580604,37.6361655,Moscow,609,85000,393.74527158458494,85,25,216,,8173,96480,22,2100,3,4.5
Ботанический буфет,55.7054572,37.5238211,Moscow,789,79000,5001.739843884522,85,1,16,,14378,115309,32,2300,6,4.3
Frank by Баста,55.7602126,37.6145844,Moscow,1426,89000,368.0411011132858,85,19,150,,14314,120602,18,2000,11,3.8
Frank by Баста,55.7796547,37.5906618,Moscow,1318,71000,510.58000323799104,85,62,215,,7401,89405,40,1700,11,4.1
Добрый кофе,55.7543693,37.8591167,Moscow,446,68000,12587.65563992582,85,16,50,,11429,112118,47,2300,13,3.5
Трапеза,55.7076161,37.5981107,Moscow,1153,62000,3562.7613528036472,85,3,29,,12276,68647,24,3500,5,4.0
Бегели,55.7496752,37.8655006,Moscow,1216,68000,13010.010019079222,85,6,58,,5114,101043,41,2000,11,4.3
Баланс кофе,55.7496493,37.8653874,Moscow,1128,68000,13003.125372302184,85,6,58,,10736,82482,47,1700,2,4.3
Безе,55.7363024,37.8042297,Moscow,1061,68000,9436.93348128916,85,0,2,,11151,117719,18,1900,7,4.3
Unknown,55.7194824,37.7248714,Moscow,613,62000,5649.646666803933,85,0,9,,8939,128004,33,1700,5,4.0
Unknown,55.7266831,37.7524009,Moscow,925,68000,6802.926907433304,85,9,21,,13636,65094,15,1700,0,4.7
Aquacafe,55.7128394,37.5579744,Moscow,310,79000,3492.7152001602235,85,3,15,,12175,66688,43,1700,4,3.9
Формат,55.7371185,37.6258457,Moscow,1226,62000,974.956374099121,85,9,151,,10994,91807,38,2300,2,4.7
Holi,55.7367161,37.6258403,Moscow,407,62000,944.5291948036904,85,9,160,,14531,99496,39,2000,6,4.1
Pronto Pizza,55.8216987,37.3693112,Moscow,1001,71000,14309.373336250266,85,3,26,,9081,61283,31,1800,6,4.1
Noba,55.8256629,37.3738924,Moscow,1082,71000,14202.618620815783,85,3,28,,7564,129669,48,1900,6,4.8
Cups & Hugs,55.7711451,37.6484587,Moscow,211,94000,677.3490967381381,85,16,107,,12705,103804,36,3500,7,4.6
Сильвестре,55.8505717,37.6171202,Moscow,640,54000,8014.279857990323,85,6,18,,6902,118200,49,2000,2,4.5
Пушистая братва,55.7388362,37.6181788,Moscow,1440,62000,1465.485551428825,85,11,122,,5389,109255,32,3500,9,4.5
Дом 34,55.7229697,37.5861973,Moscow,930,79000,2688.7972698418153,85,2,33,,6687,91662,30,1700,1,4.5
Гламурная чифанька,55.8046547,37.5858585,Moscow,784,54000,3025.8816662581357,85,29,89,,14592,84936,26,1700,1,4.2
Доминос пицца,55.6497864,37.4032999,Moscow,878,79000,14574.92076561652,85,1,19,,11848,69704,39,2300,0,3.7
МосКофе,55.7417805,37.7756003,Moscow,1158,68000,7551.731401219614,85,1,15,,13457,111848,30,1800,5,4.1
BRandICE,55.6915973,37.6735743,Moscow,904,62000,4944.265473773606,85,5,18,,9611,74595,27,2100,8,3.7
Улей,55.7936019,37.6124608,Moscow,1346,54000,1750.4368441792653,85,9,35,,8351,126821,30,3500,8,4.5
Уйгурка,55.7935417,37.6134445,Moscow,268,54000,1768.2114411515442,85,9,35,,11018,80474,49,1900,2,4.7
DuckCoffee,55.7099317,37.6123196,Moscow,538,62000,2806.66327064962,85,4,64,,13666,106436,24,2100,3,3.7
Хинкали-Гали,55.818889,37.7972388,Moscow,1415,94000,10088.949089871996,85,1,11,,5603,60375,34,1800,14,3.9
Хао Хао,55.6706073,37.7757972,Moscow,556,62000,10987.914269183311,85,1,7,,14905,63066,37,3500,14,3.6
CofeFest,55.7539113,37.8234333,Moscow,514,68000,10357.235660601029,85,1,8,,12906,71053,15,3500,7,3.9
CofeFest,55.5425173,37.5533134,Moscow,630,62000,21606.44732863364,85,0,12,,9674,75844,42,1900,9,4.6
CofeFest,55.8621334,37.4225771,Moscow,1357,71000,13831.106333525204,85,1,9,,6509,65337,47,2400,0,3.7
CofeFest,55.6124231,37.7083665,Moscow,1440,62000,13923.903160739474,85,0,11,,7107,121713,34,1950,11,3.9
CofeFest,55.6786824,37.4485409,Moscow,977,79000,10294.323280979994,85,0,7,,13028,69911,15,3500,2,4.3
CofeFest,55.762357,37.4061459,Moscow,769,79000,10147.854552680747,85,0,7,,11852,115177,15,1800,13,3.9
CofeFest,55.7144203,37.617343,Moscow,812,62000,2216.79553764963,85,4,84,,10415,112595,36,3500,0,4.8
CofeFest,55.788677,37.785557,Moscow,1310,94000,8284.42503788219,85,1,12,,10880,92056,24,1900,12,4.7
CofeFest,55.6422851,37.7718115,Moscow,660,62000,12989.203635672144,85,0,2,,8324,99617,27,1900,0,4.1
CofeFest,55.601175,37.6015502,Moscow,223,62000,14606.078147925284,85,0,15,,7814,98936,36,1950,9,4.3
CofeFest,55.7365009,37.4754435,Moscow,590,79000,5667.617771894449,85,1,16,,10558,60987,39,2400,13,4.0
CofeFest,55.8761956,37.5191635,Moscow,990,71000,11749.931883142359,85,1,3,,6310,77360,17,1900,9,3.5
CofeFest,55.8116336,37.407766,Moscow,1240,71000,11670.102540510086,85,3,11,,7008,94680,47,2000,5,3.8
CofeFest,55.6780865,37.7247119,Moscow,200,62000,8050.996613273899,85,1,8,,14532,127948,34,2300,0,4.4
CofeFest,55.6674896,37.5660056,Moscow,1043,62000,8346.441816587292,85,0,16,,8973,92971,47,1950,9,4.8
CofeFest,55.7485978,37.5435635,Moscow,1230,79000,1435.7550712693485,85,11,71,,9553,87558,13,1800,4,3.7
CofeFest,55.7323152,37.731266,Moscow,1013,68000,5344.400980973808,85,4,10,,9774,87667,16,1900,7,3.9
CofeFest,55.676317,37.4996423,Moscow,1170,79000,8567.63041630039,85,4,14,,11869,60870,18,1950,8,4.5
CofeFest,55.6996254,37.6258081,Moscow,802,62000,3558.4316880831075,85,9,47,,5042,74374,42,3500,5,3.6
CofeFest,55.87776,37.5408347,Moscow,684,71000,11523.79582526665,85,4,11,,13428,86182,19,2400,11,4.4
CofeFest,55.8961003,37.6079285,Moscow,536,54000,13026.220180380147,85,1,10,,11730,127386,33,2000,8,4.4
CofeFest,55.851213,37.6662665,Moscow,919,94000,8392.875317053891,85,1,12,,7638,101679,21,2100,4,3.5
CofeFest,55.6543128,37.5790385,Moscow,712,62000,9268.739676218178,85,3,13,,10522,83802,48,2000,2,4.0
CofeFest,55.710017,37.779009,Moscow,1357,62000,9194.74315874987,85,0,13,,14271,118225,27,1700,8,4.7
CofeFest,55.67364,37.6250518,Moscow,885,62000,6421.9273464193,85,1,19,,5898,110103,31,1950,6,4.2
CofeFest,55.8767192,37.5190133,Moscow,762,71000,11807.815626362019,85,2,3,,7354,112466,39,1800,9,3.8
CofeFest,55.6485908,37.609688,Moscow,615,62000,9322.010772276168,85,0,12,,10951,113381,44,2400,10,4.3
CofeFest,55.8892525,37.5622397,Moscow,384,54000,12508.414815583617,85,1,6,,10381,113017,15,2400,6,4.1
Фетучини,55.7946339,37.5743224,Moscow,350,71000,2052.037313806857,85,2,62,,13819,74168,39,2300,5,4.1
Самарканд,55.7249909,37.7458647,Moscow,789,68000,6551.147019336815,85,6,23,,6894,126579,32,2100,13,4.6
Хлеб и печь,55.7723172,37.6754497,Moscow,857,94000,1342.9312930907936,85,16,100,,12281,92449,37,2300,4,3.5
Unknown,55.7469642,37.6799386,Moscow,1190,68000,1769.2016242282814,85,13,36,,9224,79732,22,1700,6,4.7
Unknown,55.7725742,37.6783433,Moscow,341,94000,1508.8173501917217,85,24,89,,13149,112519,38,1950,0,4.4
Drunk in love,55.7428443,37.5451286,Moscow,496,79000,1250.4039169776365,85,1,76,,8630,84617,17,1950,2,4.4
Пицца и вино,55.784518,37.6563645,Moscow,518,94000,950.993935090055,85,6,35,,11334,71127,34,1700,2,4.5
Ёж и устрица,55.7801285,37.5936363,Moscow,885,54000,537.85508700479,85,58,228,,5346,81638,37,3500,9,4.0
Ёж и устрица,55.8036418,37.5910037,Moscow,1489,54000,2824.9597664112443,85,7,85,,10956,92633,23,1950,3,3.6
Ёж и устрица,55.7371195,37.6494273,Moscow,1393,62000,1033.6125249018655,85,3,109,,12351,111003,26,3500,13,4.0
Pho-house,55.7644027,37.6576268,Moscow,711,68000,823.4737674988869,85,13,142,,10428,66292,28,1900,8,4.8
Soul.mo,55.7630321,37.6576797,Moscow,969,68000,671.0382097430776,85,13,131,,14097,91413,36,1950,9,3.6
Teboil,55.7028273,37.8399932,Moscow,1355,68000,12889.356599937677,85,0,5,,6314,63467,29,2100,2,4.6
Пекарман и Гурман,55.6629319,37.5824674,Moscow,381,62000,8304.540156249544,85,0,5,,13616,98079,24,1950,9,4.2
"Чайхана ""Восточный пир""",55.7103615,37.8620708,Moscow,1295,68000,13788.693644165753,85,0,5,,10939,125412,38,1950,14,3.8
Пташка,55.890048,37.4455186,Moscow,391,71000,15257.69930921915,85,5,19,,5488,79378,20,2300,7,4.0
Coffee Airlines,55.891144,37.4469642,Moscow,946,71000,15307.543755073202,85,5,19,,14423,113847,30,1700,4,4.0
Виолино,55.7039632,37.5029268,Moscow,687,79000,5910.127574842499,85,3,24,,12706,69927,47,1900,5,3.7
Кофе Макс,55.703836,37.5024764,Moscow,885,79000,5939.349076540628,85,3,24,,6135,92487,15,1700,13,4.2
Коллектив,55.6263633,37.6666252,Moscow,217,62000,11782.387378553898,85,1,8,,7434,81002,32,2100,4,4.4
Jeffrey's,55.6426993,37.5246041,Moscow,403,79000,11545.125280369177,85,6,22,,14619,110574,35,2000,2,4.5
Арки Кофе,55.7515394,37.7150805,Moscow,858,68000,3623.009552803237,85,11,45,,8097,60145,39,1700,9,4.8
Грузинская кухня,55.7998506,37.7183273,Moscow,1359,94000,4765.39560192939,85,3,28,,12658,64938,37,2100,11,3.8
SeDelice,55.7654826,37.638623,Moscow,1345,85000,1217.54467777266,85,13,204,,6055,108378,13,2400,10,3.7
SeDelice,55.7657614,37.6353025,Moscow,599,85000,1205.2529106780564,85,21,204,,8992,123228,39,1950,8,4.6
Влаваше,55.6624126,37.7327111,Moscow,977,62000,9702.532001587773,85,4,12,,9769,66100,19,2400,12,3.6
Вкусная кулинария,55.7549248,37.5515009,Moscow,375,79000,1479.6561584014169,85,9,56,,12502,88822,23,2400,6,4.6
Coffeekaldi’s,55.7547455,37.5509533,Moscow,347,79000,1483.3817085140327,85,8,61,,6615,93290,22,2400,3,4.8
Ашлянфу,55.7947681,37.698776,Moscow,1206,94000,3441.9088821077376,85,2,25,,11917,88086,13,1900,4,3.7
Pho bo,55.7944857,37.5786053,Moscow,959,71000,1973.3610045226762,85,8,75,,5349,85505,30,1900,7,4.0
Знакомые лица,55.8154452,37.4275561,Moscow,715,71000,10672.400374791418,85,6,13,,14312,100658,15,1950,4,4.4
Unknown,55.7459834,37.8651356,Moscow,1101,68000,13020.018013096096,85,11,54,,11939,90149,40,3500,5,3.6
Pizzamento,55.7545864,37.5501806,Moscow,250,79000,1498.6055846830802,85,7,67,,14499,81736,47,1700,2,3.9
Монастырская кухня,55.7914917,37.7166614,Moscow,456,94000,4222.818748348853,85,0,45,,7433,72740,14,1900,13,3.5
SeDelice,55.7093107,37.5878121,Moscow,444,62000,3912.3514069703283,85,7,29,,9502,102720,30,2100,2,4.3
Jeffry's,55.7091758,37.5878234,Moscow,1001,62000,3921.0642226492305,85,7,29,,11900,119297,10,2100,2,4.1
Tempo,55.7164385,37.6138108,Moscow,467,62000,2174.977605838243,85,3,78,,12269,79747,41,1800,13,3.8
Cofix,55.7489896,37.5377873,Moscow,1014,79000,1791.2429681580084,85,46,73,,8493,103977,47,3500,2,4.1
Cofix,55.5851397,37.7227801,Moscow,346,62000,17088.212037379788,85,3,5,,10894,71672,27,1800,6,4.8
Cofix,55.7073318,37.5899738,Moscow,678,62000,3949.8009887009684,85,12,28,,9486,115412,17,3500,1,3.8
Cofix,55.7458125,37.8613891,Moscow,811,68000,12788.488624811902,85,10,51,,8241,96626,42,2300,9,4.4
Cofix,55.6738578,37.760785,Moscow,1239,62000,10026.38649861962,85,1,15,,9943,71777,33,2100,7,4.2
Cofix,55.7520688,37.7165232,Moscow,1499,68000,3702.841183717774,85,13,44,,10801,127664,43,3500,7,3.6
Cofix,55.7929945,37.4934571,Moscow,358,71000,5933.97888456764,85,9,20,,10700,71325,45,2100,12,4.3
Cofix,55.7995457,37.483501,Moscow,1466,71000,6764.835095802021,85,5,21,,14142,128892,25,1900,7,4.7
Cofix,55.7517603,37.8205635,Moscow,1215,68000,10188.922011094754,85,7,7,,5560,81457,35,2400,4,4.2
Cofix,55.8036886,37.8002529,Moscow,1306,94000,9588.532994473164,85,3,24,,12527,125049,14,2100,5,4.2
Cofix,55.6598434,37.7499434,Moscow,379,62000,10616.110521686383,85,4,15,,14570,119988,30,1700,8,3.7
Cofix,55.6123822,37.7328578,Moscow,786,62000,14494.797619197307,85,2,8,,10808,125516,35,2300,0,4.1
Cofix,55.8110669,37.799862,Moscow,415,94000,9859.321594691644,85,8,23,,12219,122690,23,1800,9,4.2
Cofix,55.7555188,37.6147655,Moscow,235,89000,181.91576714223447,85,7,117,,5597,66709,26,1950,12,4.6
Cofix,55.6435596,37.526054,Moscow,878,79000,11432.061161444528,85,6,24,,8831,80838,14,2300,7,3.7
Cofix,55.7603801,37.6248183,Moscow,370,89000,667.5891910230167,85,26,178,,10985,89459,14,1900,10,3.9
Cofix,55.7558418,37.6150821,Moscow,418,89000,141.01224646758521,85,10,118,,6326,124319,32,2100,5,3.8
Cofix,55.8056226,37.5082161,Moscow,1223,71000,5707.404944594272,85,8,55,,14189,63542,29,2100,3,3.7
Cofix,55.8050147,37.5172008,Moscow,1430,71000,5209.847778408005,85,22,65,,12234,81237,23,1800,5,3.9
Город'ок,55.7249846,37.5460964,Moscow,1183,79000,2423.091771147082,85,1,14,,9524,105433,17,3500,5,4.0
Prime,55.7256387,37.5453731,Moscow,1161,79000,2382.9178637314585,85,1,13,,13015,66057,11,1700,12,3.8
Lintu,55.7230498,37.5605875,Moscow,1079,79000,2345.8789461512843,85,6,35,,13472,81225,23,1950,12,3.7
Layerz,55.754565,37.6064424,Moscow,202,89000,656.4738014458635,85,11,131,,6209,112631,12,3500,13,4.4
Чёрный,55.7354386,37.584836,Moscow,458,79000,1564.6262507346664,85,15,54,,8854,85559,37,1700,11,4.1
"Дайсы, миплы, два стола",55.7688433,37.6573536,Moscow,1081,94000,809.2894047573006,85,9,117,,9094,115729,37,3500,5,3.9
Yōsera,55.815598,37.4248928,Moscow,798,71000,10831.844569067434,85,6,13,,6101,65142,22,1800,12,3.7
Здрасте,55.617531,37.408614,Moscow,841,79000,17142.96101897477,85,1,1,,5377,63422,15,1900,4,4.7
Здрасте,55.5328177,37.7170032,Moscow,1497,62000,22601.815408333947,85,0,2,,5585,63536,22,2100,6,4.5
Здрасте,55.6037025,37.4120253,Moscow,220,79000,18313.316490963774,85,0,0,,14848,112906,20,1800,11,4.6
Здрасте,55.5548092,37.5539571,Moscow,1285,62000,20272.737977947072,85,0,9,,5057,67893,12,1950,12,4.7
Гнездо Финиста,55.812472,37.483832,Moscow,825,71000,7400.204289287052,85,6,20,,8540,90976,26,2400,5,3.7
W4,55.7239196,37.6370465,Moscow,542,62000,787.3099427877861,85,6,103,,14094,101789,23,1900,14,4.1
SIP coffee,55.757183,37.608021,Moscow,959,89000,499.6579695312115,85,11,135,,10479,120719,27,2400,3,4.4
Традиция есть,55.8054376,37.584398,Moscow,1030,54000,3138.9146444031917,85,26,77,,12818,85007,31,3500,0,4.2
Чайхана Инжир,55.7997201,37.6191789,Moscow,315,54000,2541.993194852332,85,1,22,,11180,81207,40,1800,14,4.7
Правда кофе,55.6885971,37.5698444,Moscow,812,79000,6167.989408744584,85,8,27,,12463,117620,41,2100,13,4.0
Sky beans,55.6888773,37.569013,Moscow,1468,79000,6134.51618910028,85,5,27,,14268,73982,49,2400,9,4.1
SeDelice,55.6897384,37.5665358,Moscow,386,79000,6034.381387037426,85,4,28,,12368,76035,11,2100,8,4.3
Халяль Пекарня Кафе,55.814244,37.6018238,Moscow,1320,54000,3918.969470615593,85,6,12,,14498,62823,47,1700,4,4.1
Unknown,55.814155,37.6019499,Moscow,580,54000,3909.0589005452434,85,6,12,,9094,100108,11,2100,12,3.8
Шоколадница,55.8144745,37.6014778,Moscow,1170,54000,3944.7194704523013,85,6,12,,12549,71308,13,2300,5,3.6
Буфет,55.8101739,37.603232,Moscow,1179,54000,3467.2348933316143,85,0,15,,12783,102548,40,1950,11,4.7
Shelterz,55.781888,37.7078971,Moscow,660,94000,3372.0694658467173,85,12,53,,11127,71893,23,2000,10,4.3
Катюша,55.6651992,37.6412935,Moscow,273,62000,7321.660169856798,85,0,6,,7802,101807,24,3500,2,4.0
Voodoo,55.6763481,37.6580894,Moscow,549,62000,6219.011197151403,85,3,15,,6400,74478,25,3500,12,3.8
Регистан,55.6664003,37.632399,Moscow,1149,62000,7188.94266817306,85,2,9,,11917,97787,44,2100,5,4.8
Жаровня,55.6707968,37.6709291,Moscow,661,62000,7023.770825442554,85,2,13,,8636,123784,26,1900,13,3.7
Бар' Bq,55.670983,37.6701188,Moscow,1270,62000,6988.794761892211,85,2,15,,6241,73927,40,1900,5,4.0
Чайхона Изюм,55.6757234,37.6619335,Moscow,1206,62000,6341.903916244691,85,7,17,,9078,77723,39,1950,10,4.7
Бик кафе,55.7701162,37.6505159,Moscow,1168,94000,711.825620339065,85,16,119,,5413,74122,17,1800,7,4.0
Кофеметрия,55.7467695,37.8635567,Moscow,921,68000,12913.53178191567,85,12,51,,14711,73339,25,2300,10,3.6
Переплет,55.7710944,37.6130234,Moscow,430,77000,807.6144789987582,85,6,139,,6694,74499,33,2000,10,3.8
Свет,55.6453775,37.4067521,Moscow,1375,79000,14785.599469702156,85,0,13,,5925,120627,12,1700,14,4.3
Четверг,55.7946561,37.6085481,Moscow,1047,54000,1788.3701262930294,85,7,38,,11651,93250,38,2000,4,3.7
Surf Coffee,55.6520502,37.6285143,Moscow,644,62000,8794.912447945702,85,2,8,,5004,119679,19,3500,7,4.1
Даблби,55.744468,37.6336402,Moscow,627,85000,1171.7900929400175,85,10,98,,9388,68898,31,2100,6,4.3
Мокпан,55.792279,37.6037885,Moscow,1049,54000,1480.7857507563915,85,4,68,,10437,104663,48,3500,1,4.0
Prime,55.796585,37.581958,Moscow,632,71000,2181.4917307864466,85,13,81,,8186,120151,22,2000,1,4.4
Кулинарная лавка братьев Караваевых,55.7619903,37.5547095,Moscow,620,79000,2101.518586291577,85,15,75,,12010,95213,40,2000,9,3.9
Nagoya,55.7286469,37.6240781,Moscow,916,62000,850.3408556274588,85,23,108,,11676,109382,41,1700,1,4.6
Curry,55.7286114,37.6240902,Moscow,1308,62000,850.8443260229442,85,23,108,,11010,117824,27,2400,0,4.7
Блины у камина,55.7592339,37.6491963,Moscow,1128,68000,604.2479780920266,85,30,194,,7172,68631,25,1900,2,3.9
Пончики!,55.819215,37.5786205,Moscow,652,54000,4704.407497865252,85,0,13,,7779,95874,11,2400,1,4.5
Мангал,55.8057446,37.5491787,Moscow,1303,71000,3867.1278622957966,85,4,13,,9745,75031,42,2100,9,4.6
Good tea,55.7578514,37.636604,Moscow,936,85000,389.0762153003925,85,25,213,,7976,75547,11,2100,3,3.6
Папа Журди,55.7464807,37.8627412,Moscow,848,68000,12865.625715040307,85,12,52,,5779,101997,10,2300,0,3.6
Уют,55.7209914,37.6094529,Moscow,201,62000,2052.8368740266046,85,18,51,,12301,110187,46,1900,10,4.3
Cofix,55.7591803,37.6109262,Moscow,1270,89000,399.44441768854574,85,22,161,,14135,102123,32,2000,10,4.4
Cofix,55.7702138,37.5985898,Moscow,1428,77000,742.2713877947245,85,14,170,,13071,60727,10,1900,7,4.3
Чап-Чак,55.856845,37.6862735,Moscow,347,94000,9199.423251430922,85,0,0,,7449,104174,18,2100,1,4.0
Папа Джонс,55.8028496,37.7994396,Moscow,456,94000,9510.789578139978,85,4,22,,7833,117628,15,2400,5,4.1
Буханка,55.6816583,37.5370547,Moscow,816,79000,7149.687722370219,85,2,18,,5865,117562,43,2000,10,4.6
Unknown,55.682875,37.5388158,Moscow,250,79000,6991.888822527038,85,1,21,,11243,100848,47,1800,5,3.7
Платан,55.8581045,37.3854151,Moscow,1023,71000,15337.643401289344,85,0,4,,14586,70284,32,2300,8,3.7
Time Club Ковчег,55.7453369,37.6539311,Moscow,812,68000,1321.6380013808841,85,18,90,,7785,127759,43,2300,9,4.4
Вьетнамка,55.7476656,37.8735243,Moscow,289,68000,13526.805748351571,85,2,42,,9411,61784,15,2300,12,3.6
Чайка,55.7476115,37.8734168,Moscow,309,68000,13520.571008591365,85,2,42,,14294,108044,30,2400,8,4.6
Плов-центр,55.8078738,37.4081757,Moscow,751,71000,11514.950564692102,85,0,12,,10446,106313,43,2400,10,3.8
Kook,55.7617953,37.6331286,Moscow,684,85000,755.6457245620797,85,36,214,,5259,88163,19,1700,3,4.1
Ra'men,55.7373904,37.6283481,Moscow,1109,62000,893.4899452142387,85,14,157,,11554,122625,36,1900,5,4.0
Вкусная ферма,55.74792,37.704995,Moscow,1224,68000,3109.302576969177,85,3,48,,7755,110255,23,1800,9,4.4
Surf Coffee,55.7431447,37.5108177,Moscow,1240,79000,3392.6772145589252,85,7,43,,8308,108171,39,1800,1,3.6
Лакомка,55.8787747,37.493386,Moscow,1107,71000,12653.035352314922,85,1,6,,5041,67851,21,2300,14,3.5
Тайна,55.8307107,37.5982873,Moscow,1444,54000,5754.646681823357,85,0,3,,14783,70650,24,1700,3,4.4
Cosmic Latte,55.7333254,37.6099633,Moscow,276,62000,1712.3935881520417,85,11,69,,9516,115483,46,2100,5,3.7
Суп-станция,55.7752598,37.5852437,Moscow,1067,71000,208.5485827230972,85,32,171,,12570,62205,34,1900,12,4.8
Здрасьте! Нам по пасте!,55.7608411,37.6302378,Moscow,929,85000,672.1012319043298,85,28,207,,8149,123765,19,1700,8,4.2
Mendia,55.7360325,37.5011479,Moscow,244,79000,4093.9639939261424,85,2,38,,5313,96084,43,1700,10,3.9
Грядка,55.7398289,37.5083696,Moscow,1417,79000,3574.938679805162,85,5,41,,11122,80664,20,2300,3,3.8
ПроТесто,55.7374455,37.5060618,Moscow,710,79000,3760.5932030486388,85,4,38,,6193,94941,24,1800,8,4.8
Barkas Coffee,55.6790444,37.6900375,Moscow,1358,62000,6664.6937061098715,85,2,7,,10975,93897,38,1800,9,4.5
Шатёр у Вознесенского сада,55.6648357,37.6597413,Moscow,871,62000,7493.881624453823,85,0,5,,5467,67708,12,1700,4,4.5
Food Way,55.677882,37.6648193,Moscow,376,62000,6158.2628980154805,85,5,20,,11092,82226,34,1950,13,3.9
Unknown,55.676229,37.665112,Moscow,936,62000,6339.846693750581,85,6,19,,12072,105635,10,1900,11,3.5
Кофе & завтраки,55.7528178,37.646088,Moscow,1355,85000,854.1691852712431,85,16,145,,7414,95904,40,3500,6,4.7
Чайхана24,55.7045445,37.3582904,Moscow,685,79000,13667.895229946176,85,1,8,,10348,120470,32,1900,3,4.2
Лусюнь,55.6763685,37.5774259,Moscow,1016,62000,7129.873032211356,85,4,24,,14039,129372,45,2300,5,4.5
Unknown,55.8828969,37.6660488,Moscow,227,94000,11906.405296177041,85,0,8,,10567,115114,41,1900,9,3.7
Unknown,55.7879412,37.8813147,Moscow,224,94000,14213.55269625713,85,5,10,,11996,89844,43,3500,9,4.5
Manufaktura,55.7430247,37.4991675,Moscow,1258,79000,4121.978982795834,85,13,46,,5686,88964,37,1700,13,4.0
Штолле,55.7374621,37.4860779,Moscow,733,79000,4993.4046616648275,85,2,12,,14622,94343,22,3500,1,3.9
Ланч плэйс,55.7594485,37.6374104,Moscow,857,85000,566.4195966342597,85,27,221,,5738,121948,32,2000,3,4.0
Старик Хинкалыч,55.7437426,37.6512086,Moscow,494,68000,1534.1992588257633,85,16,90,,7555,88095,15,1800,9,3.7
Nodo,55.7325005,37.6799418,Moscow,277,62000,2693.772139388565,85,3,30,,5519,99732,49,2100,7,4.5
Остров Пасхи,55.7598383,37.6489093,Moscow,476,68000,650.4768265782617,85,31,197,,12498,87976,49,1950,1,4.5
Wooden Door,55.7714218,37.6371311,Moscow,1307,94000,1228.0587771443409,85,8,128,,7767,92163,30,2300,2,3.6
Кнут и пряник,55.7040446,37.6147292,Moscow,203,62000,3305.98668884686,85,6,63,,8480,129400,30,2100,12,4.3
Winners,55.7498287,37.5165001,Moscow,202,79000,3103.8371263540093,85,2,30,,14714,104669,13,1950,11,4.7
Зёрна,55.7514635,37.5172846,Moscow,257,79000,3099.4272909674746,85,1,26,,13694,118579,19,2300,2,4.7
Арияна,55.6686594,37.8548718,Moscow,1295,62000,15311.226949269301,85,0,9,,6688,111695,33,1800,9,4.7
Кабул,55.6701167,37.7746102,Moscow,1348,62000,10962.784977979505,85,2,10,,8606,62723,39,1800,10,4.7
Garden Kitchen,55.7920716,37.5690874,Moscow,314,71000,1917.8109417974388,85,6,59,,5743,88225,28,1950,3,4.1
Star Hit,55.7619933,37.6229556,Moscow,775,89000,705.4530511365286,85,23,184,,10535,72097,38,1700,9,4.1
Mátes,55.6960672,37.4695721,Moscow,223,79000,8007.931884008458,85,0,3,,11591,61244,14,1800,1,4.3
Cyclo,55.7633508,37.6068369,Moscow,227,72000,89.17506561478326,85,12,147,,7948,71090,39,1900,8,4.0
Surf Coffee,55.8181328,37.7530481,Moscow,1184,94000,7714.134814758112,85,1,1,,8384,113191,22,3500,12,3.8
Surf Coffee,55.8089704,37.7594706,Moscow,1406,94000,7489.417724413887,85,4,5,,6301,89385,35,2400,11,3.7
Surf Coffee,55.6619351,37.7308166,Moscow,688,62000,9671.720711520378,85,4,11,,11228,77167,22,1900,12,3.8
Born2Coffee,55.7887842,37.5819258,Moscow,426,71000,1316.7461929070478,85,11,67,,14625,110298,16,1700,3,3.6
Сочно восточно,55.7449399,37.7945271,Moscow,1192,68000,8648.39781734043,85,1,7,,12500,77311,24,3500,10,4.0
Coffeeshop Company,55.7480121,37.6928312,Moscow,1419,68000,2397.8362185212177,85,3,31,,14886,93402,45,2000,11,4.0
Unknown,55.7027077,37.5301868,Moscow,682,79000,5082.7949693365845,85,3,12,,7943,92138,39,1700,7,4.7
Unknown,55.7026267,37.5303316,Moscow,1420,79000,5087.0569569076415,85,3,12,,7029,82387,38,2100,9,3.9
Unknown,55.8637515,37.5589058,Moscow,698,71000,9772.867779758206,85,0,16,,11162,128010,17,2400,7,4.6
Campus,55.762723,37.53019,Moscow,1388,79000,3013.159331227252,85,0,4,,8661,78823,43,1900,9,4.0
Капучино,55.7719344,37.575742,Moscow,1350,71000,764.207704355424,85,3,90,,7723,75987,40,1900,6,4.2
Шереп,55.7450113,37.499596,Moscow,387,79000,4095.1716835566936,85,9,45,,10990,128778,32,2400,9,4.5
Дринкит,55.7434638,37.5052041,Moscow,258,79000,3743.166361925539,85,10,43,,11015,101020,31,2000,9,3.5
Marcel,55.7433473,37.5049483,Moscow,401,79000,3759.4085277583545,85,12,45,,12621,97506,42,1900,7,3.8
Мандаринка,55.7425857,37.5024535,Moscow,977,79000,3918.0559997412734,85,19,46,,8648,70406,26,1900,14,4.0
Лан Ма,55.758665,37.6402156,Moscow,1149,85000,608.2064508667095,85,27,200,,5104,104819,26,3500,1,3.9
Вторая Жена,55.7406021,37.5038723,Moscow,376,79000,3844.8003183497563,85,7,42,,7149,63293,27,2000,10,3.7
Бэль Кафе,55.7408859,37.5038452,Moscow,327,79000,3843.5030689513683,85,8,42,,14596,122825,40,2100,14,3.9
Коллектив,55.744465,37.5452681,Moscow,670,79000,1236.1075052326719,85,4,77,,7171,74569,23,2300,9,4.2
Василёк,55.8766732,37.3938906,Moscow,761,71000,16242.633580368234,85,1,8,,11728,61032,28,2400,8,4.7
Чайхона-Бистро,55.6853682,37.8970143,Moscow,820,68000,16956.050025934554,85,4,12,,5300,107141,13,2100,0,3.9
Синица,55.7627328,37.6054904,Moscow,871,72000,144.4677082526414,85,16,147,,8612,90075,25,1900,1,3.7
CofeFest,55.8740187,37.6343842,Moscow,1239,54000,10757.46242173902,85,1,10,,5569,92412,10,1900,6,3.8
CofeFest,55.686285,37.6949565,Moscow,880,62000,6156.659841266747,85,1,9,,10598,89514,36,2400,11,3.9
CofeFest,55.8098546,37.8140488,Moscow,694,94000,10631.280231069715,85,4,19,,5660,81767,37,1950,9,4.5
CofeFest,55.7773585,37.6728895,Moscow,1284,94000,1128.929924904698,85,15,84,,12923,61126,42,3500,9,4.8
Время антракта,55.7579986,37.6119774,Moscow,641,89000,275.0957037190374,85,17,150,,12617,77929,23,2300,6,3.7
Surf Coffee,55.771418,37.6489985,Moscow,877,94000,632.8304340439017,85,16,107,,11216,65334,41,2100,3,4.5
Sova coffee,55.8093351,37.5739637,Moscow,716,71000,3649.8257496971314,85,3,57,,7953,66779,20,1800,5,4.7
Unknown,55.8122975,37.571366,Moscow,975,71000,4003.5681829646137,85,3,31,,7854,82508,33,1950,2,3.8
History Of Coffee,55.8117715,37.5691438,Moscow,995,71000,3976.376083818467,85,3,25,,7071,115635,21,1700,14,3.8
DI coffee,55.8117685,37.5580448,Moscow,860,71000,4192.724789464793,85,0,11,,11816,63306,23,2400,3,3.7
Контора варит,55.7829577,37.6014127,Moscow,350,54000,441.60585178900357,85,39,167,,11803,97665,31,1950,0,4.8
Матата Феймили,55.8116457,37.4838988,Moscow,873,71000,7348.143628835174,85,6,23,,8475,122694,21,1700,2,3.9
Перекус,55.782968,37.5139561,Moscow,938,71000,4430.036983046688,85,0,12,,9520,101942,10,2300,11,4.5
Moris Brew,55.7420886,37.6251818,Moscow,1241,62000,1437.935327206546,85,26,120,,7676,92812,27,1700,5,4.5
Má Mì,55.8053625,37.5850372,Moscow,925,54000,3117.2774226862525,85,30,77,,6125,85320,17,1900,0,4.2
Piatto,55.6973687,37.6356599,Moscow,840,62000,3740.571920694834,85,11,36,,11069,90452,47,1950,2,4.2
Surf Coffee,55.6832319,37.581844,Moscow,1387,62000,6336.667164554087,85,3,24,,6239,101771,39,1800,7,3.7
Plim Coffee,55.7152826,37.6082041,Moscow,1035,62000,2511.2536264605133,85,1,54,,11609,123319,35,2300,10,4.3
Кулинарная лавка братьев Караваевых,55.8471822,37.6381999,Moscow,750,54000,7911.695865375189,85,8,17,,6484,73856,14,3500,10,3.9
Surf Coffee,55.7085665,37.5903332,Moscow,1414,62000,3842.49571616463,85,11,28,,11650,69417,10,2400,7,4.4
Stars Coffee,55.7646787,37.6397905,Moscow,387,85000,1157.0443247763467,85,13,203,,11890,108831,16,1950,12,4.3
Черёмуха,55.7383552,37.6551636,Moscow,1034,62000,1400.7112824155085,85,16,105,,13249,95367,17,1800,1,3.8
Surf Coffee,55.7933835,37.61233,Moscow,984,54000,1724.8564438942135,85,9,35,,13201,122904,31,2400,0,3.5
Friends Place,55.7733665,37.6840389,Moscow,809,94000,1839.5913975889787,85,16,83,,14259,108234,24,1700,8,4.6
Ribambelle,55.7315786,37.4857828,Moscow,910,79000,5147.800658713379,85,0,14,,12759,99765,17,2400,2,4.1
Surf Coffee,55.7259735,37.7513414,Moscow,1471,68000,6785.226499030151,85,10,18,,13989,90419,45,2000,10,4.6
Конструктор,55.7137332,37.6597071,Moscow,584,62000,2389.251930015743,85,2,41,,10031,110719,44,2400,4,3.5
Simba Coffee,55.8114346,37.4847583,Moscow,843,71000,7290.104663857931,85,6,23,,8333,120300,13,2000,7,3.6
В Роще,55.7936841,37.6103027,Moscow,399,54000,1713.3301116348957,85,9,35,,14093,95562,28,2100,3,3.5
Coffee & Cake,55.7941683,37.6104378,Moscow,1060,54000,1767.217564126162,85,9,35,,10418,82553,41,2400,4,4.5
Линдфорс,55.7740801,37.6506762,Moscow,781,94000,344.52709112537593,85,11,83,,6026,88167,22,1700,11,4.5
Skuratov Coffee,55.7793617,37.5819103,Moscow,499,71000,293.3275949985327,85,15,143,,14171,60549,48,1950,14,4.7
Espresso bar,55.7860153,37.6599178,Moscow,583,94000,1155.3284819563776,85,8,31,,10691,110532,49,3500,0,4.6
boooop,55.563804,37.7078817,Moscow,1159,62000,19115.92070071391,85,0,1,,7842,123451,13,1950,14,4.3
Coffee Time,55.7722493,37.6643843,Moscow,1066,94000,720.005981241112,85,8,121,,9073,122979,38,1950,8,3.7
Gagawa,55.6242737,37.4224108,Moscow,1203,79000,16035.283742202892,85,5,5,,13841,88455,40,2300,0,3.6
Gagawa,55.7103568,37.6751378,Moscow,210,62000,3312.682807312614,85,4,18,,5788,93918,25,1700,7,4.7
Gagawa,55.8499829,37.4428978,Moscow,1461,71000,11982.461069353485,85,15,29,,9476,107160,47,3500,14,4.4
Cofix,55.7183669,37.7956231,Moscow,1088,68000,9626.919912302012,85,7,13,,13818,118276,16,1700,14,3.8
Cofix,55.747442,37.5353297,Moscow,544,79000,1896.033190190467,85,40,75,,13679,125996,32,1800,14,3.5
Cofix,55.788239,37.748407,Moscow,676,94000,5997.149034087265,85,6,18,,7664,68182,32,3500,0,4.0
Cofix,55.7568784,37.7509192,Moscow,330,68000,5813.962243085634,85,7,18,,14279,108720,29,2100,12,4.3
Cofix,55.758636,37.751325,Moscow,1403,68000,5842.03881561691,85,6,17,,7888,70860,40,2400,14,4.7
Cofix,55.794484,37.492117,Moscow,1142,71000,6064.909099196923,85,10,23,,8082,82447,48,1950,2,4.1
Cofix,55.6934247,37.5336201,Moscow,1466,79000,5957.250681660755,85,11,27,,9676,84807,43,2400,9,4.5
Cofix,55.7060345,37.6851686,Moscow,1314,62000,4099.7448737793,85,3,19,,11669,84298,38,2300,10,4.5
Cofix,55.7962796,37.7990332,Moscow,1348,94000,9283.432395420881,85,4,27,,5485,112922,21,2100,3,4.8
Cofix,55.8180762,37.5735077,Moscow,1443,71000,4614.307653805956,85,3,14,,5374,71265,19,2000,5,4.5
Cofix,55.8105063,37.7979856,Moscow,1304,94000,9727.000757021748,85,7,23,,10935,94558,24,2400,2,4.7
Cofix,55.6516773,37.7427492,Moscow,881,62000,11032.933795333482,85,2,17,,12462,92290,22,1700,7,3.7
Cofix,55.804546,37.589896,Moscow,745,54000,2939.6386809634687,85,15,79,,7657,74229,39,2100,11,4.3
Чайхана 5 Казан,55.8278247,37.4406516,Moscow,271,71000,10592.43003774102,85,2,15,,5991,103594,26,1700,1,4.7
Bagel,55.7560048,37.6347238,Moscow,497,85000,155.2981182507662,85,33,188,,10944,76711,26,1900,13,4.8
Маргарита любит кьянти,55.806432,37.5843814,Moscow,615,54000,3243.049422639378,85,32,69,,13328,91556,41,2100,10,4.4
Bimba,55.7620009,37.6335208,Moscow,602,85000,779.1462401859097,85,35,218,,11228,104825,12,1900,5,4.1
Чихо,55.7587509,37.6407601,Moscow,640,85000,640.0898752425813,85,29,198,,11869,119495,11,1800,1,4.5
Murph,55.7655894,37.6106483,Moscow,624,77000,298.07569225061826,85,14,156,,13623,113315,23,1700,11,3.7
Ciàlde,55.697278,37.6361091,Moscow,1423,62000,3750.130546692599,85,11,36,,12533,122846,21,1950,11,4.6
Лепим и варим,55.6796964,37.5654611,Moscow,423,79000,7150.292425790451,85,10,29,,7393,84553,35,2400,6,4.6
Gt.Coffee,55.7411743,37.5773755,Moscow,584,79000,835.9176961259552,85,4,68,,5513,101881,37,1950,12,3.6
Кулинарная лавка братьев Караваевых,55.6769643,37.5049558,Moscow,1087,79000,8349.307637492486,85,3,20,,7438,93871,13,1950,7,3.8
Своё,55.8087247,37.6130247,Moscow,1082,54000,3376.3185992768076,85,1,15,,14110,67210,37,2400,9,3.9
Сезоны,55.8093457,37.6118472,Moscow,721,54000,3429.9738607521663,85,1,15,,6868,81415,45,1700,7,4.0
Jazz coffee,55.8134271,37.6036102,Moscow,1404,54000,3829.4417529162147,85,6,11,,8276,78762,19,2300,11,3.8
Unknown,55.8664385,37.7140583,Moscow,590,94000,10711.640749399867,85,0,3,,14265,129619,36,1950,0,4.8
Лаваш № 1,55.7947451,37.5693396,Moscow,359,71000,2175.6772794818253,85,2,49,,8471,127378,40,1800,11,4.4
Unknown,55.7739776,37.6552593,Moscow,1411,94000,225.4645870123669,85,13,93,,10409,82594,40,2400,4,4.6
Unknown,55.7728036,37.6552987,Moscow,577,94000,355.9140740827693,85,11,100,,9274,64569,47,2100,4,4.7
Unknown,55.7731026,37.6551397,Moscow,1197,94000,322.2946286418267,85,11,101,,11632,96841,45,1800,6,3.8
Black jack coffee,55.7878635,37.6098262,Moscow,1126,54000,1100.3753511517234,85,4,78,,14977,61811,27,2100,9,4.3
Кампа,55.7874375,37.6120336,Moscow,1469,54000,1128.6436425782267,85,6,59,,10602,97595,11,1800,13,3.9
Хорошее место,55.7881071,37.6104243,Moscow,751,54000,1141.4685589617743,85,6,75,,10047,118412,23,1950,9,4.2
Surf Coffee,55.7901803,37.5312522,Moscow,871,71000,3609.1351372943022,85,8,24,,12155,94982,44,1900,3,4.2
Surf Coffee,55.772193,37.592905,Moscow,960,71000,771.9322732154528,85,16,215,,10644,114495,44,1800,1,4.7
Surf Coffee,55.6744382,37.5028782,Moscow,1134,79000,8658.7743162453,85,4,16,,8121,108619,43,1950,13,4.8
Surf Coffee,55.7476371,37.5342885,Moscow,1017,79000,1964.2493794193813,85,34,75,,8063,105829,34,1800,1,4.3
Surf Coffee,55.706802,37.4566868,Moscow,993,79000,7944.331643518393,85,1,4,,13054,90142,16,1950,7,3.7
Surf Coffee,55.6065207,37.5365056,Moscow,457,62000,15208.648531443454,85,5,15,,9679,122850,30,1700,5,4.8
Surf Coffee,55.7736076,37.6036428,Moscow,378,54000,608.3456637853174,85,14,181,,9026,84299,19,1950,10,3.9
Surf Coffee,55.7979024,37.5221407,Moscow,449,71000,4512.169293449958,85,4,66,,14107,84418,38,3500,4,4.7
Surf Coffee,55.7366442,37.4185538,Moscow,253,79000,9203.446493892456,85,1,13,,6387,84179,22,1900,1,4.0
Surf Coffee,55.7571373,37.4089215,Moscow,1109,79000,9876.045841161169,85,4,6,,7425,100362,19,1900,11,4.8
Surf Coffee,55.6944016,37.6658095,Moscow,623,62000,4451.747770966705,85,5,20,,11395,90651,24,1950,5,3.6
Surf Coffee,55.7962426,37.7652701,Moscow,1471,94000,7252.555335850512,85,0,6,,14892,71657,37,2100,6,3.6
Surf Coffee,55.7804259,37.4689812,Moscow,1248,71000,7202.778758741934,85,3,17,,13024,126824,11,2400,4,4.7
Surf Coffee,55.6987739,37.4746635,Moscow,859,79000,7569.4942456232075,85,0,4,,13668,71587,13,3500,3,4.6
Surf Coffee,55.727341,37.62697,Moscow,387,62000,748.2979641702901,85,19,101,,10475,86488,46,3500,7,4.3
Surf Coffee,55.8785361,37.5401747,Moscow,623,71000,11617.353612032523,85,4,11,,8705,81888,41,1900,5,3.7
Teplo Place,55.7892675,37.6140882,Moscow,1320,54000,1369.213028782492,85,5,36,,9897,112554,19,2000,3,4.1
CVC,55.7057798,37.5101969,Moscow,562,79000,5462.520166429842,85,4,22,,10204,126168,49,1700,3,3.7
Кофепорт,55.7859912,37.6389885,Moscow,472,94000,1495.5594169301462,85,6,34,,7500,122646,39,1900,6,4.7
Mira's Coffee,55.7843329,37.6410069,Moscow,827,94000,1274.44628515893,85,3,41,,6574,80078,30,2100,14,4.3
Мегаполис,55.7146839,37.5613273,Moscow,752,79000,3267.902910278558,85,3,16,,9559,127885,23,1800,10,3.7
Чайхана Восток,55.7426845,37.4994976,Moscow,1450,79000,4102.517152850447,85,14,46,,13830,92320,22,2400,11,4.0
Хинкальная Батуми,55.7435409,37.4988875,Moscow,1059,79000,4138.365222125327,85,12,46,,13331,125060,25,3500,8,4.4
Pan Asian,55.743574,37.498963,Moscow,1178,79000,4133.594390005063,85,12,46,,12829,88154,21,2300,4,4.5
Бабка Блинная,55.7436451,37.4992102,Moscow,1380,79000,4118.03580934956,85,12,46,,12163,125583,37,2100,7,4.1
Bo,55.7434924,37.4988506,Moscow,775,79000,4140.747228754595,85,12,46,,9236,74404,22,2300,11,3.9
Plov Box,55.7436316,37.4991606,Moscow,275,79000,4121.155538955807,85,12,46,,13280,117094,14,1900,4,4.5
Мамина Пекарня,55.7437122,37.4993464,Moscow,440,79000,4109.442904441643,85,12,46,,7963,95036,11,1900,9,3.6
Мини-хинкальная,55.7918861,37.5708979,Moscow,1104,71000,1846.8897225095097,85,2,66,,8479,86862,39,1800,12,4.6
Дринкит,55.655699,37.5556898,Moscow,882,62000,9801.858412016665,85,2,14,,10618,82612,37,3500,3,3.9
Eggsellent,55.7319674,37.5877851,Moscow,417,79000,1955.6675552348227,85,7,62,,6751,93515,43,1700,11,3.9
Нитка,55.7661987,37.621818,Moscow,466,77000,998.4480498141293,85,12,192,,8718,94444,15,2000,5,3.8
Tell me,55.7784247,37.5889573,Moscow,1407,71000,348.1444311058339,85,24,222,,12936,122528,36,2000,10,3.9
Небелини,55.7458673,37.5127919,Moscow,780,79000,3274.2521954215827,85,3,42,,12134,98026,21,1900,10,4.7
Forest,55.628415,37.8723454,Moscow,1171,62000,18649.887787239637,85,1,2,,8523,62885,27,2000,8,4.5
Снегири,55.7008757,37.3594757,Moscow,1107,79000,13735.238048000992,85,4,8,,11233,114836,17,3500,8,3.9
Барская Трапеза,55.7463187,37.5477689,Moscow,1272,79000,1108.8650291313545,85,3,72,,11156,87962,29,1800,11,4.6
Cafe 2.3,55.7464724,37.5463984,Moscow,1201,79000,1196.2682867875974,85,4,72,,6295,120696,34,1900,6,3.6
Хлеб & Friends,55.748067,37.5194963,Moscow,395,79000,2883.640369656602,85,1,37,,11398,116450,24,1950,9,4.3
Мастерская,55.7550735,37.6454907,Moscow,343,85000,781.6229570412061,85,16,156,,14899,75647,49,2400,0,4.0
Мой кофе,55.7844634,37.6369353,Moscow,670,94000,1470.2764242148805,85,9,43,,10189,63635,48,1700,8,4.4
Салатница,55.7799339,37.6985792,Moscow,873,94000,2760.1590278615913,85,13,46,,6385,88989,36,2400,4,3.9
Трапезная,55.7525567,37.6275028,Moscow,1258,85000,438.33621636853434,85,2,114,,11658,88899,43,1800,4,4.0
Правда Кофе,55.867211,37.4836731,Moscow,364,71000,11827.751557376316,85,3,15,,5623,98953,28,1700,13,4.0
Buro29,55.7571036,37.73543,Moscow,1190,68000,4844.788399533576,85,1,14,,14444,115778,42,2100,6,3.7
Unknown,55.8278399,37.5808047,Moscow,1124,54000,5589.957011438879,85,0,6,,9023,125586,24,1700,11,4.4
Васаби Пеперони,55.8291107,37.4140437,Moscow,1478,71000,12099.311140490881,85,0,5,,6815,122480,49,1700,5,4.3
Vina Pho,55.7843943,37.5968014,Moscow,442,54000,682.2409733984944,85,22,166,,14097,108412,13,2400,12,4.0
Брусника,55.7553209,37.6459174,Moscow,1357,68000,778.7358643517472,85,17,161,,14137,65754,19,3500,13,3.8
Грузинская кухня,55.7011677,37.3594662,Moscow,1495,79000,13724.449190505704,85,4,8,,6607,108756,43,2300,4,3.7
"Не плачь, пей кофе",55.7565522,37.7059547,Moscow,1276,68000,3000.9473771588255,85,2,43,,13047,90282,26,3500,7,4.7
HQ Coffee,55.7804586,37.552666,Moscow,623,71000,1996.8537483582345,85,0,14,,8195,122364,20,2300,6,4.2
Gussi,55.7738831,37.6500912,Moscow,906,94000,386.85610703060456,85,9,83,,5126,96870,30,2400,3,4.2
Тандырофф,55.8521781,37.6457557,Moscow,720,94000,8490.286035039471,85,0,14,,10493,121047,15,1950,4,4.2
Stars Coffee,55.797052,37.537837,Moscow,234,71000,3647.128754235339,85,3,40,,12581,61299,24,1800,10,4.7
Уровень кофе,55.7731606,37.5871414,Moscow,1446,71000,469.9585088661516,85,25,192,,8559,64684,26,3500,5,4.4
Magma coffee,55.756943,37.6776769,Moscow,1284,68000,1231.1973587697755,85,6,31,,14153,125261,31,2000,7,4.1
19g Atelier,55.7566999,37.6754722,Moscow,1415,68000,1093.7458262917853,85,6,48,,11133,107637,40,1950,5,4.0
Unknown,55.737621,37.5048875,Moscow,736,79000,3829.0611064459663,85,4,39,,7376,73662,28,1950,1,4.3
Unknown,55.7381857,37.5068924,Moscow,1045,79000,3694.2773123186307,85,5,42,,10621,73681,21,1950,6,4.1
Unknown,55.8486255,37.6178125,Moscow,673,54000,7804.7826542756675,85,4,18,,10064,125337,15,1800,10,4.2
Два зерна,55.8499896,37.6196337,Moscow,1181,54000,7970.194584194266,85,5,18,,10745,115762,12,2400,0,3.6
Тандыр,55.8516014,37.612841,Moscow,987,54000,8101.269949486616,85,2,16,,11276,62093,28,2300,7,4.7
Unknown,55.8497758,37.6162058,Moscow,1464,54000,7919.799169953029,85,5,18,,10921,98514,25,2000,5,3.9
Coffee way,55.7467807,37.4903333,Moscow,357,79000,4683.490264037185,85,4,25,,7351,110814,44,2300,13,3.6
Кофе&Вафли,55.7467612,37.490358,Moscow,747,79000,4681.806171833035,85,4,26,,5736,118300,40,1950,8,4.3
Вкусное место,55.7467779,37.4902647,Moscow,1392,79000,4687.754114232802,85,4,25,,6360,71943,28,2000,5,3.6
Равиоли,55.753671,37.5121857,Moscow,1286,79000,3475.8081350321236,85,9,23,,12224,93321,44,2300,6,3.6
Самарканд,55.8492684,37.5890967,Moscow,277,54000,7854.968840263568,85,0,14,,8703,120295,31,1900,2,4.1
Эко Хаус,55.8466567,37.5808945,Moscow,1050,54000,7637.778845008134,85,0,17,,5598,67917,29,1700,12,3.9
Даблби,55.7795779,37.5817353,Moscow,1123,71000,319.72704578955955,85,14,143,,9853,72496,21,2300,13,3.5
Stars Coffee,55.6820133,37.5167533,Moscow,311,79000,7526.065465567149,85,3,12,,13208,111672,10,2100,7,4.8
Frank by Баста,55.6814598,37.5157657,Moscow,1056,79000,7607.349637621822,85,3,13,,8979,77477,28,2100,14,3.7
Романов парк кафе,55.7992056,37.5142959,Moscow,1361,71000,5008.786521681776,85,1,50,,10835,93013,15,2300,7,3.7
Unknown,55.7645376,37.6450476,Moscow,1430,68000,1165.82688026675,85,5,202,,13420,121460,24,2000,10,4.5
ОКофе,55.7374726,37.5639202,Moscow,818,79000,728.954163493838,85,0,42,,12496,80728,13,2000,6,3.5
Кулинарная лавка братьев Караваевых,55.7826006,37.7236786,Moscow,399,94000,4357.013533721843,85,11,31,,12061,104216,37,1900,13,4.5
Зерно,55.7870546,37.8823117,Moscow,531,94000,14266.952552365372,85,4,10,,8429,80419,16,1900,3,4.0
Maxima,55.8425591,37.579764,Moscow,1417,54000,7202.723569547117,85,5,17,,8985,75206,16,2300,1,3.9
Coffta,55.8435478,37.5796621,Moscow,717,54000,7311.837346702323,85,5,17,,12402,93729,38,1950,7,4.1
Шоколадница,55.7088467,37.5959632,Moscow,285,62000,3559.98032533656,85,3,29,,8059,129083,14,1900,6,3.6
Шоколадница,55.897647,37.5883886,Moscow,1452,54000,13220.290773570212,85,1,10,,10918,100367,31,1800,3,3.8
Шоколадница,55.525068,37.517803,Moscow,1013,62000,24090.186822525873,85,6,6,,12011,120811,32,3500,10,3.6
Шоколадница,55.6435499,37.3977512,Moscow,1378,79000,15317.445420579257,85,2,16,,8220,88703,46,2400,9,4.5
Шоколадница,55.8646349,37.6050779,Moscow,694,54000,9524.107233332179,85,6,9,,12155,121736,21,2100,2,4.0
Шоколадница,55.7497912,37.5370737,Moscow,1058,79000,1862.6503092035214,85,34,68,,6486,86698,39,1800,0,4.1
Шоколадница,55.8094002,37.7297625,Moscow,975,94000,5969.570041275009,85,0,7,,8942,103412,34,1800,10,3.7
Шоколадница,55.763655,37.8454226,Moscow,972,68000,11749.321499494465,85,1,11,,6458,68134,25,3500,11,4.0
Шоколадница,55.6842055,37.6214055,Moscow,326,62000,5294.236108105504,85,5,14,,11520,92741,27,3500,3,4.7
Шоколадница,55.7377035,37.5895135,Moscow,459,79000,1686.6243192914872,85,14,55,,13847,77977,38,3500,11,4.0
Шоколадница,55.622521,37.4241006,Moscow,319,79000,16139.347063638332,85,5,5,,12879,124583,26,1900,6,3.6
Шоколадница,55.6768029,37.5048147,Moscow,1264,79000,8369.315702996568,85,4,20,,5495,122441,30,2300,2,4.2
Шоколадница,55.5851672,37.7220436,Moscow,378,62000,17070.81546857603,85,3,5,,5504,95658,22,2100,11,4.0
Шоколадница,55.7516182,37.8197511,Moscow,359,68000,10139.1092303007,85,6,7,,10989,78141,10,2000,3,4.3
Шоколадница,55.757353,37.65852,Moscow,910,68000,50.9833921023184,85,14,126,,6514,82481,22,2000,7,4.3
Шоколадница,55.7464952,37.682554,Moscow,404,68000,1930.1260382432083,85,11,29,,6629,129685,40,2000,14,4.1
Шоколадница,55.6525383,37.8459177,Moscow,1325,62000,15734.194513129298,85,5,8,,6527,63519,33,2300,11,3.9
Шоколадница,55.8035255,37.7996597,Moscow,991,94000,9547.607680386629,85,3,24,,10666,106358,26,2300,11,4.3
Шоколадница,55.6212301,37.7146139,Moscow,768,62000,13140.177763274336,85,3,9,,10060,111523,17,1700,7,4.3
Surf Coffee,55.7481859,37.5814904,Moscow,643,79000,1132.1899710322512,85,13,62,,9140,90599,41,1700,11,4.7
Surf Coffee,55.7366228,37.5898147,Moscow,575,79000,1756.6142260577515,85,19,57,,6909,124765,20,1800,12,3.6
Surf Coffee,55.7496406,37.5384454,Moscow,754,79000,1776.3631775378788,85,36,68,,8625,66982,49,2100,12,4.1
Surf Coffee,55.6862403,37.7004111,Moscow,269,62000,6368.054809504228,85,1,6,,5064,72187,45,2000,5,3.7
Surf Coffee,55.7018337,37.4919568,Moscow,252,79000,6550.408948625262,85,1,14,,12703,100395,33,1950,10,3.6
Surf Coffee,55.7096095,37.6544932,Moscow,1013,62000,2618.7059248172827,85,21,39,,13970,72693,34,1900,14,3.6
Surf Coffee,55.7531134,37.5883382,Moscow,1497,72000,1639.0647372286985,85,6,101,,5402,68246,17,2300,10,4.6
Surf Coffee,55.8215971,37.4322562,Moscow,1027,71000,10702.473814444917,85,2,19,,8691,60846,15,1800,14,4.5
Surf Coffee,55.7626825,37.5091299,Moscow,1148,79000,4066.739797807431,85,0,16,,8084,86092,13,2100,0,4.6
Surf Coffee,55.7201825,37.6906039,Moscow,1285,62000,3565.6974442072783,85,5,12,,11522,74264,25,1950,12,3.7
Surf Coffee,55.823775,37.4952135,Moscow,1415,71000,7605.603096301957,85,11,23,,8454,124489,21,1700,4,3.8
Surf Coffee,55.8604391,37.5440446,Moscow,1248,71000,9607.892563969292,85,4,17,,14407,73277,41,2100,3,4.0
Surf Coffee,55.6440071,37.5238536,Moscow,460,79000,11413.81345991676,85,9,25,,13205,80856,37,2100,3,4.6
Tricky,55.7668488,37.6423272,Moscow,918,94000,1289.8539688802016,85,11,193,,9884,127411,15,1950,6,4.2
Ева вкусная еда,55.845897,37.5760545,Moscow,550,54000,7613.200771908744,85,8,17,,9360,114181,41,1900,8,3.8
Unknown,55.8438286,37.577519,Moscow,304,54000,7369.115072564627,85,8,17,,6233,95512,48,1700,13,4.7
Mango,55.795606,37.7094716,Moscow,835,94000,4043.759156317254,85,8,32,,11630,93363,22,3500,1,4.5
Эскалоп,55.8451041,37.5703588,Moscow,1079,54000,7611.665893550362,85,3,17,,6470,66084,45,1950,7,3.5
Сундук,55.8444084,37.5702247,Moscow,434,54000,7539.19603215407,85,1,16,,12357,126643,35,3500,2,3.7
Твой кофе,55.6782105,37.5321669,Moscow,426,79000,7599.096487812359,85,3,17,,13096,100600,26,1800,1,4.4
Хочу шашлык,55.6047734,37.590888,Moscow,467,62000,14330.562477988855,85,1,9,,5144,82144,18,3500,8,4.2
Батон-Кофетон,55.8473456,37.5728828,Moscow,232,54000,7814.397156019436,85,6,16,,10026,61639,21,2300,1,4.3
Unknown,55.7515804,37.8590381,Moscow,546,68000,12594.21405496857,85,18,54,,8635,68749,30,3500,3,4.4
Colibri,55.7160769,37.613806,Moscow,1127,62000,2205.2763926749594,85,5,83,,11001,107116,38,2300,9,4.5
Шашлычная,55.7892451,37.8191406,Moscow,1348,94000,10368.629793205719,85,0,9,,5798,114854,43,2100,6,4.3
Неофит,55.6636081,37.5912049,Moscow,290,62000,8024.350792309026,85,0,7,,7314,64904,26,1900,10,4.0
Мацони Тайм,55.6057699,37.7336423,Moscow,1031,62000,15186.682527664372,85,0,18,,12399,77629,24,2000,3,4.5
Unknown,55.8365151,37.5373086,Moscow,469,71000,7232.440847705221,85,0,4,,12067,107366,17,1900,8,3.6
Майиз,55.6780729,37.781446,Moscow,1481,62000,10795.38669527651,85,0,7,,8140,73396,29,2400,5,4.4
Поколение кофе,55.7709399,37.5178278,Moscow,621,71000,4193.081114508348,85,2,13,,12558,107867,23,2400,5,4.0
White Fox,55.7589432,37.5635522,Moscow,1436,79000,1664.0762773878535,85,6,70,,13624,95609,23,2300,14,3.7
Unknown,55.7081435,37.5449017,Moscow,868,79000,4180.979247360425,85,2,9,,11943,128586,19,1950,4,4.4
Unknown,55.7076501,37.5466463,Moscow,1173,79000,4202.149004002481,85,2,9,,8448,104101,21,3500,2,4.5
Хлеб & Кофе,55.7562052,37.5095126,Moscow,1442,79000,3728.241760741285,85,13,19,,10640,78944,26,1900,8,4.3
Coffee Moffee,55.7554851,37.5091953,Moscow,1182,79000,3718.5189045390493,85,14,19,,9169,105438,13,1950,12,4.1
288,55.7551426,37.5090223,Moscow,629,79000,3715.8316486006565,85,13,19,,6865,99729,16,2400,5,3.9
Маска,55.7488174,37.4957052,Moscow,1296,79000,4369.896575535673,85,0,28,,9524,77803,31,1700,12,4.6
SeDelice,55.8207911,37.4238846,Moscow,1344,71000,11129.379193923678,85,3,14,,13104,82066,33,1900,7,3.7
Знакомые лица,55.8786394,37.5406907,Moscow,1366,71000,11620.972573125098,85,4,11,,11916,95362,28,1700,3,3.6
Salad Up,55.756484,37.5086285,Moscow,417,79000,3791.056912816692,85,13,19,,10176,88691,46,2400,7,4.8
Bizi Bizu,55.7553893,37.5102085,Moscow,482,79000,3655.3325664083663,85,14,19,,5057,105291,42,1700,9,3.9
Zефир,55.7553022,37.5099161,Moscow,564,79000,3669.1785853111437,85,14,19,,6657,81283,48,2400,5,4.8
Буфет,55.7549924,37.5094514,Moscow,1259,79000,3684.958279397467,85,13,20,,11399,74543,26,1900,14,4.0
Паоло,55.7553967,37.5100831,Moscow,1110,79000,3662.979530575952,85,14,19,,11178,119823,39,2100,10,4.2
Kaya,55.757602,37.5092087,Moscow,529,79000,3804.930311843827,85,12,19,,14807,78191,44,3500,8,4.1
Филин И Лучи,55.7579405,37.5096111,Moscow,306,79000,3797.03263595679,85,8,19,,5788,111833,30,2000,14,4.4
Кафедра,55.7669,37.57143,Moscow,1048,71000,1370.9105342620308,85,5,65,,10990,62096,25,1950,0,3.6
Surf Coffee,55.6735322,37.6095926,Moscow,490,62000,6616.856433733383,85,4,13,,5558,106379,25,2400,14,3.9
Surf Coffee,55.86815,37.4566466,Moscow,1128,71000,12884.479584559003,85,1,4,,14266,61738,35,2100,8,4.0
"Кофе, блин!",55.7880876,37.7419951,Moscow,1136,94000,5603.362141175737,85,4,20,,8210,91564,21,2300,3,4.5
Casa Lia,55.7964324,37.8017464,Moscow,1147,94000,9452.131220602854,85,4,28,,8727,106211,48,2000,1,4.2
BaxCoffee,55.7963508,37.7995473,Moscow,405,94000,9316.527887235494,85,4,27,,11820,89000,11,2400,4,4.1
Кафе 7,55.8112882,37.8124133,Moscow,821,94000,10593.56336132329,85,4,21,,9661,129076,39,2400,7,3.9
Самолёт кофе,55.7535881,37.6381245,Moscow,1068,85000,357.03144447349536,85,22,148,,9738,101637,48,1700,14,3.7
SeDelice,55.7746519,37.5845873,Moscow,1447,71000,263.66759409536473,85,29,173,,12800,98429,49,2300,5,3.6
Molletta,55.7796382,37.6294613,Moscow,597,94000,1647.5390266610978,85,14,64,,13914,89134,38,2100,10,4.3
Здрасте,55.726699,37.7485302,Moscow,244,68000,6592.671105249312,85,12,22,,7500,89636,16,2300,9,3.6
Иди обниму,55.7750712,37.6308279,Moscow,632,94000,1515.2488825315454,85,3,106,,11020,109738,16,2100,14,3.8
Frank by Баста,55.7698858,37.632466,Moscow,1346,94000,1564.784284925018,85,17,162,,5245,124478,23,1700,13,4.8
Empire Zone,55.7609241,37.6165961,Moscow,1398,89000,437.93104138330324,85,12,151,,9371,79066,42,3500,0,4.1
SeDelice,55.8114968,37.4849146,Moscow,970,71000,7285.4272378285295,85,6,23,,6051,83640,11,2100,1,3.8
Хотфикс Coffee,55.808114,37.5742529,Moscow,1202,71000,3512.9650978685254,85,2,56,,6963,104620,18,1800,10,4.8
Lavendiya,55.7021633,37.3652316,Moscow,308,79000,13347.2792031259,85,0,8,,11239,61124,38,3500,11,3.5
Coffee Barra,55.7280375,37.6243316,Moscow,333,62000,858.8998719343592,85,23,106,,7636,96733,17,1950,13,4.2
АлоЁ,55.7250373,37.6257531,Moscow,899,62000,967.2389849704934,85,7,88,,9335,79935,42,2300,11,4.1
C`cups,55.7251155,37.6257129,Moscow,539,62000,963.1443551260282,85,7,88,,14417,120992,19,2000,14,3.7
Буфетоф,55.7467462,37.6548739,Moscow,307,68000,1156.8310548822208,85,13,94,,14563,73564,33,1800,1,3.7
Plove & doner lab,55.7475984,37.5329152,Moscow,1277,79000,2047.5917417896399,85,21,74,,9118,81243,24,2300,5,3.7
Vadman's,55.7478543,37.5326966,Moscow,221,79000,2066.7176223218858,85,17,74,,14569,92002,32,1700,7,4.4
Unknown,55.7552915,37.8445621,Moscow,657,68000,11674.955481217692,85,0,22,,9568,125550,42,2000,10,3.7
Unknown,55.7108974,37.3784374,Moscow,1172,79000,12248.198063809165,85,0,5,,6404,96025,35,3500,8,4.4
Даблби,55.701554,37.7644461,Moscow,367,62000,8628.014130293823,85,10,16,,13544,126106,35,2300,6,4.4
Аритмия,55.7069695,37.5513822,Moscow,838,79000,4204.978692024439,85,0,10,,5620,107276,22,2300,11,3.8
Вёсла клуб,55.809944,37.3614496,Moscow,673,71000,14386.112399977541,85,1,8,,6288,71201,46,1800,11,4.7
Пикник,55.744096,37.4805879,Moscow,1469,79000,5283.414475243774,85,1,14,,11935,68314,21,2300,10,4.1
Frank by Баста,55.7485035,37.5879353,Moscow,259,79000,1520.2935814421878,85,13,86,,5171,74914,13,2400,3,4.5
Cofix,55.6309831,37.5167736,Moscow,1468,79000,12925.362025552447,85,3,9,,10374,118367,22,1950,11,3.8
Cofix,55.8993386,37.5882658,Moscow,1498,54000,13408.491488515756,85,1,9,,9178,103162,26,1700,9,4.4
Cofix,55.7426645,37.6534084,Moscow,564,68000,1619.7272201425108,85,23,96,,9453,102305,44,1900,13,4.5
Cofix,55.742157,37.6532337,Moscow,337,62000,1603.714626238514,85,25,101,,5094,128640,12,3500,8,4.8
Cofix,55.7444557,37.5673054,Moscow,1017,79000,152.9341500163701,85,16,41,,14456,99355,40,1700,13,3.7
Мос Кофе,55.729743,37.8258802,Moscow,1078,68000,10936.2691593976,85,0,1,,6855,96398,15,2000,1,4.7
БяньБянь,55.712045,37.6208796,Moscow,1303,62000,2337.0121676071685,85,14,71,,7265,94698,46,1900,3,4.2
Дринкит,55.7933971,37.6117238,Moscow,327,54000,1712.4390544183693,85,9,35,,9656,78883,45,1800,0,3.7
Saletta coffee,55.740063,37.6652672,Moscow,1449,68000,1937.4466240941429,85,13,95,,14018,69405,19,3500,2,3.8
Чайхана,55.7172343,37.4524046,Moscow,665,79000,7652.322647329175,85,0,2,,5187,96444,15,1700,7,4.3
Fibonacci,55.7765549,37.6759654,Moscow,1460,94000,1312.6039173937172,85,21,93,,5070,96959,39,3500,14,3.5
Tea Palace,55.7538931,37.636048,Moscow,1205,85000,226.99171473207068,85,22,154,,8000,120624,33,2100,0,3.5
Moloko Coffee,55.6982333,37.6198697,Moscow,642,62000,3798.2052734531926,85,4,35,,12327,62330,36,1900,4,4.5
Чихо,55.7822744,37.5999449,Moscow,1171,54000,386.1101185287701,85,41,177,,13722,63002,36,1700,7,4.5
A-House x Gt.Coffee,55.7483683,37.59752,Moscow,1443,89000,1502.837864421581,85,8,110,,5142,114228,13,2400,3,4.4
Lintu,55.7281644,37.6434168,Moscow,435,62000,510.72907689485385,85,13,93,,14458,73162,40,1900,14,3.6
Даблби,55.7393847,37.61485,Moscow,580,62000,1670.9810094542001,85,8,116,,13221,127249,25,1700,6,4.8
Ля Ше'вре,55.7763897,37.6278667,Moscow,1426,54000,1643.4498981507186,85,7,100,,8740,126341,40,2000,1,4.3
Surf Coffee,55.7711501,37.6322625,Moscow,875,94000,1520.8976106679074,85,16,141,,10080,82803,31,1950,13,4.5
Selezen Project,55.7613595,37.5471067,Moscow,793,79000,2231.535661819726,85,3,42,,10077,125335,22,2400,5,4.6
КидБург,55.7603334,37.6252269,Moscow,1377,89000,686.0488178323957,85,26,184,,13201,86500,16,2300,4,4.1
Хондэ,55.7760998,37.6784333,Moscow,344,94000,1465.543191821399,85,11,91,,13492,100374,34,2400,9,4.6
Bread Head,55.7819138,37.4701087,Moscow,945,71000,7142.982059580647,85,2,16,,9226,126823,42,3500,8,4.3
PeGasRest,55.7796594,37.7003869,Moscow,647,94000,2867.3523086479763,85,10,46,,9368,71835,31,2100,6,4.4
Цех85,55.8120846,37.4855037,Moscow,998,71000,7288.879327273217,85,6,24,,6042,95218,44,2100,14,4.3
Кулинарная лавка братьев Караваевых,55.7725254,37.6620314,Moscow,247,94000,585.371791854452,85,9,114,,14101,70179,22,2100,10,4.4
Unknown,55.7175955,37.7934284,Moscow,576,68000,9543.315853589247,85,7,13,,6778,69954,22,2300,10,4.3
One Price Coffee,55.7175898,37.7930834,Moscow,725,68000,9524.426582866476,85,7,13,,7725,64540,28,2100,1,4.6
Stars Coffee,55.7733603,37.6203581,Moscow,1367,77000,1292.5897030159751,85,24,125,,10229,120324,25,1900,3,3.9
Мидийное место,55.7706569,37.6322273,Moscow,577,94000,1543.2366102797453,85,15,150,,5816,112349,20,2000,11,4.3
Академия вкуса,55.7742166,37.6915933,Moscow,788,94000,2297.1485823656617,85,2,68,,13647,106795,26,2400,12,4.8
Дринкит,55.7688757,37.6801001,Moscow,296,94000,1758.4379819986254,85,20,87,,11341,82135,24,3500,5,3.6
Coffee Point,55.7524592,37.5480616,Moscow,1383,79000,1417.221484625943,85,1,78,,14843,70543,14,1900,13,3.5
Coffee Point,55.7078623,37.6252234,Moscow,1497,62000,2676.4308235415883,85,26,68,,8419,124532,23,1950,6,4.5
Coffee Point,55.7157076,37.6465845,Moscow,1158,62000,1803.2604638033931,85,1,43,,6692,86758,31,2400,13,3.9
Coffee Point,55.7707919,37.4226737,Moscow,1331,79000,9390.338344970529,85,2,3,,8711,75998,31,2000,14,3.7
Coffee Point,55.725225,37.7603262,Moscow,785,68000,7315.014666918335,85,2,21,,12513,102016,43,1700,1,4.4
Coffee Point,55.7917942,37.7060383,Moscow,819,94000,3642.5906312094194,85,3,42,,11450,67681,42,1950,9,3.5
Coffee Point,55.6564964,37.5275159,Moscow,1092,79000,10009.437293659765,85,2,19,,12109,85248,25,2400,11,3.7
Coffee Point,55.617649,37.4720639,Moscow,420,79000,15209.77336063257,85,0,1,,5402,73679,40,1700,0,4.6
Coffee Point,55.7789594,37.5873077,Moscow,696,71000,300.42793031096136,85,15,214,,13464,81877,24,2000,5,4.1
Coffee Point,55.6951239,37.6628333,Moscow,1018,62000,4304.9537392221,85,6,20,,10554,103819,28,3500,1,4.4
Coffee Point,55.7280088,37.4493269,Moscow,1098,79000,7456.653860204628,85,3,4,,6761,86315,28,1900,2,4.6
Coffee Point,55.7333417,37.7135646,Moscow,600,68000,4360.623607978159,85,1,5,,13660,127800,21,2300,1,3.8
Coffee Point,55.6918615,37.660591,Moscow,551,62000,4596.068475912832,85,5,21,,14253,104414,34,2100,7,4.0
Coffee Point,55.6742056,37.4401134,Moscow,1493,79000,11019.998876482108,85,2,7,,10128,105038,17,2300,7,4.1
Coffee Point,55.7685438,37.6241612,Moscow,1010,77000,1202.4583021820997,85,14,173,,8173,77799,28,2000,13,4.2
Coffee Point,55.6553282,37.5526963,Moscow,929,79000,9889.95061755669,85,3,11,,6130,67030,22,2300,12,3.8
Coffee Point,55.7747386,37.6501089,Moscow,674,94000,336.5153702026426,85,5,83,,12697,120397,48,2300,1,4.2
Coffee Point,55.6915259,37.6630908,Moscow,533,62000,4683.7404315525355,85,4,23,,11828,117931,32,3500,9,4.1
Coffee Point,55.6641548,37.5985244,Moscow,628,62000,7814.1224053432525,85,2,8,,5897,68633,44,2000,0,4.4
Coffee Point,55.7450501,37.5520796,Moscow,228,79000,817.0721018163367,85,3,62,,10620,80372,14,2400,14,3.7
Coffee Point,55.7352385,37.6424432,Moscow,1182,62000,581.6014562194089,85,16,119,,8019,120140,22,2000,1,4.6
Coffee Point,55.7806609,37.5704097,Moscow,1365,71000,942.3280366541336,85,4,55,,5723,124153,17,1900,11,4.1
Coffee Point,55.7896196,37.6592124,Moscow,1045,94000,1537.1650064665912,85,3,17,,9669,107607,33,1950,4,3.5
Coffee Point,55.7730489,37.5998765,Moscow,349,54000,674.9265392569785,85,18,231,,5279,126036,47,1950,4,4.8
Coffee Point,55.6960551,37.6256579,Moscow,832,62000,3950.112560497716,85,5,32,,14041,124149,33,2300,11,4.3
Coffee Point,55.77477,37.668895,Moscow,909,94000,879.6949219076247,85,12,116,,11004,125730,12,1800,14,4.0
Coffee Point,55.6925086,37.6630962,Moscow,700,62000,4581.6100221554125,85,8,22,,10764,83232,16,3500,2,4.3
Coffee Point,55.7001212,37.6448678,Moscow,1277,62000,3468.7513948594938,85,1,27,,8594,89197,12,1900,0,3.7
Чайхана Танья,55.6173811,37.7153978,Moscow,1115,62000,13556.494735079912,85,1,12,,12866,114631,14,1800,14,3.9
Весна,55.5074246,37.7681517,Moscow,989,62000,26188.896621806733,85,1,3,,13765,60353,18,2000,11,4.1
Человек и кофе,55.6994319,37.6315721,Moscow,362,62000,3526.6390582760705,85,6,37,,7839,120388,42,2400,12,4.8
Unknown,55.8047077,37.7542945,Moscow,343,94000,6980.199086166172,85,0,6,,14046,87933,16,1950,4,4.4
Пан круассан,55.7612614,37.6628092,Moscow,577,68000,561.3087388092808,85,14,105,,13804,86925,25,2000,7,3.7
Исфара,55.7754642,37.6591024,Moscow,926,94000,263.38984941096686,85,10,96,,7566,94457,47,2100,8,4.8
Cosmic Coffee,55.8206348,37.6356924,Moscow,829,54000,5086.004534553426,85,1,13,,10549,113742,27,2100,10,3.8
Лаванда,55.6737737,37.6689465,Moscow,1296,62000,6670.682059536171,85,2,17,,13568,79173,43,2000,3,4.6
Лось и Кофе,55.8159779,37.6912104,Moscow,538,94000,4988.394589759092,85,2,5,,9556,82647,46,2300,8,3.7
Поминальная трапезная,55.6083189,37.4540987,Moscow,1335,79000,16612.32609936071,85,0,0,,10299,89613,22,1950,14,3.5
Boring Coffee,55.7003666,37.5800277,Moscow,503,62000,4933.262817883802,85,5,15,,10844,80219,44,1800,3,4.1
Синкопа,55.7018547,37.5805796,Moscow,521,79000,4786.829455664776,85,5,24,,9234,116297,36,2000,4,4.7
Pir&Rog,55.754872,37.6490562,Moscow,982,68000,607.5960901466558,85,13,164,,12207,104835,18,2000,11,4.6
Masa Madre,55.7541339,37.638672,Moscow,781,85000,367.7522840934235,85,23,153,,7156,86134,24,2400,14,4.4
Umma,55.7253413,37.4972606,Moscow,416,79000,4721.182355108361,85,1,4,,6795,85908,40,1800,8,4.4
Кафе мама Дали,55.8937903,37.6172867,Moscow,1172,54000,12799.740762545534,85,3,10,,11688,75637,24,1900,12,4.2
coffee n1,55.8929525,37.5856246,Moscow,648,54000,12712.131316989617,85,2,12,,11107,82564,27,3500,4,4.2
Лакрица,55.8913327,37.5856112,Moscow,536,54000,12532.67981526285,85,2,11,,12072,98740,18,2400,2,4.6
52 оттенка вкуса,55.802363,37.4853568,Moscow,957,71000,6781.191671958206,85,0,20,,9172,109999,48,2400,12,4.5
Unknown,55.7699643,37.6473524,Moscow,1255,94000,824.1426168671613,85,20,124,,10792,100425,14,1900,8,4.1
Кофе Манки,55.8151254,37.4245953,Moscow,611,71000,10828.294605656105,85,6,13,,14082,65137,40,1950,9,4.0
Лаборатория Хлеба,55.6522991,37.6281805,Moscow,501,62000,8768.5806909276,85,2,9,,10223,119858,21,1900,9,4.5
Амириён,55.6997445,37.8668169,Moscow,1492,68000,14542.82893006402,85,0,3,,6623,94060,25,1900,1,4.0
Шалаш,55.7570684,37.8878213,Moscow,1024,68000,14379.86086341182,85,1,14,,14458,114216,12,1800,1,4.4
Кулинарная лавка братьев Караваевых,55.6926671,37.5339933,Moscow,418,79000,6029.2763478630095,85,11,28,,7397,105563,43,1950,2,4.2
Coffee & Park,55.8210116,37.3794835,Moscow,793,71000,13687.552612772502,85,2,29,,12526,88179,26,1700,1,4.3
Tutto,55.811039,37.365831,Moscow,394,71000,14153.314776843665,85,2,13,,5062,125578,13,2100,8,4.6
Кофемол,55.7699513,37.6607438,Moscow,1054,94000,762.5120170524368,85,9,114,,12524,78786,33,2000,8,4.3
Surf Coffee,55.692009,37.531073,Moscow,792,79000,6159.289338570515,85,12,25,,8484,124744,28,2100,12,3.9
Gagawa,55.8406226,37.4922566,Moscow,776,71000,9105.656239126014,85,11,23,,10472,116106,26,2400,2,4.4
Gagawa,55.7018527,37.7650142,Moscow,1014,62000,8648.415726391138,85,10,17,,13634,112383,42,1800,4,4.0
Gagawa,55.8213705,37.386569,Moscow,354,71000,13289.622108604175,85,7,24,,10516,88856,43,2400,9,3.9
Gagawa,55.6547428,37.844156,Moscow,411,62000,15506.738017224487,85,5,9,,8716,102101,37,2400,13,4.6
На мангале,55.8112897,37.8128052,Moscow,227,94000,10616.384261368,85,4,21,,9920,94487,23,1700,6,3.7
Факел,55.7518417,37.7166802,Moscow,827,68000,3716.381361743462,85,13,43,,8436,107697,36,2100,9,4.3
Чёрный,55.8043627,37.5196802,Moscow,1272,71000,5042.403238919796,85,16,70,,6641,96100,10,2400,10,4.3
Кофе с собой,55.8055053,37.5157335,Moscow,792,71000,5315.98124066898,85,18,60,,14351,105917,19,3500,3,4.3
Шоколадница,55.805259,37.5162921,Moscow,1139,71000,5271.628065935148,85,19,61,,6474,89550,45,1900,0,4.3
SeDelice,55.8053949,37.5157487,Moscow,985,71000,5307.911892943893,85,18,62,,6500,88178,37,2000,6,3.5
Nur Coffee,55.6905425,37.7863543,Moscow,1489,62000,10381.494443790141,85,0,4,,10175,102945,49,2400,6,3.7
Saf,55.75321,37.715839,Moscow,885,68000,3643.6055445985926,85,10,44,,6350,72188,45,1700,1,4.1
Хлеб с маслом,55.6564539,37.5697945,Moscow,235,62000,9297.83226303035,85,4,12,,14263,92301,18,2000,1,4.3
Jeffrey's,55.6563562,37.5695568,Moscow,1443,62000,9314.271807187943,85,4,12,,9476,82437,33,1950,4,3.5
Traveler's coffee,55.7142615,37.4352805,Moscow,374,79000,8769.655876274042,85,1,6,,6851,111980,34,2300,5,4.5
Бадьян и корица,55.7694407,37.6477165,Moscow,480,94000,859.9344525402616,85,19,135,,9322,123190,16,1900,1,3.9
Табера,55.7693939,37.6479256,Moscow,1056,94000,857.5321698634027,85,20,135,,8620,114449,34,3500,13,4.3
Столичный повар,55.7717523,37.603112,Moscow,982,77000,772.2479961984333,85,15,155,,8911,95614,31,1900,13,3.8
Vintage,55.6408868,37.5309768,Moscow,1440,79000,11662.26247238394,85,4,17,,8874,95312,21,1700,12,4.3
Coffee Way,55.7066001,37.5919894,Moscow,588,62000,3912.5786744822776,85,9,26,,11934,89264,23,2300,10,3.6
Stars Coffee,55.7073698,37.5901215,Moscow,419,62000,3940.0877535592967,85,12,26,,8126,68902,22,1900,8,3.6
Хлеб с маслом,55.7065799,37.5913112,Moscow,301,62000,3944.839781878602,85,9,30,,11895,115320,23,1950,11,3.6
Здрасте,55.7525694,37.7064166,Moscow,1328,68000,3069.385973069662,85,8,49,,8297,95734,30,2400,5,3.8
Doner Тик Топ,55.8678369,37.3966403,Moscow,392,71000,15459.341944191423,85,4,15,,8605,70090,10,1800,9,4.3
Unknown,55.7942686,37.7195352,Moscow,319,94000,4517.527442806309,85,3,33,,11986,80948,12,2100,3,4.1
Unknown,55.7944315,37.719377,Moscow,1271,94000,4516.877149965421,85,3,33,,6226,111760,37,1700,2,3.6
Unknown,55.7945204,37.718174,Moscow,866,94000,4454.536986522198,85,3,32,,14208,102169,42,2300,12,3.7
Unknown,55.794289,37.7184784,Moscow,1190,94000,4459.640510641331,85,3,33,,6970,127309,17,1700,2,4.5
Icup Coffee,55.750411,37.718385,Moscow,1142,68000,3848.9734695552393,85,10,37,,7104,104496,21,2100,2,4.4
Цех85,55.7555763,37.7059868,Moscow,266,68000,3006.750750593108,85,4,45,,10202,73459,31,1700,6,3.9
Coffee.Fm,55.7542183,37.7154168,Moscow,539,68000,3605.9774374236636,85,9,44,,7896,117286,40,1900,11,4.4
Здрасте,55.7016942,37.3592925,Moscow,1289,79000,13714.37885149633,85,4,8,,8155,91338,24,2300,13,4.3
Парфе,55.7651502,37.5691599,Moscow,473,71000,1611.749893668932,85,9,75,,12038,111644,32,1950,5,4.7
Parfe Studio,55.6552033,37.5738028,Moscow,246,62000,9312.461176835039,85,3,10,,13701,119025,42,3500,10,4.5
Здрасте Кофейня,55.8872235,37.5256682,Moscow,1178,71000,12786.185652063961,85,3,5,,8478,89159,14,2000,6,4.3
Чайхана,55.8864449,37.5280711,Moscow,1202,71000,12661.016047658688,85,2,6,,6877,83149,24,1950,1,4.6
Vaffel,55.8681026,37.5507425,Moscow,946,71000,10340.96374802045,85,1,15,,11790,110379,12,1800,11,3.7
Kalina,55.7635183,37.609399,Moscow,1123,72000,219.2803170187947,85,15,149,,9166,62171,37,2300,5,3.9
Самаркандиский плов,55.4878789,37.7505498,Moscow,1072,62000,27958.68292566698,85,0,0,,6128,75440,44,2300,4,3.7
Тайна кофе,55.7651751,37.56964,Moscow,844,71000,1592.3580114998886,85,9,74,,13148,62847,28,2300,11,4.7
Алёнка,55.7757818,37.6022288,Moscow,642,54000,358.1334603026382,85,10,222,,7654,86620,29,1800,7,4.1
Phobo San,55.8691953,37.6767557,Moscow,1430,94000,10451.570022201571,85,0,9,,7326,105662,49,2400,11,4.2
Date,55.7163675,37.6138105,Moscow,639,62000,2180.874688698418,85,4,79,,5243,118621,38,2000,14,4.1
Coffee Break,55.653719,37.5753552,Moscow,1260,62000,9421.815425989487,85,3,11,,7917,116493,12,1800,14,3.6
Buna,55.7189473,37.6574288,Moscow,1073,62000,1852.7493659978095,85,0,25,,12825,128545,32,3500,4,4.5
Injir,55.7120212,37.6208338,Moscow,278,62000,2340.638592597747,85,14,71,,10003,68562,25,1900,3,4.5
Универ,55.7299272,37.6451805,Moscow,715,62000,525.9083445521283,85,17,94,,9662,111503,43,1800,14,4.1
Бедия,55.6527729,37.5646777,Moscow,1140,62000,9808.613793095443,85,1,15,,10935,104594,49,1800,14,3.9
Кофе Хауз,55.8119136,37.4856106,Moscow,424,71000,7273.079862720999,85,6,25,,13712,127467,37,2000,4,3.6
Surf Coffee,55.7574417,37.6584817,Moscow,488,68000,57.62521837361894,85,14,127,,11306,107856,17,2400,0,3.8
Surf Coffee,55.8159193,37.6038837,Moscow,591,54000,4106.926938083158,85,5,10,,13404,101912,42,2000,9,4.4
Surf Coffee,55.7706996,37.6254841,Moscow,1239,77000,1373.709839655668,85,12,135,,11082,61065,30,1900,7,4.6
Surf Coffee,55.7873321,37.679791,Moscow,1111,94000,1997.714223677489,85,4,18,,14098,111698,28,1900,3,4.0
Surf Coffee,55.7794475,37.5990547,Moscow,576,54000,190.7852027562218,85,37,202,,8840,70847,37,1900,11,3.5
Surf Coffee,55.8051354,37.5118346,Moscow,1328,71000,5490.0460468461415,85,16,55,,13158,122103,35,2000,10,3.7
Surf Coffee,55.7186477,37.635963,Moscow,583,62000,1375.0473497693729,85,1,37,,10237,129235,25,2000,4,3.7
Surf Coffee,55.7631991,37.5552103,Moscow,711,79000,2220.995941439412,85,13,71,,8981,100651,28,1950,2,4.1
Surf Coffee,55.7995274,37.3733726,Moscow,288,71000,13404.478811956427,85,1,1,,14640,85628,43,2400,2,4.7
Surf Coffee,55.6867346,37.8514286,Moscow,508,62000,14306.66401003063,85,2,9,,9464,128938,23,1800,0,3.8
Amore,55.7830426,37.5979829,Moscow,248,54000,514.94059029699,85,35,173,,6225,90657,24,1700,7,4.7
Долина,55.7482879,37.7037967,Moscow,1202,68000,3025.1172866327042,85,2,47,,11170,81985,27,2100,3,4.3
Avtor coffee,55.7421094,37.7076532,Moscow,1184,68000,3520.991212442454,85,1,16,,5382,122930,15,2000,13,4.4
Unknown,55.7402544,37.7056974,Moscow,740,68000,3518.1974936852957,85,1,12,,7993,101997,27,2100,4,4.3
J'pan,55.7446841,37.62726,Moscow,787,85000,1202.0064036430892,85,26,90,,6784,108730,22,3500,14,3.7
Unknown,55.7526998,37.8571669,Moscow,800,68000,12471.68998900643,85,15,53,,8019,72031,35,2300,4,4.5
Полевая кухня,55.728222,37.5063103,Moscow,204,79000,4071.555745926759,85,0,6,,14867,103826,15,2100,3,4.4
Партизанская Поляна,55.725284,37.4995843,Moscow,1082,79000,4593.836615844318,85,1,4,,11355,122282,25,3500,5,4.4
Norme,55.8047188,37.6816651,Moscow,1269,94000,3602.305666876578,85,1,4,,11360,119899,17,2400,9,4.0
Навруз,55.7971387,37.5930195,Moscow,400,54000,2093.621336256534,85,13,78,,10324,90480,14,2100,2,3.8
Бешбармак,55.7970301,37.5928773,Moscow,1237,54000,2084.4057241754967,85,13,78,,7576,75197,26,1800,6,3.6
Meat Crew,55.8069521,37.5832374,Moscow,1183,54000,3322.070450937951,85,25,71,,5680,97218,21,1700,2,3.7
Хинкал есть,55.7475114,37.6522117,Moscow,558,68000,1115.528463930211,85,10,92,,5833,127076,30,2000,0,4.7
Stars Coffee,55.7901836,37.5841936,Moscow,818,71000,1465.9994143794959,85,8,70,,14374,88100,16,1950,0,4.5
Кошка,55.6810391,37.5328001,Moscow,450,79000,7285.70533408761,85,1,16,,9241,108617,34,2400,4,3.9
Unknown,55.7566485,37.6761317,Moscow,783,68000,1135.1754318117726,85,6,48,,7066,90963,23,2400,13,3.7
Кофепорт,55.7678389,37.6013393,Moscow,1448,77000,429.70806615450107,85,8,146,,13567,86230,22,1900,5,3.6
У Асо,55.801893,37.496928,Moscow,1012,71000,6106.871214503855,85,2,37,,8978,66962,10,1800,1,4.6
Frank by Баста,55.7033345,37.5058088,Moscow,205,79000,5846.932810551197,85,5,25,,6080,117304,12,1950,4,4.6
Милано,55.6243312,37.420791,Moscow,1183,79000,16086.812230032685,85,5,5,,14578,111353,25,1950,9,4.6
Pho'Ngon,55.7621722,37.5547162,Moscow,374,79000,2120.653339579108,85,14,75,,11436,67212,31,1950,1,4.2
Dостоевский,55.7523012,37.6110659,Moscow,465,89000,606.886541142517,85,5,110,,10981,88062,33,1700,14,4.4
Bổ,55.6578801,37.7517377,Moscow,1192,62000,10854.083038577599,85,4,18,,13327,121295,46,2000,3,4.8
JôJô,55.6579869,37.7515246,Moscow,1385,62000,10836.333557266133,85,4,17,,8419,68791,29,2100,13,3.7
Фо Ши Мин,55.8238695,37.6351614,Moscow,274,54000,5402.60458552589,85,2,15,,14705,111445,48,1900,3,3.5
Кофе М,55.8095683,37.493821,Moscow,640,71000,6700.234631842134,85,4,33,,14818,121172,22,1700,0,4.5
Кофелина,55.8162247,37.4253473,Moscow,469,71000,10833.560345844664,85,6,14,,12035,63519,29,1700,9,4.3
Марфа,55.6558191,37.6578099,Moscow,961,62000,8460.85596412109,85,2,9,,7678,117469,46,1700,12,4.2
Трапезная,55.6555739,37.6573995,Moscow,244,62000,8483.882724572468,85,2,10,,11507,126413,15,2100,14,4.5
Met Tea,55.827368,37.442033,Moscow,400,71000,10492.361446719819,85,4,14,,11650,103039,46,1950,13,4.7
Pims,55.7539826,37.6364558,Moscow,1205,85000,244.0476174523016,85,23,156,,10447,68752,29,3500,1,4.8
Met Tea,55.7539487,37.6363003,Moscow,200,85000,237.3033209826348,85,23,157,,10719,103172,28,2100,13,4.1
Дербент,55.7779156,37.6281845,Moscow,591,54000,1641.8916514862938,85,11,96,,10040,123430,49,1800,11,4.5
Кулинарная лавка братьев Караваевых,55.8453556,37.3595667,Moscow,1069,71000,15950.64146944142,85,8,20,,12776,60700,18,1950,1,3.7
Столовая,55.7684563,37.8748972,Moscow,1390,68000,13628.885453544748,85,0,8,,7350,99175,44,1800,7,4.3
МОСкофе,55.8772146,37.6549777,Moscow,1388,94000,11254.55010854312,85,1,5,,14172,121955,26,2100,1,3.6
Tapioka Sweet,55.7540762,37.7097662,Moscow,237,68000,3255.3981906982167,85,8,49,,10840,116653,15,2300,13,4.3
Восток,55.7596073,37.7158436,Moscow,622,68000,3630.736401281406,85,2,29,,8471,118766,11,2300,4,4.5
Риверс,55.6849902,37.6660825,Moscow,1162,62000,5430.802462787344,85,1,24,,14347,111672,34,1800,7,4.3
Бадьян и Корица,55.6852765,37.6715091,Moscow,1004,62000,5524.785633394782,85,0,16,,9269,86421,24,1900,4,4.8
Прованс,55.8659745,37.3868394,Moscow,870,71000,15797.551022877136,85,1,9,,14828,120673,36,1950,3,3.8
Wawe,55.7996871,37.5321293,Moscow,918,71000,4108.59727764522,85,15,52,,5094,81665,32,2400,12,4.2
It’s СоТ,55.7827191,37.5802971,Moscow,878,71000,676.7794680797349,85,7,131,,13560,107281,44,2100,0,4.4
Cafe Brasserie,55.6791806,37.5596752,Moscow,1233,79000,7215.302687511614,85,0,30,,11453,85730,15,2300,0,4.0
Самарканд,55.8460378,37.3630536,Moscow,1171,71000,15796.058947369016,85,5,21,,8104,71914,38,2300,3,4.2
Unknown,55.7908884,37.7975468,Moscow,515,94000,9065.52175264506,85,0,23,,11475,109975,19,1950,4,4.2
Surf Coffee,55.807137,37.583589,Moscow,681,54000,3333.6615226570443,85,26,71,,9078,67718,32,1800,5,4.2
Surf Coffee,55.8411076,37.4934545,Moscow,348,71000,9100.874438453038,85,12,22,,8289,100495,19,2100,5,4.7
Surf Coffee,55.7431909,37.5629565,Moscow,1030,79000,156.37772470712744,85,14,38,,10170,117642,47,2300,7,3.6
Surf Coffee,55.7417629,37.6554406,Moscow,703,62000,1662.8295710191053,85,24,95,,10026,128171,27,1700,6,4.6
Surf Coffee,55.7014293,37.7648683,Moscow,603,62000,8657.754794258944,85,10,16,,7839,107113,27,1700,1,4.3
Tsomi,55.8232643,37.4970512,Moscow,900,71000,7483.085456965699,85,14,24,,10995,73271,25,2100,13,4.4
Tsomi,55.6939417,37.6734061,Moscow,1484,62000,4709.661571731406,85,5,17,,14117,114784,34,1700,7,4.3
Tsomi,55.7728528,37.6630639,Moscow,1110,94000,613.8541843111788,85,7,115,,12354,96076,26,2100,9,3.5
Tsomi,55.670229,37.513691,Moscow,550,79000,8810.310345728676,85,1,16,,5703,122438,41,2000,11,4.7
GemoPuri,55.7388324,37.6105678,Moscow,675,62000,1869.987070874152,85,12,93,,11723,123890,36,3500,0,3.6
Шашлык & точка,55.7900675,37.6567608,Moscow,817,94000,1568.1045420833136,85,2,15,,12111,112590,44,2300,11,4.0
Лу,55.712598,37.560043,Moscow,322,79000,3505.511338179062,85,3,11,,6615,118391,36,2300,5,4.8
Shuttle Coffee,55.7718393,37.6819414,Moscow,568,94000,1747.3482267517722,85,25,87,,10131,108358,20,2100,1,4.1
Flight Coffee,55.7669127,37.6251523,Moscow,764,77000,1216.8120147268191,85,11,189,,7327,109513,48,1950,7,4.4
Мама варит кофе,55.7588006,37.6423701,Moscow,746,85000,722.7236593996709,85,25,195,,12743,75517,48,1800,13,4.5
Рахат,55.7927381,37.6123756,Moscow,498,54000,1659.644333579628,85,10,36,,8691,78617,31,3500,2,4.6
Шурик,55.7445118,37.6800317,Moscow,1148,68000,1956.8348403255704,85,11,34,,6733,91407,11,2000,6,3.8
Здрасте,55.6901214,37.6547572,Moscow,466,62000,4679.627274292033,85,3,16,,9010,120846,40,2100,1,4.5
Синичка,55.7833458,37.6184877,Moscow,1327,54000,1138.6213646484728,85,1,46,,8211,75939,23,2000,13,4.3
Ноокен,55.8873181,37.4387482,Moscow,686,71000,15256.308011095089,85,0,15,,6994,121269,43,2100,7,3.7
Московское время,55.7461778,37.6006262,Moscow,1387,89000,1540.6770765699334,85,10,104,,10051,74394,20,1800,9,4.3
Rioba,55.8759612,37.4478195,Moscow,692,71000,13908.011565860512,85,1,4,,9589,91315,19,2100,8,4.1
Unknown,55.7391495,37.6296625,Moscow,1457,62000,1015.9641416733195,85,18,137,,7654,101537,19,2300,2,4.3
Мидийное место,55.811158,37.7997483,Moscow,416,94000,9856.797530980148,85,8,24,,12730,93552,43,1700,9,4.1
Мидийное место,55.8455206,37.661386,Moscow,1247,94000,7740.6293427127675,85,8,14,,11977,109052,47,1950,2,4.6
Чайхана,55.7409191,37.6524753,Moscow,571,62000,1468.0250917851965,85,21,101,,14819,100103,32,1900,0,4.0
Мангал Холл,55.7416696,37.6528528,Moscow,248,62000,1546.76429638703,85,24,102,,13499,90761,34,1950,13,4.1
Секрет вкуса,55.7511029,37.6639317,Moscow,1273,68000,753.4908342703549,85,5,78,,13539,69298,17,1700,14,4.1
Jules Zang,55.7513987,37.6636716,Moscow,614,68000,716.8517131914987,85,8,81,,11340,121055,21,1950,4,4.7
Гурманика,55.7505203,37.6653828,Moscow,1151,68000,855.8964832591321,85,6,83,,14533,120031,43,1950,13,4.1
Самарканд,55.6529033,37.5639924,Moscow,811,62000,9815.702013201284,85,1,15,,5125,128734,34,1950,8,3.7
Пицца всем,55.6550633,37.5833136,Moscow,1222,62000,9089.458001504376,85,1,11,,14491,100038,26,1900,5,4.8
Habbat,55.6537238,37.57787,Moscow,771,62000,9357.799613776404,85,2,11,,5338,120348,14,1950,11,4.2
#ВоблакеВкуса,55.747225,37.6752849,Moscow,480,68000,1533.4215042553085,85,9,47,,10271,66161,45,1700,13,4.3
Асал,55.7509472,37.7103548,Moscow,470,68000,3344.5051178606304,85,5,46,,13766,110926,43,2000,3,4.5
Шеф,55.7509262,37.7102757,Moscow,1076,68000,3340.129104167805,85,5,46,,12849,99667,42,1950,9,4.8
Штолле,55.7191772,37.6087593,Moscow,500,62000,2203.5700172308134,85,12,52,,6485,112195,33,2000,7,4.3
Виктория,55.816673,37.374136,Moscow,1279,71000,13839.639810965959,85,2,37,,5033,123810,15,2400,11,3.6
Тана,55.7928618,37.7918663,Moscow,940,94000,8760.662970492196,85,4,22,,6998,113534,25,2100,8,4.0
Öz kebab,55.761013,37.6502668,Moscow,566,68000,658.193109179845,85,26,175,,11853,61828,29,2100,8,3.7
Дети лапши,55.7222886,37.6517887,Moscow,857,62000,1340.101078841651,85,11,41,,13472,67129,38,3500,2,3.9
Корн-дог кафе,55.6856547,37.5812636,Moscow,328,62000,6133.179201628869,85,3,24,,6133,126485,32,1900,9,3.6
Magicup,55.7833681,37.7081873,Moscow,739,94000,3425.4071690991623,85,17,58,,14471,127153,15,2400,1,4.0
Moonlight,55.7504797,37.7185368,Moscow,690,68000,3856.852520701853,85,10,37,,7613,61533,45,1950,7,4.0
Чайхана Караван,55.6788775,37.7624997,Moscow,879,62000,9768.167608211412,85,3,13,,10839,112286,18,2400,3,3.9
Bo 34,55.7270542,37.7504449,Moscow,258,68000,6676.156468502911,85,10,19,,13097,64253,37,1700,10,4.6
SeDelice,55.7266937,37.7486561,Moscow,1226,68000,6599.7472477210895,85,12,22,,11291,107794,18,2400,9,3.8
Locals,55.7260252,37.7497608,Moscow,236,68000,6697.260213370227,85,12,18,,9977,63047,23,2000,2,4.6
Кофейня на Остоженке,55.7418432,37.5989498,Moscow,874,89000,1994.7431140911854,85,5,84,,5679,125711,29,2100,12,4.4
DNA,55.7567525,37.6750758,Moscow,364,68000,1068.7875514525126,85,6,49,,6530,78297,14,2400,6,4.4
Лицей,55.7602281,37.6514063,Moscow,937,68000,546.8464664076233,85,26,169,,12863,73299,30,2100,10,4.0
Антистресс,55.6916854,37.622399,Moscow,968,62000,4466.243811393466,85,2,25,,11737,101629,40,2100,0,4.3
Surf coffee,55.6964247,37.6252314,Moscow,1047,62000,3914.634356994638,85,5,32,,13889,120695,41,1800,5,3.6
Unknown,55.6345806,37.5194916,Moscow,1064,79000,12496.765751466646,85,2,11,,11128,128533,22,2300,8,3.6
I love cake,55.7790957,37.5813729,Moscow,358,71000,285.12145147615394,85,15,142,,6812,60455,22,1800,9,4.4
Поколение кофе,55.7424448,37.5309967,Moscow,289,79000,2135.345846414564,85,10,75,,8681,89677,11,2300,2,4.5
Кофемания Bez Tarelok,55.7615589,37.6326537,Moscow,816,85000,729.6381884537101,85,33,212,,14926,83508,20,2300,3,4.3
Un Caffè,55.8528288,37.6212015,Moscow,612,54000,8296.573718466716,85,7,20,,8530,67051,10,1700,3,3.7
Space,55.7426273,37.531484,Moscow,515,79000,2103.371615559075,85,10,75,,9284,83633,28,1950,1,4.5
Практика кофе,55.7240642,37.5787032,Moscow,956,79000,2376.980532333603,85,6,45,,5624,121146,20,1800,11,4.1
Бу-бу,55.8210538,37.5213709,Moscow,1352,71000,6270.481106588748,85,2,9,,10406,107373,37,1800,2,3.7
Uglewood,55.7478883,37.6771161,Moscow,355,68000,1567.6386947765543,85,9,49,,11743,98844,18,2000,0,3.7
Nice Price,55.7800346,37.633596,Moscow,547,94000,1411.7043648845297,85,14,54,,9830,93109,20,1900,3,4.0
Ложе4ка,55.7508344,37.6433832,Moscow,1058,85000,797.9437671354375,85,5,117,,9865,102515,39,1900,14,4.6
S-cafe,55.7356158,37.6348429,Moscow,836,62000,530.724094212566,85,7,141,,10353,63742,26,1800,0,4.5
Окофе,55.8156998,37.492847,Moscow,1134,71000,7140.109155890066,85,1,40,,5476,78814,30,1900,6,4.7
Привет,55.735687,37.5883558,Moscow,1145,79000,1729.717904413821,85,20,58,,11541,101811,40,2300,10,3.9
Привет,55.7314675,37.6276106,Moscow,1046,62000,590.1750273201629,85,12,115,,6552,114934,15,1900,13,4.0
Кулинарная лавка братьев Караваевых,55.7295441,37.6363586,Moscow,561,62000,166.79555551416087,85,21,125,,5792,116386,28,1950,13,3.8
Бодрый день,55.7815791,37.5822511,Moscow,536,71000,520.7856645195508,85,12,154,,11048,94962,43,1700,8,3.8
Mates bistro,55.7620851,37.5572632,Moscow,1265,79000,2068.4285615707217,85,12,74,,11765,106098,29,2400,12,4.5
Unknown,55.7601707,37.8592405,Moscow,1478,68000,12596.001356241335,85,2,30,,7101,112954,25,2000,10,4.2
Структура кофе,55.6802985,37.5647825,Moscow,960,79000,7083.29672295923,85,8,32,,7749,115664,46,1700,10,4.2
Семейная пекарня,55.680101,37.5645801,Moscow,346,79000,7105.293304431452,85,8,30,,11268,123397,26,1700,8,3.6
Regar,55.5582221,37.5021978,Moscow,285,62000,20991.747836147748,85,3,20,,10145,126982,49,1700,8,4.5
Dobro,55.5573504,37.510729,Moscow,1052,62000,20871.480602691638,85,8,19,,9749,86684,22,1800,1,4.1
Jinju,55.7633167,37.6144417,Moscow,304,72000,533.5431547242841,85,5,160,,11305,79881,45,2400,13,4.4
Meteorite,55.7622596,37.6354746,Moscow,386,85000,821.9448565739174,85,34,227,,10834,99929,33,1700,5,3.9
Klubique,55.7727204,37.6102803,Moscow,650,54000,869.3281191148589,85,11,144,,12033,69004,31,1700,4,4.3
Цензура ИН1:1,55.7697051,37.5951856,Moscow,1418,77000,855.1840560340315,85,13,151,,14909,125142,45,3500,5,4.6
Surf Coffee,55.7321779,37.611762,Moscow,1030,62000,1585.584796995481,85,6,85,,12007,73492,46,2000,1,4.7
Много кофе,55.7546335,37.6443985,Moscow,1286,85000,714.4053639548239,85,14,153,,8728,62290,10,1950,8,4.0
Цех85,55.7521396,37.7058098,Moscow,268,68000,3040.062569645275,85,6,49,,9217,111220,39,1950,13,4.6
Здрасте,55.86051,37.5439252,Moscow,1350,71000,9617.444164302342,85,4,15,,13777,126107,40,1950,7,3.8
Ti Oi,55.6975762,37.634711,Moscow,326,62000,3719.321635148271,85,11,37,,7917,63640,23,1700,7,3.6
Honey Coffee,55.7465299,37.599138,Moscow,723,89000,1571.256551366421,85,10,109,,14361,84518,10,1900,10,3.9
Улей,55.7756132,37.5869992,Moscow,527,71000,242.81765670757937,85,29,194,,9473,100166,11,3500,1,3.6
Шахрисабз,55.6826354,37.5979695,Moscow,1438,62000,5907.719085217864,85,1,11,,8743,62175,22,2400,13,4.1
Rимляне,55.7652732,37.6205054,Moscow,1321,77000,907.9193157589414,85,12,202,,14538,71148,46,2400,2,4.4
Stars Coffee,55.8049525,37.5126095,Moscow,1076,71000,5438.668268834892,85,16,59,,9541,96414,30,3500,11,3.6
Фо Оань,55.7571867,37.6321945,Moscow,702,85000,248.31869365123714,85,18,189,,10011,92590,42,2000,9,4.1
Kurnik,55.7551528,37.6220302,Moscow,1108,89000,429.6013746824096,85,11,133,,12093,76583,46,2000,3,4.4
Халяль,55.5904282,37.427262,Moscow,372,79000,19136.863425175703,85,1,2,,11188,93178,28,1800,5,4.5
Kulek,55.7585057,37.6395155,Moscow,297,85000,564.0536256396855,85,29,201,,7911,97975,18,2000,0,4.3
Nova,55.7597432,37.6476467,Moscow,1303,68000,716.0055516103644,85,29,216,,13211,99570,28,2000,4,3.6
Patisserie Francois Bodrero,55.7610645,37.6233794,Moscow,575,89000,646.0887778376704,85,24,180,,9616,110368,23,2400,10,4.5
Плов Бухара,55.6778262,37.755846,Moscow,361,62000,9508.17072377423,85,0,14,,9809,101679,37,1700,2,3.9
Dona,55.6414986,37.5240841,Moscow,873,79000,11682.54272733042,85,4,23,,13698,128263,47,1950,3,4.7
Чайханчик,55.8870435,37.4151716,Moscow,963,71000,16151.965716116289,85,0,10,,12359,90518,44,2100,0,3.8
Блик,55.7080835,37.6069612,Moscow,662,62000,3167.4449142500544,85,0,60,,5829,85995,38,1700,2,4.5
J'pan,55.7612463,37.6148674,Moscow,887,89000,477.45493769195934,85,15,148,,13919,87652,45,2000,13,3.7
Soul Burger,55.7529585,37.5888949,Moscow,239,72000,1628.73194922349,85,7,101,,10765,120862,46,1700,2,4.8
Мечтатели,55.7835968,37.7098761,Moscow,574,94000,3534.021088568469,85,11,60,,9390,93976,42,2400,8,4.2
Галерея,55.7932636,37.5656421,Moscow,848,71000,2141.941496517533,85,4,41,,12331,87686,22,1800,1,4.2
Гюго,55.7454796,37.6285292,Moscow,231,85000,1094.9688093654327,85,24,86,,9748,112024,34,1950,0,3.9
Подъезд,55.7724496,37.6063361,Moscow,1373,54000,777.2146297773553,85,14,166,,11043,82972,37,2000,8,4.1
Pizzamento,55.687692,37.701758,Moscow,473,62000,6296.688342608259,85,1,5,,8634,81699,17,2400,11,4.5
Korean cuisine,55.6935702,37.5339545,Moscow,1391,79000,5935.08439336189,85,11,27,,7014,75677,33,2300,6,4.2
Панда,55.6936133,37.5340137,Moscow,538,79000,5929.341633631432,85,11,27,,14897,93038,49,3500,5,4.0
Плов № 1,55.5944301,37.6160791,Moscow,965,62000,15242.465727509412,85,0,9,,10679,73191,48,3500,13,3.7
93 градуса,55.8989504,37.3865811,Moscow,271,71000,18325.677016956743,85,1,7,,6332,105603,31,2100,9,4.4
Мокко,55.7731108,37.6148303,Moscow,841,54000,1035.697292749126,85,8,127,,5185,72679,47,1900,14,3.8
Gagawa,55.9094335,37.540881,Moscow,1353,71000,14969.964904550297,85,3,3,,9465,62493,42,2400,14,4.4
Плов центр,55.8596188,37.5574162,Moscow,1349,71000,9335.692261797993,85,1,13,,6051,92456,15,3500,9,3.7
Тюбик,55.8432283,37.4542604,Moscow,1202,71000,10952.219330382673,85,1,11,,7917,126908,15,1900,0,4.0
Unknown,55.6922842,37.5630517,Moscow,609,79000,5751.829137774991,85,1,25,,14622,64095,17,2100,2,3.9
Unknown,55.7845897,37.6002721,Moscow,668,54000,630.8673736656023,85,25,167,,7511,109020,32,2000,4,3.6
Subrosa,55.7767507,37.6075973,Moscow,1404,54000,430.2087871964943,85,11,166,,8355,90744,20,2400,6,4.7
Ngon,55.7770248,37.607146,Moscow,1041,54000,389.61585076734383,85,11,187,,12618,125305,13,1900,2,3.8
bodro coffee,55.7771821,37.6070414,Moscow,1111,54000,374.50709895150754,85,12,187,,10205,117283,25,2000,0,3.6
The Gallery,55.7263422,37.7529106,Moscow,763,68000,6849.466327137565,85,10,20,,6649,90238,33,1900,2,3.7
Unknown,55.7903392,37.678242,Moscow,1033,94000,2157.3729452730895,85,10,19,,12344,115563,30,1900,8,4.7
Мякоть,55.7603404,37.6621755,Moscow,361,68000,454.10951434829593,85,15,106,,5907,61119,13,1800,3,4.2
Dizengof//99,55.7278834,37.6234605,Moscow,1178,62000,915.8594047779467,85,21,103,,9716,119074,26,1950,6,3.9
Booblik,55.8029106,37.5558065,Moscow,515,71000,3377.5067499441507,85,1,17,,14024,90264,18,2100,2,4.2
Pho City,55.7390642,37.6285037,Moscow,923,62000,1042.5916026901696,85,21,140,,11036,87958,48,2400,13,4.4
Маленькая Грузия,55.7995957,37.4833127,Moscow,1117,71000,6777.82598104136,85,5,21,,7254,105521,22,1900,8,3.9
Ikigai Market,55.7996355,37.4835403,Moscow,665,71000,6766.2543996686,85,5,21,,14485,88628,18,3500,5,4.8
За Обе Щёки,55.6841223,37.6215272,Moscow,1345,62000,5301.929831929456,85,5,15,,9953,67332,18,3500,2,4.7
Чихо,55.7906662,37.5312788,Moscow,410,71000,3629.8817324737515,85,8,30,,11283,117677,30,1950,14,4.2
Чихо,55.7668071,37.6240915,Moscow,1469,77000,1149.4238287952933,85,11,191,,5442,60706,44,1900,12,3.7
Чихо,55.7470882,37.5389528,Moscow,889,79000,1666.0206050410186,85,39,72,,11053,68920,11,1900,14,4.2
Чихо,55.7713162,37.6201179,Moscow,1114,77000,1128.3329703890108,85,26,132,,5039,77334,45,2100,1,4.8
Com 1989,55.8041294,37.5823335,Moscow,837,71000,3018.450132141668,85,19,78,,8654,122650,21,1950,13,4.7
Скалка,55.7992781,37.5189623,Moscow,483,71000,4761.31622066228,85,5,64,,13735,128025,34,1950,10,4.2
Бейджанс,55.7812662,37.5733126,Moscow,738,71000,819.5731121995325,85,4,68,,13334,122402,30,2000,1,4.3
Unknown,55.9098388,37.3973219,Moscow,800,71000,18815.14740270965,85,12,15,,6136,64663,47,1700,3,4.5
Кранчи Дрим,55.9100863,37.3965185,Moscow,504,71000,18867.811176884294,85,12,15,,7931,112314,20,2100,1,4.0
Pims,55.9108124,37.3960134,Moscow,1202,71000,18950.647488610597,85,12,15,,12033,93269,27,2100,7,4.6
Udcкафе,55.9105974,37.3962167,Moscow,601,71000,18924.03739619033,85,12,15,,13283,85792,39,1950,3,4.4
Stars Coffee,55.7801918,37.5915,Moscow,1314,71000,588.1636154583172,85,61,217,,9167,100116,37,2000,5,4.2
Люля&Co,55.7804596,37.593344,Moscow,213,54000,565.0971433363698,85,58,227,,7229,66782,23,1700,11,3.7
Фришная,55.7804173,37.5932774,Moscow,207,54000,567.7644175105505,85,58,227,,7262,63528,10,2100,13,4.7
1-я Креветочная,55.7803751,37.5932108,Moscow,459,54000,570.4913952859432,85,58,227,,8524,122408,12,1800,4,3.7
Fluffy Fluffy,55.7804927,37.5928679,Moscow,995,54000,594.6930068722945,85,57,221,,12866,119323,28,1800,12,3.5
Буфет № 1,55.7806692,37.5928827,Moscow,1168,54000,599.5851472660389,85,57,218,,8718,72097,40,2400,14,4.5
Крутые Желтки,55.7806338,37.5928344,Moscow,1039,54000,601.2570733289288,85,57,218,,9658,86509,28,1900,0,4.3
Bunson’s burger kitchen,55.7805659,37.5927365,Moscow,1341,54000,604.879798313137,85,57,219,,10017,119590,36,2300,1,4.2
Индокитай,55.7804226,37.5925648,Moscow,682,54000,610.8522239980898,85,57,221,,7326,95763,44,1700,13,3.6
Mama Roasta,55.7803849,37.5925062,Moscow,346,54000,613.3267514276786,85,58,221,,5307,123543,13,1950,5,4.6
Bunson’s hot dogs,55.7803472,37.5924475,Moscow,1055,54000,615.8477496748587,85,58,222,,6626,108653,38,1950,9,4.5
Kung Fu Tea,55.7803095,37.5923888,Moscow,465,54000,618.4086843189364,85,59,222,,11408,91936,40,2000,1,4.0
Hanami,55.779958,37.5929739,Moscow,740,54000,574.4000630908823,85,59,229,,13815,112521,11,2400,1,4.4
Cinnabon,55.7799686,37.593053,Moscow,312,54000,569.7617428330306,85,59,229,,13601,80896,14,2300,1,3.8
GT Coffee,55.779903,37.5926701,Moscow,1310,54000,592.0112405222832,85,60,229,,8130,69407,45,2000,9,3.6
Sabbia,55.7798641,37.5927667,Moscow,1273,54000,585.3336065766124,85,60,230,,6000,100584,30,1800,3,3.9
Bon Bon Berry,55.7798238,37.5928786,Moscow,402,54000,577.704957976216,85,60,230,,8167,105830,42,2000,4,4.0
Bageatteria,55.7797272,37.5928733,Moscow,1000,54000,576.4282482162889,85,60,230,,14179,106447,46,1700,3,4.7
Yolo,55.7801006,37.5925192,Moscow,719,54000,605.3682511718657,85,60,226,,13596,129565,26,1800,3,3.9
Selfish,55.7800621,37.5924683,Moscow,664,54000,607.6395800966408,85,59,226,,11800,99252,41,2000,6,4.6
Мадина,55.5550436,37.5053326,Moscow,1300,62000,21238.52886613998,85,11,19,,10112,75610,36,2300,4,3.8
Мерза Марзо,55.5553641,37.5048152,Moscow,484,62000,21218.361277878845,85,11,19,,5552,110449,43,1950,5,3.7
Hörn17,55.5563887,37.5089627,Moscow,282,62000,21012.617439797592,85,13,19,,6937,83526,25,2400,10,3.7
Б. 28,55.7326465,37.6368109,Moscow,1010,62000,183.4648691088891,85,22,133,,11145,119517,35,1950,5,4.1
Ботаника,55.5555349,37.5063862,Moscow,282,62000,21162.49848421972,85,12,19,,6422,97720,40,2000,7,3.8
To Go,55.5572912,37.5097278,Moscow,835,62000,20901.49779796987,85,9,19,,12238,69307,18,2000,11,3.7
Здрасте,55.5572002,37.509031,Moscow,1212,62000,20927.59125820222,85,9,19,,14265,97069,36,2400,3,4.1
Хлеб с маслом,55.9111403,37.3962458,Moscow,905,71000,18970.28960798964,85,12,15,,9636,93265,18,1800,10,4.8
Donutto,55.9119079,37.3944471,Moscow,1414,71000,19106.744741186096,85,12,15,,8147,73886,48,1950,12,4.5
Coffee Combo,55.9119129,37.3964711,Moscow,1367,71000,19029.182741355347,85,12,15,,14632,72026,21,1700,4,3.7
Чак-Чак,55.8998974,37.4079569,Moscow,364,71000,17537.695035453824,85,4,10,,8697,107309,37,1950,10,4.3
Pizza Express 24,55.5540667,37.5128981,Moscow,830,62000,21159.37664805762,85,1,19,,10830,65804,48,2100,3,4.2
Здрасьте,55.8159232,37.4251393,Moscow,588,71000,10832.058978441111,85,6,13,,5814,93892,30,1900,4,3.9
Grannar,55.5561532,37.5093568,Moscow,383,62000,21027.39278726653,85,12,19,,5308,66090,20,2100,2,3.9
Правда кофе,55.640148,37.5329541,Moscow,1455,79000,11721.172215947254,85,4,16,,5479,127014,27,1700,0,4.4
Gastrobar,55.640174,37.5328296,Moscow,216,79000,11719.663686998994,85,4,16,,6326,64853,38,2000,0,3.7
Мидийное место,55.823757,37.4973411,Moscow,1137,71000,7507.74745016789,85,14,24,,6606,67801,26,2000,13,4.3
Космос Китчен,55.7514741,37.7090244,Moscow,493,68000,3251.4013944954213,85,9,47,,8564,67513,31,1950,1,4.4
Золотая Цапля,55.7744618,37.616531,Moscow,410,54000,1039.450985795466,85,7,119,,7467,120507,11,2100,1,3.6
Буханка,55.6611265,37.4870707,Moscow,1359,79000,10428.818757068892,85,0,7,,12366,90729,17,2000,14,4.4
1715,55.7373977,37.8115599,Moscow,555,68000,9854.702289602577,85,0,3,,11794,117860,19,2400,7,3.9
Фудсайд,55.7934411,37.8018835,Moscow,918,94000,9386.47243820954,85,4,23,,10505,67734,33,1700,5,4.2
Prime,55.709693,37.6245327,Moscow,727,62000,2494.5773154230046,85,30,61,,10267,121192,44,1900,8,4.0
Com 1989,55.7095986,37.6245542,Moscow,782,62000,2504.1296653548607,85,30,62,,12700,65060,36,2300,1,4.7
Cafe la Gare,55.7547128,37.6096371,Moscow,1141,89000,472.4346029002595,85,12,121,,7569,107565,30,2400,9,4.2
Брусника,55.7510478,37.582595,Moscow,1357,79000,1351.5764223383294,85,8,63,,11716,125318,18,1900,10,4.4
Com 1989,55.7075517,37.5980835,Moscow,727,62000,3569.1554043051874,85,3,28,,10811,87174,18,2000,4,3.5
SeDelice,55.8687106,37.3956263,Moscow,349,71000,15570.700802251937,85,2,15,,5166,128186,19,2400,7,4.1
Вместе,55.8002726,37.5970459,Moscow,424,54000,2385.5956910141144,85,7,69,,14733,61641,24,2000,4,4.2
Кулинарная лавка братьев Караваевых,55.8397191,37.4896173,Moscow,349,71000,9133.48220456295,85,11,23,,14062,60506,46,2100,8,4.4
Дринкит,55.8063576,37.5851351,Moscow,834,54000,3219.5349909912165,85,31,70,,5504,91932,31,2100,9,4.3
Amov,55.7634858,37.6601652,Moscow,1064,68000,733.8003504006413,85,10,111,,8541,79508,41,1900,8,3.7
Rébellion Clubhouse,55.7282715,37.5811543,Moscow,1181,79000,2020.2739123154718,85,8,55,,12821,83336,49,2000,0,4.4
Unknown,55.7528551,37.7077226,Moscow,499,68000,3145.251346341243,85,10,48,,12534,125276,32,3500,12,4.1
Coffeta,55.7994008,37.5264316,Moscow,564,71000,4377.022809249385,85,3,62,,5009,88907,34,2300,9,3.5
Кулинарная лавка братьев Караваевых,55.700861,37.7642262,Moscow,724,62000,8644.917566510283,85,9,17,,9245,110181,34,1700,5,4.5
Дринкит,55.7253646,37.7479812,Moscow,770,68000,6640.6326747177645,85,10,21,,13200,111362,44,1700,14,4.6
Pims,55.7621805,37.6082437,Moscow,389,72000,246.2430849352267,85,11,151,,14955,91384,22,2300,5,4.5
Кулинарная лавка братьев Караваевых,55.6781009,37.6649563,Moscow,1280,62000,6137.364290023774,85,6,20,,5625,110003,19,1900,12,4.3
Даблби,55.7567911,37.6032011,Moscow,1463,89000,801.1638618259485,85,14,137,,10158,67112,18,1900,12,4.2
Рынок и общепит Шук,55.6926227,37.5339103,Moscow,901,79000,6035.625965725118,85,11,28,,6005,84282,16,2300,9,4.6
Оджахури,55.7352052,37.612835,Moscow,1304,62000,1583.5378789459464,85,7,96,,13044,122086,17,1800,12,4.2
Gagawa,55.7279559,37.4769349,Moscow,433,79000,5794.649799529564,85,1,7,,10426,87761,42,1900,0,4.5
Gagawa,55.7300692,37.7316043,Moscow,587,68000,5494.71242308374,85,6,11,,5111,122427,40,1800,7,3.8
Cofix,55.7936196,37.8062629,Moscow,1131,94000,9658.538587284138,85,4,22,,6701,121804,36,3500,4,3.9
Cofix,55.7593926,37.4087466,Moscow,658,79000,9926.74412409231,85,4,7,,13138,68211,34,1800,8,3.9
Cofix,55.7018225,37.7640594,Moscow,412,62000,8594.269416943,85,10,16,,8048,99602,25,1900,3,4.8
Cofix,55.8999384,37.4205762,Moscow,511,71000,17058.55198673062,85,2,8,,13654,116018,28,1700,9,4.1
Pho Bo,55.8725258,37.403824,Moscow,965,71000,15475.090957960105,85,3,12,,14522,125237,36,2300,11,4.6
Coffeepie,55.7646275,37.7041711,Moscow,1159,68000,3010.5734224292555,85,0,15,,14449,90564,19,1950,9,3.8
NGS,55.7321461,37.7313825,Moscow,317,68000,5360.33739970492,85,5,10,,9756,74456,44,2400,2,4.2
Лепим и варим,55.7059203,37.656683,Moscow,239,62000,3049.0634445098895,85,8,38,,10139,77124,25,2100,13,4.7
Лепим и варим,55.7096832,37.4421169,Moscow,680,79000,8588.911599757603,85,2,7,,13818,77118,34,3500,5,4.3
Лепим и варим,55.7445065,37.5651954,Moscow,994,79000,57.632843463154664,85,18,36,,6985,96760,29,1800,6,4.6
Лепим и варим,55.7907386,37.5315712,Moscow,803,71000,3616.676602415813,85,8,31,,11098,123688,38,2100,7,4.4
Лепим и варим,55.7710178,37.6202134,Moscow,836,77000,1112.7539660545422,85,27,130,,13025,61324,44,2400,10,4.4
Лепим и варим,55.8631765,37.6012306,Moscow,1339,54000,9360.123137226654,85,6,10,,7971,84696,43,2000,0,4.3
Лепим и варим,55.8447216,37.6598106,Moscow,830,94000,7647.402927410087,85,6,14,,10343,120355,24,1900,13,4.6
Лепим и варим,55.7120163,37.6203605,Moscow,1041,62000,2354.100139082601,85,10,70,,7304,69047,22,2300,3,4.7
Лепим и варим,55.8235897,37.4973357,Moscow,1024,71000,7495.129199935091,85,14,24,,12564,107911,35,2000,14,4.0
Лепим и варим,55.709055,37.6522108,Moscow,968,62000,2619.5350355578666,85,16,44,,11089,90169,29,2000,11,4.8
Капибар,55.7528819,37.5822303,Moscow,957,79000,1462.2587165220261,85,3,66,,7630,89240,13,2100,3,4.4
Наби,55.7428088,37.5529674,Moscow,921,79000,764.6989021240778,85,3,42,,13273,117951,34,1800,10,4.8
Hiroo,55.7433387,37.5559124,Moscow,1385,79000,573.5372371648864,85,3,38,,6265,110244,14,1800,0,4.4
Bodro Coffee,55.6842496,37.6212594,Moscow,777,62000,5291.114857186243,85,5,14,,13831,65203,11,1800,5,3.7
One and Double,55.7515146,37.8553787,Moscow,300,68000,12365.866659215893,85,11,52,,10797,70290,48,1700,7,4.6
Привал у Пандочки,55.7093681,37.6239453,Moscow,916,62000,2540.515000544829,85,29,62,,9694,76828,46,2300,4,4.1
Doshik,55.8001704,37.5342624,Moscow,1115,71000,4038.230890632174,85,14,45,,7441,120398,20,1700,6,4.0
Кулинарная лавка братьев Караваевых,55.7104996,37.6570478,Moscow,901,62000,2602.444593911746,85,16,39,,8383,68981,34,1700,12,3.8
Жара,55.7663981,37.5263763,Moscow,368,79000,3470.408651979088,85,0,9,,10722,65052,18,1900,6,4.0
Prime,55.7590766,37.6249793,Moscow,1304,89000,607.419105580286,85,20,185,,7641,74288,14,1800,3,4.7
Читай кофе,55.7489631,37.8792946,Moscow,1467,68000,13876.590747030992,85,4,28,,10314,113482,27,2100,12,3.9
Арена бистро,55.7131394,37.5510869,Moscow,855,79000,3540.3992353296017,85,2,15,,13243,63031,44,2100,13,4.7
Четыре комнаты,55.8757886,37.4846623,Moscow,837,71000,12615.907067527132,85,0,9,,5963,69381,28,2100,3,4.3
Дринкит,55.806016,37.5278256,Moscow,276,71000,4768.855205205054,85,6,64,,8114,66005,18,3500,7,4.6
Skuratov Coffee,55.8059828,37.5277063,Moscow,999,71000,4771.856915157385,85,6,65,,6592,78143,43,3500,13,4.6
Frank by Баста,55.6990117,37.6390906,Moscow,745,62000,3559.346316409672,85,9,30,,7876,116277,34,2100,7,3.7
Варим кофе,55.7425966,37.4225258,Moscow,1432,79000,8919.080740868201,85,1,14,,7785,122895,23,3500,10,4.2
Дринкит,55.7208386,37.6093917,Moscow,385,62000,2065.307124313559,85,16,52,,8607,87637,49,1900,6,3.8
Реновация,55.7930255,37.8208229,Moscow,495,94000,10539.606288673924,85,1,10,,13485,109846,11,1900,13,3.8
Дринкит,55.7916085,37.7055964,Moscow,1118,94000,3608.437792337296,85,3,41,,13182,120400,39,3500,2,4.0
Хинкали,55.5391963,37.5446869,Moscow,1258,62000,22100.6172906487,85,0,4,,10317,60084,46,1800,14,3.6
Суши Wok,55.533233,37.5271355,Moscow,990,62000,23046.63744784705,85,1,1,,13133,102681,33,1700,1,4.5
Unknown,55.7911938,37.770044,Moscow,948,94000,7389.10835008601,85,0,6,,14786,108247,11,1900,4,4.3
Фру фру,55.6734223,37.7466985,Moscow,1404,62000,9393.317003398352,85,2,11,,14932,112225,26,2300,6,4.5
Хинкали-Гали,55.8755907,37.5326979,Moscow,745,71000,11421.467370019272,85,1,12,,9025,93967,19,1700,12,4.7
Kitchen,55.8266933,37.5935336,Moscow,1347,54000,5329.583317306635,85,1,5,,12499,96029,41,1800,12,3.9
Kokoro,55.7575696,37.6354788,Moscow,925,85000,325.1090880386965,85,22,211,,8463,78575,49,2400,8,3.9
Сели-Поели,55.5563576,37.5053435,Moscow,1087,62000,21103.683242875763,85,14,19,,13251,78921,35,1950,12,4.8
Бэсти,55.5546585,37.5030654,Moscow,1037,62000,21333.648010169432,85,7,19,,11196,122714,34,1950,4,4.0
Crosby Coffee,55.7984557,37.6116836,Moscow,346,54000,2246.4885836578574,85,3,28,,7650,112355,20,1700,9,4.7
Crosby Coffee,55.883126,37.653891,Moscow,1292,94000,11912.069065705371,85,0,11,,6836,69299,26,2100,13,4.6
Чихо,55.7514871,37.5348945,Moscow,1138,79000,2059.87773795401,85,14,58,,9849,82215,29,2300,9,4.3
Мао Тим,55.7624159,37.7849704,Moscow,1237,68000,7966.756740741099,85,1,10,,13050,81215,19,3500,4,3.6
YesNoMilk,55.7407908,37.6583648,Moscow,1465,62000,1724.5829767398784,85,18,97,,6282,126289,26,2000,2,4.6
Шоколадница,55.801933,37.5942197,Moscow,1270,54000,2596.0063300050465,85,6,82,,11939,127292,40,1700,14,3.5
Milk&Beans,55.7308407,37.5764139,Moscow,943,79000,1628.3850132451992,85,4,64,,13006,66627,44,1700,3,4.8
Москвичи,55.7381839,37.8291088,Moscow,287,68000,10911.301482706038,85,1,3,,12488,114860,34,1700,7,4.3
Daily Coffee,55.867165,37.4831662,Moscow,370,71000,11840.22951297672,85,3,15,,8869,94373,17,3500,14,3.7
Unknown,55.6829014,37.7383504,Moscow,791,62000,8301.93221207025,85,1,9,,13974,95334,38,2400,13,4.8
Пита пита,55.7123707,37.6201877,Moscow,807,62000,2323.7108661923107,85,9,71,,11362,123072,30,2100,10,4.3
Папа Джонс,55.6553545,37.6029536,Moscow,1042,62000,8677.817397687026,85,0,8,,5658,124623,41,2000,2,3.7
Мачете,55.782943,37.5990289,Moscow,1456,54000,476.1804421719609,85,39,171,,11077,108038,34,2100,6,4.2
SeDelice,55.6619818,37.4555415,Moscow,465,79000,11410.980629245274,85,0,1,,13454,92446,26,1700,8,4.4
Noba,55.5630119,37.5023704,Moscow,692,62000,20500.746776131895,85,0,21,,7654,82458,13,1900,2,4.3
Шалость Удалась,55.7818941,37.6009648,Moscow,1285,54000,328.25537281350336,85,43,176,,6919,112607,47,2100,3,4.5
Habit,55.7634669,37.7984375,Moscow,1248,68000,8815.795596235115,85,2,6,,8993,82640,26,2000,14,4.1
Пышки КультуRa,55.8186726,37.4841562,Moscow,1349,71000,7772.890511508165,85,0,26,,13241,81544,19,1800,4,3.9
Coffee Way,55.868014,37.4827235,Moscow,680,71000,11934.872084539991,85,3,15,,10696,123939,36,2100,13,3.7
Lafferia,55.7714965,37.6863228,Moscow,1069,94000,2022.0107710262466,85,11,75,,12026,74058,41,1900,11,4.2
Старик Хинкалыч,55.7913749,37.5587207,Moscow,1153,71000,2247.952042602421,85,5,37,,13186,125546,47,2400,2,4.4
Stars Selected,55.7602586,37.6140225,Moscow,1163,89000,382.8817144647969,85,19,154,,12546,119172,27,2400,13,4.2
Rebellion,55.7096688,37.6546727,Moscow,1345,62000,2617.451838913722,85,21,39,,6693,88063,17,1700,10,3.7
J'pan,55.7735656,37.5867927,Moscow,1386,71000,419.93254227310763,85,24,191,,8850,63433,48,2300,1,4.8
Cortado,55.8057529,37.5022629,Moscow,663,71000,6027.57422675117,85,4,44,,8807,100874,28,3500,13,4.6
Crazy Cook,55.760949,37.6506655,Moscow,1435,68000,635.138764058682,85,25,174,,8832,104149,39,1900,7,3.6
Шанхайка,55.7987271,37.593918,Moscow,890,54000,2250.995465898424,85,15,80,,9597,62992,20,1900,10,4.2
Шоколадница,55.7519494,37.7006047,Moscow,541,68000,2724.451815718478,85,4,41,,14277,119600,46,1800,10,3.7
Булочка,55.7742801,37.5327855,Moscow,1299,71000,3217.1976530257684,85,0,12,,12652,66227,29,1900,3,4.6
One special,55.7608484,37.6663664,Moscow,618,68000,676.1111930895951,85,11,93,,5179,75986,44,2300,10,4.3
Правда кофе,55.7605954,37.6623744,Moscow,992,68000,484.499735214989,85,14,104,,7020,124476,14,1700,11,3.7
CoffeeNat,55.760761,37.6641511,Moscow,1281,68000,568.3377602915884,85,11,96,,6231,119780,10,2400,8,4.6
Surf Coffee,55.7121893,37.6060764,Moscow,474,62000,2850.542669625836,85,1,45,,7555,66408,17,1700,2,4.3
Bazzap,55.6827502,37.5995102,Moscow,945,62000,5856.726708865911,85,1,10,,8563,62898,44,2000,1,4.5
Sabz,55.685429,37.3973858,Moscow,552,79000,12354.940230047307,85,0,0,,6971,118557,21,2400,8,4.0
Holder,55.7646947,37.5954632,Moscow,218,77000,660.0266636001371,85,16,140,,6986,104919,46,2400,2,4.7
One and double,55.7408946,37.5334893,Moscow,1144,79000,2002.3530416212595,85,12,67,,13938,124250,19,1700,3,4.2
Кето & Коте,55.7807602,37.6070835,Moscow,1120,54000,373.3103085685285,85,7,175,,10753,95197,49,2300,2,4.2
Ламаджо,55.6891219,37.5578273,Moscow,260,79000,6118.681872116332,85,0,27,,5939,122090,39,1950,13,4.5
Дринкит,55.7755135,37.5824495,Moscow,1360,71000,191.63434566071925,85,24,162,,6968,83615,10,2000,10,4.6
Пульс,55.7739966,37.5771642,Moscow,1454,71000,542.4920373937337,85,8,96,,11009,129569,49,3500,12,4.5
Штолле,55.7065038,37.5915176,Moscow,914,62000,3941.3180216489363,85,9,29,,8945,114945,11,2000,14,4.3
Кофе в цветах,55.8614263,37.5415494,Moscow,758,71000,9755.144429347836,85,2,13,,9197,63293,13,2300,3,3.7
Наф-Наф,55.8632231,37.5337587,Moscow,420,71000,10088.195740446687,85,0,11,,5788,103466,32,2300,8,4.4
Хорошие новости,55.6734252,37.6100798,Moscow,1003,62000,6620.504649643718,85,4,12,,10087,122244,10,2400,14,4.3
Surf Coffee,55.6730435,37.6095865,Moscow,1419,62000,6669.451484854025,85,5,12,,14433,111374,14,2100,6,4.2
Beautiful flavors,55.780945,37.5992268,Moscow,586,54000,277.214271769529,85,50,179,,9355,114021,38,2300,6,3.7
Farro,55.7810629,37.5991239,Moscow,890,54000,291.4846992325014,85,49,178,,9442,69844,18,2000,1,4.0
Unknown,55.8974396,37.6794554,Moscow,918,94000,13589.535655314148,85,2,5,,12322,70923,25,2100,12,4.1
Unknown,55.8974739,37.6802715,Moscow,1308,94000,13599.144254562503,85,4,5,,13512,113004,11,1800,8,3.7
Vaffel,55.7799301,37.6288658,Moscow,636,54000,1683.2002839703828,85,8,59,,11859,87765,41,2100,9,4.3
vmeste,55.7169278,37.5756742,Moscow,213,79000,3083.590141475332,85,0,13,,14117,122970,47,2100,1,4.0
Cofix,55.7463431,37.8664305,Moscow,379,68000,13096.954524130919,85,9,54,,5281,124006,28,2100,5,3.8
Кофейня,55.7462882,37.8661241,Moscow,682,68000,13078.422972245335,85,9,55,,7062,103565,40,1900,0,4.4
Unknown,55.7700748,37.5649598,Moscow,588,71000,1418.120112511144,85,4,52,,6915,80154,26,2100,6,4.2
Unknown,55.7908864,37.5652814,Moscow,574,71000,1937.5490521194158,85,6,42,,12298,112530,19,2300,8,4.2
Лучший повар,55.8208866,37.6192126,Moscow,1212,54000,4780.207052158977,85,1,7,,12491,95970,21,2400,3,4.0
Дымов,55.7713197,37.6202321,Moscow,284,77000,1134.173628285294,85,26,131,,7792,102781,46,2000,8,3.9
Ritmo,55.7712454,37.6203206,Moscow,679,77000,1133.4440224528703,85,28,130,,6598,120147,18,2100,6,4.0
Glukoza,55.7710934,37.6203259,Moscow,751,77000,1123.4337119894758,85,27,129,,6507,101555,22,2400,8,4.1
Кухня Кипра,55.7710194,37.6203285,Moscow,1486,77000,1118.621303502469,85,27,130,,5327,89546,31,2400,7,3.6
Bazaar Kebab,55.7710165,37.6204758,Moscow,433,77000,1125.825703536226,85,28,130,,11769,76634,19,1800,12,4.7
Gagawa,55.7448598,37.5654716,Moscow,1304,79000,100.05833934873414,85,18,37,,5701,119735,39,2400,9,4.4
7/17,55.8816282,37.6833125,Moscow,1152,94000,11877.677535743647,85,2,5,,7039,61631,29,2100,2,3.7
Шемомечама,55.8822854,37.6822108,Moscow,215,94000,11939.95603708589,85,2,5,,5158,84647,48,2100,1,3.8
Тайна Кофе,55.8824579,37.6814436,Moscow,266,94000,11952.226885513292,85,2,6,,13548,67378,18,3500,11,3.8
Хинкальная №15,55.8707682,37.6876572,Moscow,353,94000,10733.364558988203,85,6,9,,11439,122260,21,2300,12,4.6
Unknown,55.8161722,37.6866098,Moscow,459,94000,4884.416721259347,85,2,3,,5710,115953,44,2300,10,4.1
Pims,55.7712671,37.6206489,Moscow,294,77000,1151.2015446329572,85,28,129,,9062,97878,28,1700,8,3.9
365 детокс,55.7712294,37.6206503,Moscow,421,77000,1148.7389845675675,85,28,129,,12386,107804,40,2000,1,4.0
Croissant Atelier,55.7818054,37.5990665,Moscow,561,54000,361.88411895752887,85,42,179,,8410,67620,35,2300,5,3.7
MonteViewCoffee,55.6881296,37.6159716,Moscow,385,62000,4945.645009451833,85,2,20,,7563,108093,17,3500,7,4.2
One and double,55.7297004,37.4727085,Moscow,474,79000,5992.447148691157,85,1,9,,12009,96115,41,2300,8,4.0
Drink Point,55.7295929,37.4728622,Moscow,233,79000,5986.366053286993,85,2,8,,5868,101684,47,1900,11,4.7
Twice,55.7895721,37.8101269,Moscow,1254,94000,9816.540421818987,85,1,14,,12684,79642,32,3500,9,3.8
Колос,55.9106145,37.7244043,Moscow,1314,94000,15582.981113322297,85,1,1,,8416,61889,45,1700,1,3.9
ЕщЁ,55.7274024,37.6087412,Moscow,1262,62000,1814.065373688211,85,6,73,,5076,127228,29,1900,11,4.0
One and Double,55.8647005,37.5450339,Moscow,1231,71000,10051.043174976186,85,5,15,,7239,91166,25,1900,11,4.3
ВкусВилл Кафе,55.8348935,37.6585683,Moscow,1214,94000,6552.45387027168,85,2,11,,6808,104170,16,1800,3,4.3
Palla,55.804048,37.6815887,Moscow,1124,94000,3534.109475284324,85,1,4,,14081,66848,40,1950,14,3.8
HQ!coffee,55.6966689,37.4867738,Moscow,581,79000,7190.346801862788,85,0,11,,7175,73002,37,2300,12,4.4
Хлебница,55.7316502,37.6726784,Moscow,482,62000,2235.0302057917547,85,3,43,,14980,63302,30,1700,9,4.3
coffeePita,55.749616,37.5378472,Moscow,833,79000,1810.49425332278,85,37,69,,10783,122747,19,2400,6,4.3
Особо Вкусно,55.8981866,37.479267,Moscow,515,71000,14978.337605675377,85,0,2,,11194,89714,14,2000,2,4.7
Holder,55.7737255,37.739445,Moscow,218,94000,5287.340476277662,85,2,10,,8839,65840,36,2300,8,3.7
&coffee,55.7893716,37.7089781,Moscow,695,94000,3688.1626439829533,85,3,55,,5968,110166,22,2000,8,4.0
Moris Brew,55.7566063,37.5983289,Moscow,1123,72000,951.9761135544628,85,19,130,,12422,113383,33,1900,8,4.0
Лаша,55.7961044,37.560381,Moscow,643,71000,2587.1596181792675,85,5,29,,14264,80472,22,1950,0,4.2
Unknown,55.6018682,37.4989326,Moscow,1133,79000,16338.272986122181,85,0,8,,5723,85191,40,1700,2,4.2
Unknown,55.8061991,37.7292287,Moscow,1125,94000,5727.959539705596,85,1,9,,11679,105458,12,3500,6,4.7
Манас,55.8092364,37.7808841,Moscow,219,94000,8693.963082687567,85,0,8,,13088,111210,22,2000,11,3.9
Ала-Тоо,55.8071616,37.7771705,Moscow,1223,94000,8386.67228493802,85,0,8,,14066,115846,46,1900,1,3.5
Franch Bakery,55.7338696,37.7387774,Moscow,1282,68000,5672.341656374657,85,0,11,,9494,110527,48,2100,5,4.5
Факультет кофе,55.7714097,37.6862584,Moscow,543,94000,2020.527408857148,85,11,75,,10221,110756,16,1900,8,3.9
Рябчик,55.760697,37.647353,Moscow,1143,68000,782.7822039869952,85,31,215,,9596,81136,36,1950,0,3.9
Ofis,55.7674642,37.5645156,Moscow,595,71000,1615.3747475339833,85,4,55,,10260,99749,21,1700,4,4.3
Брусника,55.7733552,37.5857775,Moscow,439,71000,420.2527946724695,85,25,186,,6797,86772,47,3500,1,4.3
Baron Baran,55.7672288,37.6003231,Moscow,549,77000,433.04765289898063,85,9,139,,13912,123799,41,2000,5,4.7
Surf Coffee,55.7712913,37.6440391,Moscow,1438,94000,862.606234221574,85,8,110,,11853,102417,30,2300,0,4.1
Aaark,55.7616176,37.649602,Moscow,1072,68000,734.6507049600515,85,25,183,,11276,102310,36,2300,3,3.9
Pho City,55.7354136,37.6138582,Moscow,1186,62000,1529.7238085102438,85,7,105,,6616,66648,26,3500,1,3.7
Surf Coffee,55.8560112,37.6226029,Moscow,1015,54000,8659.446028540253,85,4,18,,9848,120403,31,1700,7,3.8
Мармарис,55.6883069,37.6546918,Moscow,1468,62000,4874.9159167503285,85,3,15,,12218,79042,33,3500,6,4.7
Дринкит,55.7392058,37.6296646,Moscow,1237,62000,1021.4926160842369,85,18,137,,13690,107536,34,2000,10,4.3
Coffee House,55.7046592,37.6541031,Moscow,884,62000,3118.7052052976865,85,4,43,,11489,99162,34,2300,2,4.2
Бахор,55.5105904,37.5748004,Moscow,643,62000,24817.636952003926,85,1,4,,12355,125122,10,1700,3,4.5
У мангала,55.5125102,37.5754688,Moscow,454,62000,24600.206941935874,85,1,4,,11599,127948,46,2300,6,4.6
Чайханчик,55.8514878,37.4382895,Moscow,820,71000,12307.707901349439,85,5,32,,7672,120485,20,2400,5,4.5
Кофе с собой,55.8605465,37.5469643,Moscow,376,71000,9573.717265634281,85,3,17,,12103,99305,47,2400,8,4.6
Unknown,55.8264388,37.482255,Moscow,853,71000,8405.708046536687,85,1,11,,9749,119186,29,2400,0,4.0
КультуRа,55.8264448,37.4824159,Moscow,434,71000,8398.539744243402,85,1,11,,8906,93852,37,2300,10,3.8
J.D. Coffee,55.7046481,37.6159197,Moscow,268,62000,3213.921277753971,85,7,63,,14956,65074,12,1950,1,4.0
Dizengof//99,55.7735324,37.5855625,Moscow,1383,71000,397.76963623130354,85,23,184,,13858,114796,37,1700,10,4.6
Loft room coffee,55.6696472,37.588612,Moscow,445,62000,7465.554406068742,85,0,7,,13095,69677,39,2300,6,3.9
У Макса,55.5561959,37.8788397,Moscow,1029,62000,24659.971612980004,85,1,1,,12732,72398,19,1950,10,4.7
Дринкит,55.844762,37.6377009,Moscow,595,54000,7645.065132328289,85,7,20,,14409,84268,15,1700,2,3.9
Dizengof//99,55.676146,37.5666778,Moscow,1421,62000,7524.440472744375,85,2,30,,7317,103192,19,1800,7,4.0
Special,55.7350119,37.6125298,Moscow,821,62000,1595.665352971661,85,6,96,,14812,86987,31,1700,10,3.6
Дринкит,55.8048711,37.5177553,Moscow,1053,71000,5172.526972795231,85,18,67,,13212,124151,21,1800,3,3.7
Дринкит,55.7968861,37.5372872,Moscow,666,71000,3663.23154015175,85,3,41,,14784,98148,39,1900,13,4.0
Дринкит,55.8017626,37.5317779,Moscow,1009,71000,4270.9058397062,85,11,56,,7955,93569,17,2000,11,3.7
Мы за кофе,55.6849497,37.5796971,Moscow,1008,62000,6253.62139782929,85,3,29,,5927,77111,33,1700,3,4.2
Coffee Moose,55.5553205,37.5132526,Moscow,1446,62000,21021.535632230356,85,4,19,,12027,110632,38,3500,10,4.2
Масисо,55.5920229,37.4559856,Moscow,631,79000,18229.57550780339,85,5,7,,13812,86158,19,1800,8,3.7
Koala,55.5920684,37.4559605,Moscow,1396,79000,18225.47453942519,85,5,7,,9655,115813,12,2400,7,4.1
French Bakery,55.5916073,37.4560259,Moscow,1112,79000,18271.49160377771,85,5,7,,10778,69300,17,2300,7,4.2
Зелёная Точка,55.7488559,37.5357059,Moscow,1436,79000,1911.279447048643,85,45,71,,6418,80480,25,2100,4,4.6
Котомания,55.5919019,37.4581297,Moscow,720,79000,18192.08773757826,85,6,7,,5239,85533,23,2400,14,4.5
Лавашура,55.5919851,37.4578009,Moscow,740,79000,18191.09490685817,85,6,7,,8400,102763,10,1900,6,4.3
Burger Club,55.5918346,37.4570356,Moscow,1137,79000,18224.426950263864,85,6,7,,6585,111397,47,1950,11,3.8
Surf Coffee,55.8469867,37.3576081,Moscow,1275,71000,16144.715663487606,85,6,18,,10869,124154,15,2400,10,4.6
Чапа,55.7642894,37.6452313,Moscow,1167,68000,1138.0511260344308,85,7,199,,9994,102337,15,2300,1,4.1
Гринвуд,55.6999929,37.8861826,Moscow,304,68000,15630.800846887343,85,4,6,,7033,76253,28,1900,4,4.2
Здрасте,55.682979,37.5834745,Moscow,1210,62000,6305.348487777995,85,1,21,,9814,61208,36,2300,13,3.8
Ферма Шаверма,55.8087488,37.5793147,Moscow,877,71000,3542.4342750377828,85,6,64,,13223,125802,36,1800,12,3.9
Маяковский,55.7707548,37.6000371,Moscow,636,77000,740.6767351200994,85,15,167,,14662,120660,24,1900,2,4.0
Чайхана,55.7283299,37.7334859,Moscow,1492,68000,5699.788696026075,85,4,19,,11466,118880,16,2100,7,4.0
planov more,55.7384208,37.6668299,Moscow,676,62000,2041.691732235083,85,10,92,,10003,60601,25,1950,2,4.6
Суло,55.7356805,37.6578878,Moscow,323,62000,1407.4965085869997,85,5,95,,10807,92674,34,2000,7,3.7
Unknown,55.7354376,37.6573772,Moscow,1322,62000,1367.8756568643578,85,5,100,,14623,88725,41,2300,12,4.3
Unknown,55.8074932,37.5794296,Moscow,623,71000,3402.7053018688807,85,9,70,,13240,128677,10,3500,2,3.7
Happit,55.8077879,37.5844578,Moscow,1222,54000,3383.687911549901,85,27,68,,11476,118234,36,2100,1,4.1
Unknown,55.7380421,37.6549363,Moscow,931,62000,1368.9796334358002,85,16,104,,12792,86191,12,2300,11,4.3
Вилка,55.7381442,37.6548608,Moscow,1187,62000,1371.6477496489588,85,16,105,,7907,101487,12,1700,1,4.6
Unknown,55.7396251,37.6540006,Moscow,535,62000,1432.6823287578686,85,25,104,,14210,64142,28,1950,13,4.2
Правда Кофе,55.7398349,37.6540232,Moscow,427,62000,1449.440611285994,85,26,104,,11525,92571,49,1900,14,3.9
Варочная,55.5569303,37.5021416,Moscow,388,62000,21124.758736893644,85,7,19,,7924,62312,13,2100,3,3.9
Дринкит,55.6951405,37.625548,Moscow,1303,62000,4051.4090021500733,85,4,33,,10651,71781,28,3500,13,4.2
Буханка,55.5562199,37.5076583,Moscow,879,62000,21061.376520280788,85,12,19,,11640,83000,35,2100,10,3.9
Вершины вкусов,55.5564482,37.5072761,Moscow,687,62000,21047.208985079735,85,12,19,,9095,95024,20,1950,13,3.7
Gustolife,55.555469,37.5046333,Moscow,1424,62000,21212.08847679539,85,10,19,,7903,80962,22,2100,0,3.9
Pho Viet,55.657174,37.6079147,Moscow,1323,62000,8409.014421035412,85,2,15,,8836,129922,16,2400,14,3.9
Jeffrey's,55.5644138,37.4894783,Moscow,1029,79000,20523.420487143572,85,0,4,,5867,77470,34,1700,5,4.4
Unknown,55.7934043,37.819438,Moscow,907,94000,10462.094797702954,85,1,11,,7620,77474,40,2300,13,4.5
Бутово,55.547095,37.5151274,Moscow,248,62000,21832.87844223728,85,0,2,,6357,61099,15,2000,7,3.7
Лисапарк,55.825887,37.6274939,Moscow,388,54000,5451.6199050064415,85,2,21,,14545,117389,19,1950,14,4.3
Клуб Ивана Смирнова,55.7774495,37.6018774,Moscow,1189,54000,172.5781208276935,85,20,208,,14754,128151,27,1950,5,4.7
Värma,55.7043273,37.6132213,Moscow,1442,62000,3318.807006500802,85,6,62,,14620,104136,14,3500,9,3.9
Варочная,55.6737189,37.6105013,Moscow,830,62000,6582.216639044718,85,4,13,,14399,115569,19,3500,9,4.2
2-я Кофейная,55.5577838,37.5106569,Moscow,1461,62000,20828.60963777106,85,7,19,,9453,101969,42,1800,6,4.3
Чайхана,55.789128,37.3845461,Moscow,1358,79000,12353.286993891397,85,1,3,,11058,127064,35,1700,1,4.1
Frank by Баста,55.7486355,37.5394408,Moscow,465,79000,1680.6650585217672,85,43,74,,13376,125927,10,2300,6,4.7
Крутые желтки,55.7713188,37.6203707,Moscow,869,77000,1140.929739622156,85,28,129,,7195,75261,31,2300,14,4.4
Холистик,55.7712463,37.6200501,Moscow,1219,77000,1120.181603432579,85,26,131,,9342,73669,15,2400,6,4.2
HochuPho,55.7712239,37.6199271,Moscow,495,77000,1112.604588219227,85,26,131,,13279,117612,48,2300,3,3.9
По бургеру,55.8090601,37.5788011,Moscow,744,71000,3579.70373196955,85,6,62,,12644,82338,35,1700,4,4.0
Атмосфера,55.7701648,37.6607671,Moscow,772,94000,742.3625322396572,85,10,114,,9318,99058,46,1900,2,4.5
Unknown,55.7449938,37.6172801,Moscow,1497,89000,1337.4297948430794,85,1,98,,8443,68182,45,2300,13,4.4
Unknown,55.760082,37.6115316,Moscow,1362,89000,442.27581430187524,85,19,163,,12666,117540,14,2100,6,4.8
Unknown,55.7912835,37.8954358,Moscow,680,94000,15129.489086706584,85,0,7,,5224,126585,25,2100,1,4.5
Lacmus,55.7941523,37.4036093,Moscow,1204,71000,11438.86168224603,85,0,3,,9058,118594,45,2400,11,4.2
Tapioka,55.8056911,37.5711648,Moscow,658,71000,3289.6614065345584,85,1,50,,12724,100301,14,1900,12,3.7
Surf Coffee,55.8057145,37.5713016,Moscow,653,71000,3290.1108979659584,85,1,51,,10335,99077,49,2300,1,4.5
Buba sushi,55.784259,37.6560554,Moscow,544,94000,920.7272531354613,85,5,36,,14191,74565,32,2000,2,4.8
SeDelice,55.792452,37.5782411,Moscow,453,71000,1755.5089938238673,85,5,69,,7312,66958,30,2400,2,3.6
Coffee Way,55.7695621,37.6791159,Moscow,1359,94000,1669.574258238686,85,19,92,,7005,90632,15,2100,3,4.3
Adam,55.780708,37.5994106,Moscow,1289,54000,249.57790680758401,85,50,183,,6300,124783,38,2100,14,4.4
Птичка,55.7365245,37.6629833,Moscow,558,62000,1738.8616455983517,85,7,86,,12045,81688,35,1900,9,4.6
Хата Суриката,55.7395031,37.6517969,Moscow,382,62000,1323.6721556438458,85,16,104,,12999,61383,41,1950,4,4.8
Joja Coffee,55.7386146,37.6518577,Moscow,1219,62000,1257.8275666515042,85,15,108,,12255,66293,24,1900,9,3.8
Unknown,55.7441064,37.6545587,Moscow,226,68000,1449.7871264315793,85,20,93,,6757,85300,47,2100,6,4.6
Unknown,55.7469967,37.6546101,Moscow,687,68000,1132.363725941284,85,12,94,,10518,104901,29,2300,13,3.7
Кофе Станция,55.7391042,37.6527211,Moscow,1043,62000,1334.4485128237116,85,15,104,,5925,72420,21,2100,13,4.4
Турецкое кафе,55.773097,37.6137221,Moscow,1369,54000,984.00334250207,85,8,135,,7460,118674,35,2400,14,3.5
Sonder Cafe,55.773128,37.680695,Moscow,529,94000,1638.4317577829024,85,22,86,,7737,103083,36,1800,14,4.5
Культурный код,55.7679798,37.6794221,Moscow,952,94000,1768.7765853155222,85,10,83,,13471,73256,29,2000,11,4.6
Манео,55.8067874,37.588618,Moscow,843,54000,3201.0578599302116,85,27,66,,10475,95876,32,1950,1,4.0
Кухня Востока,55.8075663,37.5888915,Moscow,500,54000,3280.4212182687884,85,10,63,,14252,75350,33,1950,7,4.1
Dark Side,55.7862166,37.586017,Moscow,459,71000,1032.5708164603225,85,3,148,,12680,111751,31,1900,9,4.7
Unknown,55.7322847,37.6641956,Moscow,662,62000,1708.7119065284987,85,11,60,,9874,69324,47,1900,13,3.7
24tort.ru,55.7330499,37.6632773,Moscow,516,62000,1660.9336430395556,85,11,70,,5953,63674,24,3500,1,3.5
La Vie Café,55.7359318,37.6605151,Moscow,783,62000,1571.0424627313782,85,8,85,,5643,106619,20,2000,11,3.8
Gagawa,55.8630395,37.6009194,Moscow,919,54000,9345.009834324586,85,5,10,,9693,77650,26,2300,10,4.1
Чайхона,55.8174718,37.3596353,Moscow,1481,71000,14728.337291484891,85,2,19,,12284,65707,39,2100,1,4.0
Poi Point Loft,55.8169847,37.3588144,Moscow,1446,71000,14760.881506288431,85,3,18,,14386,64137,15,2000,1,4.0
Unknown,55.7331888,37.6658911,Moscow,361,62000,1825.1654309820713,85,12,64,,8442,125936,10,2000,8,4.5
Москофе,55.8689998,37.6474464,Moscow,709,94000,10351.86448860757,85,0,8,,12985,95830,36,1900,1,4.6
Дринкит,55.7650957,37.6203808,Moscow,1103,77000,899.6813598683797,85,10,202,,5989,89269,49,2300,8,4.3
Монастырская кофейня,55.7668643,37.6149286,Moscow,772,77000,595.762248425422,85,9,162,,9188,88136,44,1800,1,4.2
Traveler's Coffee,55.6521537,37.6287847,Moscow,281,62000,8782.414951095097,85,2,7,,12140,85423,49,1950,9,3.8
Grass2Glass,55.7378618,37.6415633,Moscow,366,62000,814.7292633239833,85,11,133,,13682,100649,26,1900,7,3.5
rockets. concept store,55.7359404,37.6423522,Moscow,760,62000,643.480144903715,85,13,125,,10846,74565,39,3500,5,4.2
Дни недели,55.7722573,37.6223966,Moscow,1044,77000,1305.0356858640005,85,29,125,,9147,101907,35,1800,12,4.0
Буханка,55.6039014,37.5213103,Moscow,756,79000,15817.290504117676,85,2,10,,7738,66119,19,1800,3,4.5
Espresso Bar,55.7664767,37.6234879,Moscow,450,77000,1106.2240704900669,85,12,186,,12637,101136,40,1800,10,3.9
Маленький француз,55.879122,37.4659737,Moscow,1008,71000,13538.241028139628,85,2,7,,5308,103602,18,3500,14,3.6
Unknown,55.739483,37.6580221,Moscow,459,62000,1619.205275953054,85,21,99,,9961,78256,44,1800,4,4.1
Русский АвангъАрдъ,55.7364418,37.6631273,Moscow,773,62000,1744.0885561162027,85,7,85,,11136,100900,43,1900,9,4.6
Met Tea,55.7584827,37.6245565,Moscow,1045,89000,560.1795592243353,85,19,181,,6303,77850,15,1800,0,4.6
Фестивальное 2,55.7550912,37.6210992,Moscow,889,89000,383.21185371373366,85,11,123,,7468,78998,26,2100,9,4.5
Кофеин,55.7560632,37.6204749,Moscow,1092,89000,298.74605302960674,85,12,117,,13518,77194,22,1950,9,3.8
Fettucciamo,55.7609213,37.623389,Moscow,469,89000,635.4896344787103,85,24,179,,14487,105750,11,2100,1,4.2
Petrushka Bistro,55.7262435,37.7511859,Moscow,973,68000,6761.594845166482,85,10,19,,11234,85918,35,2300,9,3.8
Гофер,55.8604869,37.5471927,Moscow,954,71000,9563.846579250861,85,3,17,,8874,68417,39,1950,0,3.7
Копальня by Quantum Games,55.8203955,37.3885651,Moscow,1313,71000,13133.783694243912,85,7,24,,12998,74817,31,2400,11,4.6
Воккер,55.7711219,37.6199234,Moscow,1245,77000,1105.4038769471747,85,26,131,,11815,110997,30,1800,11,4.5
Satoshi,55.7710542,37.6199267,Moscow,350,77000,1100.9479910854884,85,26,131,,14902,93608,16,1800,8,4.6
Mo,55.7710172,37.6200627,Moscow,352,77000,1105.1963530937408,85,26,131,,7250,82299,42,1900,14,3.6
Raw to go,55.7710846,37.6200618,Moscow,540,77000,1109.704326239826,85,26,130,,14247,111107,26,2300,0,3.9
Oriental Tea,55.7361869,37.6717048,Moscow,1354,62000,2248.0224620068966,85,2,59,,13275,102871,33,2400,10,4.5
Costo do Cafe,55.7360176,37.6638336,Moscow,627,62000,1770.2080183321088,85,6,81,,9376,127891,37,1800,4,3.8
Unknown,55.7341695,37.670184,Moscow,291,62000,2107.2966747892747,85,6,60,,11843,76743,45,1950,11,4.1
Pims,55.603839,37.4916842,Moscow,404,79000,16249.051679020136,85,6,8,,12316,72606,11,2100,12,3.8
Udc Кафе,55.6041263,37.4913861,Moscow,405,79000,16223.716341183917,85,6,8,,13612,127341,29,2100,5,4.1
Stars Coffee,55.6697753,37.6768898,Moscow,645,62000,7252.225096126945,85,1,6,,13448,60186,15,3500,1,4.0
Шоколадница,55.6045019,37.4887159,Moscow,1155,79000,16232.221170906956,85,6,8,,13723,111269,12,2000,9,3.7
Москвич,55.7571855,37.6572133,Moscow,694,68000,53.37057407222519,85,13,138,,8656,72171,16,1950,13,4.1
Котофейня,55.7572394,37.6569594,Moscow,967,68000,70.34155602736354,85,13,137,,5746,100470,14,1800,13,3.8
Unknown,55.7550349,37.6613583,Moscow,1236,68000,303.1540024746315,85,9,102,,7036,72884,17,1900,1,3.8
Unknown,55.7442193,37.6709975,Moscow,946,68000,1637.4549865092933,85,4,77,,10870,109705,38,1900,12,3.7
Pho Viet,55.7404133,37.6325525,Moscow,725,62000,1083.1104626353376,85,19,123,,10497,68524,13,1950,7,3.9
Лицей,55.7397958,37.5962113,Moscow,1454,79000,2008.795286708504,85,5,77,,12718,68985,35,2300,11,4.7
Cafebara,55.7487224,37.6895991,Moscow,894,68000,2181.0864626552566,85,3,27,,10781,73088,19,2000,10,3.6
Ванлав,55.7626347,37.5566259,Moscow,603,79000,2137.3171655885494,85,12,75,,13245,91908,48,1900,2,3.9
По бургеру,55.7626407,37.5564381,Moscow,762,79000,2140.874634308579,85,12,75,,11799,65838,25,3500,10,4.0
Cups,55.7855553,37.5678134,Moscow,595,71000,1389.0483183957022,85,4,44,,10156,97032,34,1950,10,4.4
ada coffee,55.7463698,37.6714162,Moscow,970,68000,1449.84433043457,85,5,67,,5424,122096,40,2300,1,4.5
МосПлов,55.7463391,37.6715195,Moscow,1334,68000,1456.3746625393467,85,4,66,,6403,105782,38,2100,10,3.6
Unknown,55.7429633,37.6712149,Moscow,989,68000,1766.3693902002044,85,2,68,,10175,63557,47,1800,14,4.6
Kulēk,55.770817,37.6322652,Moscow,896,94000,1534.2710281904754,85,15,147,,14557,90973,13,2000,11,3.9
"Чайхона ""Мухаммад""",55.6039994,37.5231768,Moscow,701,79000,15786.694863164912,85,2,10,,7290,82198,18,2300,7,3.6
Молния,55.7300911,37.6446289,Moscow,908,62000,488.23739690958644,85,18,93,,11597,83328,20,1900,11,4.3
Правда Кофе,55.7303525,37.6448102,Moscow,509,62000,494.2844860130811,85,18,93,,8398,105197,12,1900,1,3.6
Среда,55.7311402,37.6390162,Moscow,1156,62000,127.19610144568829,85,26,116,,10934,65785,18,1800,7,4.5
Даблби,55.7311533,37.6390925,Moscow,992,62000,132.11864557204746,85,26,116,,5753,73749,24,1900,7,4.7
Сила Кофе,55.7325161,37.6408092,Moscow,741,62000,292.0617479576555,85,17,109,,8873,88689,44,2300,12,3.8
Краткость,55.7422939,37.6497797,Moscow,1226,62000,1489.0131474147095,85,14,99,,5327,73447,48,2000,0,4.4
Surf Coffee,55.7413831,37.6572945,Moscow,1010,62000,1716.727446615588,85,23,93,,6988,71161,40,1800,13,3.7
Chicko,55.7288122,37.6240182,Moscow,1086,62000,848.4568735352146,85,23,112,,10264,97385,34,3500,10,3.5
Mrs Shrimps,55.7548083,37.6364726,Moscow,1293,85000,218.33468105062067,85,24,172,,13609,105882,30,2400,4,3.9
Pims,55.7276818,37.5972025,Moscow,624,62000,2519.0560315651805,85,4,47,,6920,110695,36,1700,13,4.8
дринкит кофе,55.7466863,37.5856812,Moscow,1320,79000,1328.4237634139733,85,12,82,,14841,72208,12,1900,10,4.3
Кофе твой друг,55.7467471,37.5856596,Moscow,200,79000,1328.6435304933466,85,13,82,,12279,92916,45,2100,12,4.1
Тресковия,55.7453013,37.5813539,Moscow,483,79000,1033.7615529169163,85,5,79,,9458,87205,35,1950,1,4.5
Хинкальная №15,55.8708227,37.6875552,Moscow,1073,94000,10738.105663037533,85,6,9,,10329,68869,29,1800,9,4.1
Дачное Кусково,55.7344867,37.7992816,Moscow,754,68000,9190.042918687217,85,0,2,,13009,93483,14,2400,10,4.0
PhoBo,55.7579505,37.6586569,Moscow,935,68000,113.40142561210997,85,13,128,,6994,113794,29,1700,5,4.7
Кофе Готов,55.7584578,37.6094665,Moscow,228,89000,439.75850311827907,85,14,161,,12871,103814,40,1950,3,3.8
Pipes Studio,55.7351325,37.5512238,Moscow,1334,79000,1309.9242771659383,85,1,20,,9206,71596,12,1950,0,4.5
Couture,55.7589358,37.6560802,Moscow,1432,68000,246.4985242997294,85,15,144,,9801,93074,27,2000,14,4.0
Рюмка Кофе,55.8850541,37.6089181,Moscow,1320,54000,11800.589049287206,85,3,11,,13917,71135,25,3500,10,4.4
Хан Плов,55.5437514,37.4773939,Moscow,204,79000,22935.20806729203,85,1,5,,9258,110293,10,2400,6,4.7
Bubble Crumbl,55.5440611,37.4781261,Moscow,253,79000,22890.785709697808,85,1,5,,6849,77530,23,2400,13,3.9
Unknown,55.7427484,37.6282217,Moscow,1255,85000,1394.7505018937109,85,29,109,,10402,91503,48,2100,6,3.6
Kamel Smash Burger,55.7657128,37.6200582,Moscow,825,77000,882.9950723946794,85,12,205,,6380,91235,30,2300,7,4.1
Буузы,55.5630439,37.4487629,Moscow,960,79000,21402.029661449327,85,0,3,,7572,106362,12,1950,14,3.9
Viet Pho,55.7529083,37.6405308,Moscow,435,85000,525.5105533481895,85,18,124,,9994,64159,11,2000,5,4.1
SeDelice,55.769262,37.6797608,Moscow,1411,94000,1720.3746460328744,85,22,88,,6847,73807,20,2400,6,4.1
Кот с молоком,55.7689338,37.6808095,Moscow,260,94000,1795.323092419288,85,22,85,,9314,109835,10,2000,12,3.8
Правда Кофе,55.7318911,37.635726,Moscow,666,62000,127.20313905928337,85,21,136,,7886,106325,19,1900,5,4.4
Skuratov Coffee,55.7636525,37.6154561,Moscow,571,72000,592.8235658548402,85,5,161,,11080,69003,10,3500,3,3.7
Coffee Ray,55.6475791,37.480004,Moscow,1206,79000,11971.747242432704,85,0,5,,13113,100093,13,1700,10,4.7
М2,55.7458657,37.600826,Moscow,949,89000,1560.2946865489012,85,10,101,,11779,84620,49,2100,8,4.2
КоRица,55.643737,37.701309,Moscow,1348,62000,10507.1857212367,85,2,6,,9628,126999,10,2000,11,4.4
Табера,55.8023197,37.574354,Moscow,1071,71000,2879.281661520365,85,1,69,,5826,126868,15,2100,14,3.6
Etlon Coffee,55.7371597,37.6804484,Moscow,1271,68000,2615.519103468585,85,0,32,,11661,62386,39,2000,2,3.9
Unknown,55.7371326,37.6894102,Moscow,389,68000,2957.1698839709593,85,2,11,,8526,122091,18,1700,6,4.1
Братья Караваевы,55.7349215,37.7072437,Moscow,1419,68000,3940.31583709137,85,1,6,,12435,89665,26,1900,3,4.0
Unknown,55.7370747,37.6885912,Moscow,545,68000,2928.2154572766885,85,2,15,,7629,68932,22,2400,3,3.8
Unknown,55.7537177,37.6358641,Moscow,300,85000,229.019163637343,85,22,150,,14988,119505,27,3500,10,4.6
Stars Coffee,55.7686839,37.5903231,Moscow,885,71000,1005.7262176945568,85,13,140,,12397,100717,12,1800,14,4.2
Синекопа,55.734717,37.6652099,Moscow,1336,62000,1813.8967059485308,85,10,77,,13012,104031,34,1800,9,4.8
Вкусоgraf,55.7492686,37.6614788,Moscow,433,68000,886.8257017845281,85,4,92,,11556,86774,47,2100,2,4.4
Unknown,55.7464244,37.6578801,Moscow,920,68000,1175.9770027717873,85,11,106,,13042,110727,39,3500,0,4.3
Новжинский Кофе,55.7457169,37.6586363,Moscow,561,68000,1255.2551996765526,85,11,100,,12072,80915,22,1900,6,4.4
Burlesque,55.7269407,37.5805299,Moscow,607,79000,2131.5505962922794,85,11,48,,6837,98099,20,1800,1,3.8
Stars Coffee,55.7271404,37.5807788,Moscow,1482,79000,2119.0314081707834,85,11,50,,5616,124985,38,2000,5,4.4
Антракт,55.7265444,37.579936,Moscow,293,79000,2154.466127934246,85,12,42,,13912,92886,21,1950,1,4.6
Кафе-бар,55.7474638,37.8725929,Moscow,220,68000,13470.476319520196,85,2,43,,11330,96892,42,2400,9,4.2
Манко,55.7501749,37.860266,Moscow,303,68000,12679.582856126259,85,14,54,,13708,108779,47,1700,10,3.8
22см,55.7597832,37.6478277,Moscow,901,68000,707.7097419783654,85,29,214,,11906,74554,48,3500,5,4.2
Espressivo,55.7394764,37.6703534,Moscow,630,68000,2096.3087730152847,85,7,77,,10098,104745,17,2100,5,3.8
Хинкальная,55.7396909,37.6667394,Moscow,722,68000,2000.8889716167723,85,11,96,,11275,123412,46,1950,12,3.7
Иван Да Марья,55.7425492,37.5890974,Moscow,548,79000,1516.9032334437961,85,3,92,,6667,127237,26,2400,12,4.3
Unknown,55.7092305,37.6572414,Moscow,1196,62000,2732.516026299388,85,23,38,,5575,90350,29,1900,13,4.7
Kono,55.8009881,37.5323977,Moscow,475,71000,4185.986975319055,85,14,53,,6885,88193,18,1700,11,4.4
Суши Бистро,55.7658436,37.6048556,Moscow,644,77000,118.00104323677776,85,18,155,,8868,106204,47,1950,2,3.7
Деликатеска,55.830642,37.4031643,Moscow,301,71000,12778.74931681016,85,1,6,,9492,73945,14,1800,9,3.7
Заросли,55.7379,37.6415517,Moscow,331,62000,818.4553715160355,85,10,133,,14426,73886,17,2400,7,4.3
Caffinity,55.7263071,37.7519508,Moscow,836,68000,6799.383960577991,85,10,20,,7891,85107,11,2100,12,4.0
Неслучайно 0808,55.7595681,37.5526352,Moscow,1004,79000,1896.1541547475088,85,6,65,,13823,111968,12,1900,4,4.5
Бар Капибар,55.7407237,37.6604658,Moscow,531,68000,1816.4090127523775,85,14,101,,12211,88785,16,3500,13,4.7
Chilan Tea,55.606492,37.5363407,Moscow,595,62000,15215.841165849932,85,5,15,,9062,64090,32,1900,7,4.3
SeDelice,55.606292,37.5358299,Moscow,356,62000,15249.385038258644,85,5,15,,12879,90477,46,1950,8,3.7
Андерсон,55.6064383,37.5363911,Moscow,885,62000,15219.965740507396,85,5,15,,10734,88750,30,1700,3,4.3
Чайхана Дамаск,55.8216483,37.6599795,Moscow,369,94000,5085.3921979346605,85,2,6,,14999,62335,48,3500,7,4.6
J'pan,55.7342357,37.5891933,Moscow,542,79000,1863.4471650214707,85,14,58,,6927,89588,25,1950,4,3.6
Maestrello,55.7655343,37.5922899,Moscow,765,77000,859.7119883268285,85,18,133,,12485,108654,44,2400,12,4.7
Roaster coffee,55.772453,37.7006364,Moscow,243,94000,2881.321900277164,85,0,29,,8140,111722,36,2400,3,4.6
Шалость удалась,55.7768182,37.6801752,Moscow,1165,94000,1577.050282732935,85,6,88,,14055,62631,10,1700,5,4.3
Uklad,55.7401906,37.61728,Moscow,1104,62000,1602.654502984505,85,8,125,,12783,122098,27,3500,0,3.5
Тонда Романа,55.6263363,37.6660198,Moscow,888,62000,11779.43004403014,85,1,8,,9200,89083,45,2300,4,4.5
Lao Lee,55.7993844,37.5328374,Moscow,1184,71000,4052.998057902373,85,14,50,,13383,94295,24,2100,6,4.5
Unknown,55.7510751,37.6431674,Moscow,1238,85000,771.5360174259189,85,5,121,,11616,80632,47,2300,6,4.1
Бабл Вуф,55.7591498,37.6451137,Moscow,315,68000,840.9618208484071,85,31,213,,10386,77076,41,1800,2,3.8
Honey Coffee,55.7618576,37.6427244,Moscow,629,85000,975.5212076698857,85,8,218,,8603,104211,45,1800,7,4.6
Правда Кофе,55.7618509,37.6236875,Moscow,202,89000,722.6928803039837,85,22,181,,5995,62047,40,3500,6,4.3
Правда Кофе,55.7660872,37.6340331,Moscow,305,85000,1234.5335610837428,85,14,193,,9334,65959,22,1700,10,3.9
Куда,55.7628233,37.6373282,Moscow,1061,85000,911.0867315926558,85,28,233,,12696,92281,26,2400,14,4.6
Jinju,55.807249,37.6478827,Moscow,449,94000,3503.10084448562,85,2,18,,13411,63767,15,3500,7,4.2
КофеинЛаб,55.7810975,37.6973242,Moscow,653,94000,2706.767214508895,85,14,47,,10186,86263,17,1900,7,3.5
Cofix,55.587457,37.4333872,Moscow,700,79000,19264.697517848825,85,0,2,,7681,103578,49,2300,13,3.5
Unknown,55.5921139,37.4298612,Moscow,914,79000,18896.04237885266,85,1,2,,6572,67617,17,2100,7,4.3
Правда кофе,55.7486653,37.5351184,Moscow,1011,79000,1940.8114773953562,85,42,72,,13700,61777,19,1800,0,4.1
Практика кофе,55.7490721,37.5355115,Moscow,393,79000,1929.8371708989632,85,42,71,,10978,88040,25,2400,2,3.9
ФемиЛим,55.7291461,37.6800638,Moscow,977,62000,2704.2230095343407,85,2,23,,5452,63049,21,2400,7,4.8
Unknown,55.7335186,37.6785408,Moscow,228,62000,2615.883572778233,85,3,38,,13770,77273,39,2000,13,4.6
Unknown,55.7324107,37.6721919,Moscow,1486,62000,2208.9554351207094,85,4,49,,11212,92010,43,1900,2,4.2
Surf Coffee X Sunday,55.645459,37.3905244,Moscow,1252,79000,15479.691490577718,85,6,16,,11214,82251,17,2300,1,3.5
Unknown,55.7379431,37.6535053,Moscow,1426,62000,1289.888796186897,85,15,106,,5231,111746,28,1800,6,3.6
Американ пицца,55.8829139,37.6387175,Moscow,1415,54000,11780.030562892127,85,3,7,,14932,114074,28,1800,3,3.7
Burger Club,55.8828673,37.6387074,Moscow,550,54000,11774.825490405054,85,3,7,,10451,76522,42,1700,9,3.9
Surf Coffee,55.8665916,37.5448751,Moscow,599,71000,10257.53570794816,85,4,16,,5236,111907,40,1700,3,4.3
Pims,55.7484864,37.5820397,Moscow,1332,79000,1177.3758547794885,85,16,63,,6553,61823,49,1950,4,3.6
SeDelice,55.7598562,37.6106557,Moscow,741,89000,461.16841705339914,85,20,168,,9801,123823,26,2000,1,4.5
Unknown,55.7535398,37.6001762,Moscow,948,89000,1062.2652975965843,85,21,120,,14956,82687,48,2100,13,4.6
Golden Coffee,55.7531072,37.5964674,Moscow,850,89000,1296.5995424671266,85,21,122,,6406,60110,32,2000,12,4.5
Surf Coffee,55.7517935,37.5827123,Moscow,832,79000,1407.0519114756262,85,5,66,,7639,125487,17,3500,2,4.0
Первый русский,55.6474224,37.5171264,Moscow,1055,79000,11150.142912773363,85,4,29,,6883,61476,24,1700,13,3.9
Чудо-Тандыр,55.5407647,37.4762498,Moscow,510,79000,23274.893794627696,85,0,5,,7603,98524,20,1900,12,3.7
Unknown,55.5536637,37.4747513,Moscow,589,79000,21908.828782304252,85,0,2,,8841,68948,25,2400,12,4.6
Чайхана,55.7397384,37.6669875,Moscow,560,68000,2000.1196615194406,85,10,95,,8844,60540,30,2100,5,3.9
Gagawa,55.8093095,37.4644786,Moscow,471,71000,8290.381152856819,85,5,11,,14160,75568,42,1900,10,4.1
Surf Coffee,55.7900193,37.5852022,Moscow,1053,71000,1449.630391113257,85,10,73,,6924,78067,31,3500,3,4.3
Surf Coffee,55.7292119,37.6364641,Moscow,662,62000,201.63909315673817,85,17,123,,11615,70136,27,2300,12,4.3
Surf Coffee,55.7615376,37.5471497,Moscow,1006,79000,2247.348102041009,85,3,41,,14659,76965,19,2000,2,4.6
Surf Coffee,55.7727487,37.6627609,Moscow,1464,94000,605.2255971640194,85,7,115,,5346,101311,17,1800,10,3.8
Surf Coffee,55.7598961,37.6581565,Moscow,894,68000,322.18045943156716,85,18,125,,9834,74085,10,2400,13,4.6
Surf Coffee,55.8876715,37.5295436,Moscow,1046,71000,12767.354843692128,85,3,6,,5211,78799,21,2100,5,4.6
Surf Coffee,55.7247462,37.7748317,Moscow,306,68000,8145.243493519466,85,1,9,,8504,93611,32,1900,10,3.9
Surf Coffee,55.7604208,37.5158751,Moscow,994,79000,3575.488860008702,85,0,19,,6884,123232,12,1700,3,3.9
Surf Coffee,55.76618,37.6040105,Moscow,1381,77000,180.8457225868106,85,14,147,,8067,93014,49,1800,7,3.9
Surf Coffee,55.7734804,37.4751082,Moscow,541,79000,6509.84439759668,85,1,14,,7019,99384,29,1900,11,4.5
Surf Coffee,55.7085937,37.6253468,Moscow,1306,62000,2596.1634968304515,85,27,66,,6831,118863,23,2100,8,3.6
Surf Coffee,55.6454608,37.390514,Moscow,1198,79000,15480.0100317402,85,6,16,,14674,116596,34,1950,11,3.9
Surf Coffee,55.5999491,37.7262649,Moscow,202,62000,15610.5966530477,85,4,15,,13876,93704,14,1900,13,4.1
Surf Coffee,55.6627257,37.4806282,Moscow,946,79000,10469.883070716593,85,5,9,,11655,80890,37,2100,5,3.7
Surf Coffee,55.7608992,37.6225827,Moscow,423,89000,598.0057436652111,85,24,183,,13037,71084,42,1950,13,4.1
Surf Coffee,55.7466564,37.5371853,Moscow,406,79000,1765.7624898145973,85,32,76,,11302,80647,36,1800,8,3.6
Surf Coffee,55.7775596,37.5412542,Moscow,686,71000,2673.930297920964,85,0,8,,8793,125952,19,2300,14,4.3
Surf Coffee,55.747703,37.688297,Moscow,922,68000,2159.432991813859,85,3,26,,11759,78972,23,1950,9,3.8
Surf Coffee,55.5974104,37.6014027,Moscow,959,62000,15021.327926288739,85,3,14,,9500,87387,40,3500,4,3.6
Unknown,55.7397956,37.6652409,Moscow,562,68000,1965.9820046095115,85,14,96,,13919,124725,25,2100,4,4.0
Core bistro,55.7731957,37.5973182,Moscow,1085,54000,708.7184672429729,85,12,239,,13842,120822,21,3500,12,4.2
ЧебурекМи,55.7581993,37.6365879,Moscow,590,85000,420.6588602202823,85,25,216,,11000,110461,45,2400,8,4.8
Здрасте,55.8303422,37.4012268,Moscow,383,71000,12870.599000020271,85,1,6,,6288,61812,42,2300,11,4.1
Печорин,55.7620854,37.5571114,Moscow,1499,79000,2070.704916408088,85,12,74,,9105,97330,34,2000,3,4.7
Adam,55.7610615,37.6323929,Moscow,504,85000,675.0775652383311,85,30,217,,7097,84836,24,3500,0,4.3
Нитка,55.7458502,37.599501,Moscow,539,89000,1613.423848664762,85,10,101,,5444,93250,14,2000,14,4.2
Дринкит,55.7077595,37.4734855,Moscow,602,79000,7005.632730802218,85,0,0,,14052,83669,16,2100,11,4.6
Unknown,55.6543447,37.41538,Moscow,733,79000,13685.263521665582,85,0,14,,5198,97258,25,1900,1,4.4
Шоколадница,55.7907205,37.5292057,Moscow,677,71000,3750.443086641315,85,9,31,,8813,73514,26,2400,2,4.3
Мурритория,55.8029076,37.4728036,Moscow,1300,71000,7524.926631959903,85,0,14,,6992,97616,39,2100,6,4.7
Жучки-паучки,55.730135,37.6672254,Moscow,511,62000,1894.9220940749308,85,5,39,,12486,106119,42,1700,0,4.1
Чайхана,55.7308337,37.6639532,Moscow,837,62000,1687.685944295348,85,9,45,,11123,87741,21,2300,1,4.8
Unknown,55.7795851,37.4787882,Moscow,798,71000,6585.764766225401,85,1,15,,11207,112509,29,1800,9,4.2
Timesburg,55.6728217,37.5445721,Moscow,1263,79000,8017.463734184641,85,5,24,,14703,67477,36,2400,9,3.6
Бульдог Хотдог,55.7749734,37.467916,Moscow,306,79000,6982.614249900292,85,3,13,,13578,128658,32,2000,2,3.6
BlackStar Burger,55.7749838,37.4678686,Moscow,549,79000,6985.7637296848625,85,3,13,,13286,87712,17,2100,8,3.5
Вок,55.7486493,37.5831718,Moscow,231,79000,1249.302985353904,85,17,64,,8511,92554,15,1950,8,4.0
Press concept,55.7658815,37.5913146,Moscow,880,77000,923.8783156076329,85,14,134,,5226,105800,23,2300,10,3.7
Solo Noi,55.779201,37.5807944,Moscow,1286,71000,316.36058339705625,85,12,143,,10584,119349,45,1700,11,4.0
Papandopulo,55.7626273,37.5573691,Moscow,614,79000,2125.5912605233366,85,12,77,,12807,69187,20,2000,0,3.9
Pshur,55.7626321,37.5568959,Moscow,1447,79000,2132.9569069652916,85,12,77,,7558,64977,38,2300,14,4.4
Ēdomo,55.7568536,37.6027727,Moscow,499,72000,819.894732274611,85,15,140,,13333,95522,16,2100,1,4.4
Unknown,55.7571776,37.6017078,Moscow,1472,72000,804.7428281078254,85,18,142,,13062,74020,30,2300,1,4.2
Ava,55.7573301,37.5994572,Moscow,344,72000,847.124620731691,85,21,140,,5098,107160,17,1800,8,4.5
Met Tea,55.7756679,37.5823202,Moscow,977,71000,181.59410217784816,85,22,162,,8333,97716,10,1800,3,3.9
Узбечка,55.7089749,37.652477,Moscow,1023,62000,2633.9239551053906,85,18,43,,14636,116675,46,1950,7,3.6
Unknown,55.7099363,37.6554337,Moscow,803,62000,2611.2449164004615,85,21,39,,6925,71364,10,1700,11,3.7
Starhit,55.7047714,37.6398147,Moscow,867,62000,2921.8105200188097,85,4,35,,14799,111804,27,2400,2,4.1
Brun's Coffee,55.7049187,37.6398044,Moscow,1485,62000,2905.422424739706,85,4,37,,6909,122008,42,2300,5,4.2
Шашлык на углях,55.5291415,37.8146281,Moscow,871,62000,25062.622184270953,85,0,4,,12075,64751,25,1950,3,4.1
Местечко,55.7652888,37.6396577,Moscow,1160,85000,1217.5311872317743,85,11,202,,8401,129994,11,2100,7,3.7
Nova,55.7549236,37.6344145,Moscow,1482,85000,88.91640077185987,85,26,174,,5504,63022,22,1900,1,4.1
Дринкит,55.7549004,37.634433,Moscow,302,85000,90.34863042449919,85,26,175,,5070,75438,12,1700,9,3.7
Деликатеска,55.8190166,37.4261284,Moscow,321,71000,10917.761929296246,85,3,14,,5855,90382,31,3500,8,4.3
Деликатеска,55.6485999,37.8496009,Moscow,1425,62000,16171.40949698167,85,1,7,,12887,97071,39,1800,11,4.3
Деликатеска,55.6816177,37.8504297,Moscow,1342,62000,14455.154547284988,85,1,8,,5305,116317,48,1900,4,3.6
Деликатеска,55.7479774,37.6924127,Moscow,913,68000,2375.6837248080724,85,3,30,,8468,129935,15,1950,11,4.0
Деликатеска,55.7524879,37.7003118,Moscow,670,68000,2694.7141791748295,85,4,39,,12625,79895,35,1800,10,4.5
Деликатеска,55.6656392,37.7333672,Moscow,466,62000,9449.19043833871,85,0,13,,13099,62964,27,3500,13,4.6
Деликатеска,55.6593683,37.8739285,Moscow,1346,62000,16849.541569327066,85,2,5,,13250,62180,24,1700,10,4.0
Деликатеска,55.6979778,37.6341256,Moscow,279,62000,3676.3126281104187,85,10,37,,11084,86307,12,2300,0,4.2
Деликатеска,55.7210905,37.6882955,Moscow,718,62000,3395.8388147059527,85,4,13,,11234,86863,27,2100,3,3.6
Деликатеска,55.7157831,37.4966437,Moscow,1391,79000,5306.872818631792,85,0,2,,10772,77379,12,2000,1,4.4
Деликатеска,55.6781183,37.8662735,Moscow,1103,62000,15521.79480443009,85,0,8,,5167,120398,13,2000,7,3.8
Деликатеска,55.6956751,37.476939,Moscow,817,79000,7700.120355484589,85,0,5,,10007,75271,24,2400,13,3.9
Stars Coffee,55.8471713,37.6380583,Moscow,609,54000,7908.009511648467,85,8,17,,14528,127241,18,3500,4,4.2
Black Молоко,55.8479075,37.6520348,Moscow,348,94000,7997.89536122685,85,1,25,,14994,127270,36,2100,3,4.4
Буф а39,55.7367851,37.5944327,Moscow,232,79000,2009.476640024014,85,8,59,,11264,116582,44,1800,1,4.8
Brancho,55.8097183,37.7596429,Moscow,220,94000,7539.764268326571,85,3,7,,6993,71750,17,2300,1,4.1
Unknown,55.7121793,37.6588724,Moscow,1343,62000,2501.2012747832164,85,4,40,,8612,87599,26,2000,0,4.0
Чайхана Бек,55.7086196,37.6569416,Moscow,1053,62000,2784.4022227264177,85,23,37,,7283,60681,16,2000,2,4.3
Quidi,55.7133612,37.5505065,Moscow,1485,79000,3525.6782362302697,85,2,15,,13530,118369,27,1700,10,3.6
Unknown,55.7311395,37.6349918,Moscow,1186,62000,126.68944871207611,85,22,137,,13443,76930,48,1800,11,3.7
Ордо,55.7326691,37.6239362,Moscow,1004,62000,838.7194103469337,85,12,135,,10499,72622,43,2100,6,4.3
Хлебница,55.7366643,37.6187496,Moscow,544,62000,1304.6994947247726,85,9,132,,8066,128002,46,2000,6,3.6
Unknown,55.7333627,37.6403734,Moscow,876,62000,337.0911915467845,85,16,114,,10033,74699,43,2000,0,4.4
Правда Кофе,55.8075493,37.758471,Moscow,419,94000,7358.461332456412,85,3,6,,13122,120402,13,2400,8,4.5
Zerna,55.7486212,37.5354106,Moscow,1282,79000,1921.8792661605723,85,44,72,,13101,83623,32,2100,14,3.6
Здрасте,55.5288095,37.8233736,Moscow,989,62000,25344.40243806171,85,1,4,,12981,119212,32,2300,11,3.8
Unknown,55.5264714,37.8221224,Moscow,1079,62000,25539.636045914183,85,1,4,,7381,81257,35,1950,9,3.7
Дринкит,55.7782263,37.5166368,Moscow,636,71000,4214.881649001676,85,3,15,,8099,95019,46,1700,7,4.3
Мама варит кофе,55.7287534,37.6365101,Moscow,994,62000,251.6867256476634,85,12,120,,11619,89237,26,2100,7,4.7
Look Up,55.747526,37.6290402,Moscow,1269,85000,867.2276878696699,85,6,104,,10020,117998,15,2300,6,4.0
Дринкит,55.7237484,37.5622156,Moscow,1124,79000,2258.61245309368,85,9,32,,11363,96136,18,2400,13,3.6
Кулинарная лавка братьев Караваевых,55.6437685,37.3922199,Moscow,1060,79000,15539.248332461475,85,4,14,,5967,118925,23,2100,10,4.1
Неслучайно 0808,55.7626883,37.5660928,Moscow,1053,71000,1946.0470765637172,85,18,80,,6257,70654,31,1950,9,4.6
Mochiland,55.7588347,37.642592,Moscow,1275,85000,736.2211006481905,85,27,197,,10273,128207,21,1950,3,3.6
Surf Coffee,55.7788177,37.665254,Moscow,956,94000,713.7043085703184,85,7,79,,6367,121619,40,1800,8,4.7
Кароче кофе,55.7682646,37.6841025,Moscow,669,94000,2013.2261131169994,85,9,67,,12162,117864,11,1700,2,4.3
Маргарита любит Пеперони,55.7379453,37.6157901,Moscow,476,62000,1536.1146136895195,85,11,108,,5147,119019,32,2100,1,4.0
Шоколадница,55.6970255,37.6390153,Moscow,225,62000,3779.900549522496,85,7,28,,11201,119267,10,2400,13,4.4
Jinju,55.7715804,37.6826106,Moscow,337,94000,1795.4134192486495,85,25,87,,13758,128629,44,2100,2,4.1
Булкер,55.7741165,37.59854,Moscow,745,54000,584.5449404085348,85,14,247,,9045,71237,31,2100,4,3.9
One and Double,55.7233051,37.3964535,Moscow,769,79000,10800.232155801123,85,2,4,,14559,112192,19,1800,13,4.3
Карти,55.7650228,37.607727,Moscow,1239,77000,108.06562921877335,85,23,147,,7416,114622,21,1700,0,4.5
Zacoffee,55.7550972,37.5615001,Moscow,1042,79000,1253.2407987982053,85,5,58,,13800,101402,14,3500,10,4.0
Ухват,55.7569447,37.5634285,Moscow,390,79000,1442.7407281521678,85,9,68,,9149,118472,11,1950,6,4.4
Правда Кофе,55.7565892,37.5662476,Moscow,834,79000,1402.0307724429142,85,8,68,,10664,83531,21,2100,11,4.5
Funky Food,55.7566466,37.5664416,Moscow,398,79000,1409.1286597587432,85,8,69,,14172,75062,23,2100,6,4.6
Фрэш,55.7564376,37.5662087,Moscow,487,79000,1385.0650264575106,85,8,66,,14324,116991,40,2300,8,3.8
Prime,55.7566595,37.563728,Moscow,913,79000,1409.921095344924,85,9,66,,9318,64298,14,1900,13,4.7
SeDelice,55.7277149,37.7410568,Moscow,1331,68000,6134.440550544259,85,1,24,,11209,70527,26,1800,2,3.5
Кофейная среда,55.728494,37.7374354,Moscow,1360,68000,5896.49607788313,85,5,24,,8125,82021,38,3500,8,4.8
Coffee Combo,55.7300837,37.734445,Moscow,222,68000,5643.766127994033,85,7,17,,7659,90532,45,1900,9,4.0
Баракат,55.7303689,37.7343966,Moscow,1154,68000,5624.42206541618,85,8,15,,7312,92169,17,1800,4,4.7
Дринкит,55.8784778,37.5398132,Moscow,936,71000,11616.397223616856,85,4,11,,5316,122280,16,2300,4,4.4
Даблби,55.8090095,37.5784148,Moscow,836,71000,3576.3772346216833,85,8,63,,9740,91051,45,2400,11,4.1
Skuratov Coffee,55.7434662,37.6534683,Moscow,1391,68000,1531.3787196302317,85,21,93,,12941,91915,43,1900,2,3.9
TaAm hummus bar,55.7999485,37.595691,Moscow,865,54000,2362.524229343327,85,9,78,,6286,69038,46,1950,4,4.3
Даблби,55.7110731,37.5852194,Moscow,1195,79000,3874.0297516467404,85,2,29,,12634,66876,26,3500,8,4.4
Кофелар,55.8428728,37.5543086,Moscow,252,71000,7556.026668139334,85,1,3,,8988,63367,15,2000,14,4.6
Day Coffee,55.7108906,37.8804705,Moscow,694,68000,14841.868877696088,85,2,7,,11565,97302,13,1800,9,3.8
Хлебница,55.6030668,37.5414971,Moscow,1151,62000,15434.960749809372,85,1,11,,14986,88798,45,1950,7,4.7
Правда Кофе,55.760222,37.6139325,Moscow,319,89000,380.9079452571663,85,19,158,,6251,117105,47,2100,1,4.7
Волконский,55.7605693,37.6148784,Moscow,1071,89000,403.044253775727,85,16,151,,13907,73179,25,1700,1,4.7
Tropic coffe,55.8302073,37.4523326,Moscow,915,71000,10134.727305508206,85,1,9,,6906,68956,24,2100,12,4.1
Now,55.730943,37.6441463,Moscow,989,62000,447.48598129881174,85,18,94,,9243,112926,20,2300,11,3.6
Даблби,55.7323803,37.6450922,Moscow,618,62000,529.3932292143605,85,12,94,,10389,109129,36,1950,9,3.6
Привет,55.748258,37.5833805,Moscow,1418,79000,1244.0088350696485,85,18,65,,11804,100476,29,3500,14,3.8
Dadali,55.6816202,37.7237112,Moscow,1013,62000,7724.074353630336,85,2,9,,12087,87042,40,2400,3,4.8
Дербеневка,55.7234856,37.6556856,Moscow,1165,62000,1437.7672787935644,85,7,37,,12562,128373,34,1700,11,4.0
Чайхана,55.7271444,37.6516985,Moscow,1477,62000,1015.2985243280842,85,2,70,,14266,114013,45,2000,6,4.2
Ирыстон,55.7271354,37.6517611,Moscow,741,62000,1019.2745579387546,85,2,68,,13747,84575,29,2300,0,4.7
Unknown,55.7278257,37.6116012,Moscow,558,62000,1629.0212278849642,85,6,91,,10931,125010,25,1700,3,4.4
Кофеттория,55.7247146,37.6087286,Moscow,1327,62000,1903.2291431047704,85,5,61,,10869,71000,35,2300,10,4.5
Kono,55.7281518,37.6115118,Moscow,221,62000,1627.034658059258,85,7,90,,5206,64990,10,1800,5,4.3
Даблби,55.7199067,37.6063492,Moscow,967,62000,2281.564023245429,85,11,50,,8468,86753,39,2400,13,4.6
Unknown,55.7164739,37.6004138,Moscow,623,62000,2803.2667206628325,85,1,43,,8074,71916,13,1800,13,4.4
Трапезная,55.7141795,37.6008528,Moscow,897,62000,2936.4346335675627,85,2,44,,10654,124369,28,2000,8,4.6
Pims,55.5973715,37.6011078,Moscow,663,62000,15028.364895418623,85,3,14,,6195,108429,10,2100,1,3.9
Баристовъ,55.5959998,37.5916838,Moscow,1023,62000,15278.037747260281,85,2,11,,8319,66516,46,1900,11,3.5
Unknown,55.596197,37.5862699,Moscow,416,62000,15323.381916895216,85,1,10,,10419,89944,27,2300,7,3.6
Японский пёс,55.596042,37.5918688,Moscow,760,62000,15271.272018338463,85,2,11,,9406,91730,28,2000,13,3.6
Ихлас,55.5959181,37.5922135,Moscow,1216,62000,15280.822404558725,85,3,11,,6441,101783,45,2100,6,3.9
Unknown,55.5949855,37.5964252,Moscow,467,62000,15336.73491103084,85,1,11,,12848,60493,37,1950,11,3.8
Bakehouse,55.5972308,37.6012706,Moscow,787,62000,15042.309803882943,85,3,14,,9916,70572,13,1950,5,4.4
Варочная,55.7495368,37.5376253,Moscow,918,79000,1820.5407630763937,85,41,70,,6053,96445,39,2400,2,4.5
Гольяново,55.8131191,37.8258939,Moscow,409,94000,11452.145366001481,85,3,9,,13874,120441,35,3500,4,3.5
SeDelice,55.7723307,37.6782776,Moscow,668,94000,1511.927044770572,85,24,91,,12657,102246,25,2400,7,4.0
Met Tea,55.772341,37.6782241,Moscow,1030,94000,1508.3959270891053,85,24,91,,8557,124786,23,3500,12,3.6
Vivo Coffee,55.771388,37.6690684,Moscow,482,94000,1018.4229378401984,85,5,119,,12248,126552,12,2000,0,3.6
Zёrn,55.7711859,37.6735704,Moscow,1399,94000,1278.8749473968765,85,7,99,,9856,81375,48,1700,3,4.5
Rusty Rat & Pizza,55.7571141,37.6275086,Moscow,1415,85000,416.3233792212829,85,7,174,,12052,91545,36,2000,7,3.6
Unknown,55.612527,37.6967162,Moscow,581,62000,13695.458777285996,85,2,5,,9814,107985,36,1900,7,3.5
Ореховый бульвар,55.6126516,37.6956631,Moscow,1492,62000,13664.205325815465,85,2,5,,5846,74934,28,2400,5,4.7
Frank by Баста,55.7039602,37.7651946,Moscow,925,62000,8573.729247924679,85,8,18,,6244,121989,30,1800,8,3.9
Frank by Баста,55.5972804,37.6013491,Moscow,1371,62000,15036.122957044021,85,3,14,,5616,62073,39,2300,0,4.8
Frank by Баста,55.6433523,37.3977853,Moscow,260,79000,15332.032230818702,85,2,16,,7027,83479,15,2400,12,3.9
One and double,55.7889689,37.7428506,Moscow,1233,94000,5679.337104587689,85,4,21,,6239,81867,33,2400,3,4.8
Даблби,55.7884324,37.7417626,Moscow,308,94000,5598.569804661559,85,4,21,,12623,65926,28,3500,14,4.4
Stars Coffee,55.7521724,37.593204,Moscow,687,89000,1524.0937015475902,85,23,111,,14488,126375,32,1950,1,4.1
Met Tea,55.752208,37.5936744,Moscow,917,89000,1495.165207314199,85,20,112,,14285,109354,44,2400,3,4.8
Pho Bo,55.7364754,37.6405526,Moscow,745,62000,648.1912893797132,85,14,133,,5651,76160,11,2400,13,4.5
Good Tea,55.7526594,37.597311,Moscow,265,89000,1265.1189540884943,85,24,120,,9561,79537,34,2000,13,4.6
Coffee Like,55.7477563,37.5830488,Moscow,1277,79000,1204.3781920649146,85,18,63,,13204,103053,19,1900,1,3.8
Долина,55.7438427,37.569024,Moscow,460,79000,252.47199869974247,85,16,44,,14418,116054,44,1700,2,4.7
КОФЕ КРУТ!,55.5323613,37.3786567,Moscow,1089,79000,26278.890242406156,85,0,0,,14670,107504,12,1700,4,4.1
Unknown,55.6047661,37.4903688,Moscow,508,79000,16173.85574038427,85,6,8,,5576,81527,20,1800,3,4.7
Голден Гросс Кафе,55.7542883,37.6599032,Moscow,537,68000,324.1919525253304,85,8,113,,9912,79510,48,2400,12,3.6
Нужен кофе,55.7667766,37.5584036,Moscow,1290,71000,1963.5007789461374,85,4,60,,10335,64906,22,1950,5,4.6
Кантата,55.7679163,37.55853,Moscow,752,71000,1886.2507681970449,85,4,53,,8987,116876,28,2400,2,3.6
Lamadжo,55.7680666,37.5583833,Moscow,1112,71000,1885.143798295863,85,4,52,,6030,120462,48,1700,7,3.9
Lac Bistrot,55.7618676,37.5551916,Moscow,1352,79000,2079.4323213170983,85,13,75,,9544,125377,10,2000,10,3.8
Unknown,55.7636436,37.5560809,Moscow,342,79000,2254.4441769199284,85,14,70,,9031,64305,41,1700,12,4.2
Unknown,55.7673809,37.5552632,Moscow,1258,71000,2091.535937247602,85,4,55,,12674,64975,46,2100,3,4.0
Дринкит,55.7620401,37.5574493,Moscow,1240,79000,2060.8631022276445,85,12,74,,7002,109588,11,2300,11,3.9
Bakala,55.8873816,37.6115538,Moscow,1210,54000,12066.24267421184,85,2,14,,11694,65514,45,1800,9,3.8
Unknown,55.8309802,37.6592875,Moscow,467,94000,6119.38841102586,85,1,11,,12666,77053,30,1700,1,3.8
Pims,55.7749858,37.4677307,Moscow,1380,79000,6993.380029752884,85,2,14,,6894,94661,13,2100,12,3.8
Буханка,55.7803371,37.4690002,Moscow,321,71000,7201.084880747689,85,3,17,,10891,77139,11,2400,8,3.9
Hq! coffee,55.7728173,37.5399502,Moscow,687,71000,2793.906017121364,85,0,6,,5848,66250,47,3500,9,4.6
The Фишка,55.7644184,37.6576897,Moscow,1111,68000,825.1168592536645,85,13,142,,5542,81761,22,1900,2,3.8
Coffee Juice,55.7644612,37.6578124,Moscow,845,68000,829.7306036828812,85,13,139,,6484,114868,37,2300,10,3.9
Helpy Coffee,55.764944,37.6592825,Moscow,1044,68000,886.9692086809556,85,9,126,,8073,99604,17,2300,9,4.7
Выручайная,55.767416,37.6572578,Moscow,753,94000,964.8871456540969,85,6,126,,14152,120149,18,1800,12,3.7
Cosmo T-Rex,55.7713926,37.6549961,Moscow,1286,94000,512.3195630875986,85,14,103,,7708,70624,20,1800,4,3.7
Сыто Пьяно,55.7627329,37.6575117,Moscow,479,68000,638.2010408984837,85,12,129,,8008,126888,30,1700,13,4.1
Заверни,55.5568009,37.5021943,Moscow,415,62000,21136.62503751203,85,8,19,,14500,107262,22,2000,13,3.7
Vadman's,55.7267335,37.6264326,Moscow,1381,62000,814.1772435929063,85,19,98,,14395,75665,30,2400,9,3.8
Правда Кофе,55.7288758,37.6257225,Moscow,1293,62000,744.5784304823712,85,20,105,,12662,63390,24,1950,5,4.7
Андерсон,55.7113098,37.6079613,Moscow,811,62000,2846.2354510627415,85,2,65,,12276,70788,11,3500,6,3.8
Croissant atelier,55.7661239,37.6093679,Moscow,1456,77000,244.95952980630497,85,18,159,,10245,74150,13,2300,8,4.7
Coffee Collage,55.7436225,37.6778924,Moscow,406,68000,1939.6922608475445,85,3,43,,6176,96051,19,2100,6,4.0
Abc Coffee Roasters,55.7626498,37.5577495,Moscow,319,79000,2122.8146439212687,85,12,77,,11804,108222,15,2000,2,4.2
Арабист,55.7404969,37.6718119,Moscow,219,68000,2028.4527505756937,85,4,72,,7103,61310,48,1950,0,4.2
Восток,55.610281,37.5363461,Moscow,1301,62000,14833.246752841202,85,2,12,,11691,81634,40,1700,2,3.8
Навват,55.6115252,37.5370178,Moscow,1450,62000,14690.097000570444,85,2,12,,9666,116359,46,1700,5,4.6
Cofix,55.7586241,37.6585108,Moscow,290,68000,183.39791880529776,85,14,124,,12388,102590,48,1800,11,4.0
Пекарня,55.8035557,37.5180817,Moscow,824,71000,5069.696245109658,85,16,71,,6541,63267,36,2000,9,4.1
Ritmo,55.7586013,37.5939406,Moscow,1167,72000,964.1559611264752,85,7,130,,14957,105143,38,1900,2,4.7
София,55.7481639,37.6215668,Moscow,1451,89000,1042.4558091602996,85,0,90,,9059,96782,40,1950,6,4.3
Engineer coffee,55.7112728,37.6129521,Moscow,217,62000,2660.813877235399,85,5,70,,10328,109960,11,3500,13,4.6
St.Riders,55.7414152,37.6571323,Moscow,1305,62000,1711.6388993148603,85,23,92,,13952,115837,36,2000,0,4.6
Finch,55.7573473,37.6082262,Moscow,1406,89000,487.9337541649462,85,11,134,,11740,84428,17,1800,7,3.6
Деликатеска,55.8196163,37.4245378,Moscow,906,71000,11036.098609823606,85,3,14,,13597,64501,23,1950,13,3.7
SeDelice,55.7502263,37.5934955,Moscow,746,89000,1597.0000229709724,85,19,122,,12123,104144,31,2300,1,4.0
Secret,55.6963438,37.6356143,Moscow,1460,62000,3854.5710371283662,85,5,33,,14202,118898,49,1700,6,4.3
Здрасте,55.8691757,37.3940653,Moscow,365,71000,15678.221950146188,85,2,15,,5685,111535,16,2400,12,4.3
Unknown,55.7289714,37.5969546,Moscow,558,62000,2517.494827685828,85,2,55,,12838,61043,30,2100,11,4.4
Vera,55.7268648,37.5825695,Moscow,275,79000,2200.0433322310514,85,10,53,,5319,79723,15,2000,5,4.3
SeDelice,55.7260476,37.5814535,Moscow,825,79000,2246.3140962181214,85,11,41,,9407,84898,14,1900,4,4.2
Добрынинский,55.7254286,37.5788739,Moscow,732,79000,2240.278975904941,85,10,46,,14416,79812,33,1900,5,4.3
Штолле,55.7352797,37.5879974,Moscow,736,79000,1735.6924556233082,85,18,57,,12624,72034,47,1950,14,3.8
Правда Кофе,55.7347314,37.5888598,Moscow,981,79000,1814.6505597744845,85,16,58,,14250,67958,21,1900,13,3.6
Локация,55.7509399,37.7067263,Moscow,801,68000,3122.607522957759,85,8,48,,8262,128403,31,1700,0,4.0
Самарканд,55.7476845,37.6802489,Moscow,820,68000,1735.335497000123,85,10,37,,6320,99936,30,2300,0,4.3
Восток,55.7476618,37.6805037,Moscow,723,68000,1749.6511183042644,85,10,37,,5079,117889,15,2000,5,3.5
Unknown,55.7137173,37.8738499,Moscow,1378,68000,14344.654522600225,85,0,6,,8841,124235,35,1950,13,4.7
Ясен Кофе,55.6026811,37.5239211,Moscow,220,79000,15923.656350963447,85,2,10,,11131,63704,23,3500,1,3.5
Чай+,55.7711343,37.6808784,Moscow,534,94000,1706.554806360159,85,27,87,,11338,98780,46,1700,4,3.6
Сыто пьяно,55.7715223,37.6813981,Moscow,1471,94000,1724.4566860011018,85,26,87,,5849,68750,17,1950,5,3.8
Mani,55.7713832,37.681681,Moscow,450,94000,1745.8921409004445,85,29,89,,10664,92090,11,1700,14,4.5
Дринкит,55.7713732,37.683243,Moscow,945,94000,1839.8008096940862,85,18,86,,11630,109135,32,1900,4,4.3
Слёзы Беатрис,55.7842185,37.7082541,Moscow,902,94000,3453.23956975934,85,15,59,,6992,75412,37,2100,8,3.7
Bro coffee,55.7756401,37.6912206,Moscow,1039,94000,2265.5762398372294,85,4,64,,12737,112438,26,2300,14,4.5
Здрасте,55.7799329,37.6981701,Moscow,1174,94000,2734.884053960979,85,13,46,,8139,96724,34,1700,12,3.6
Tihn-Tea,55.7799334,37.6983757,Moscow,400,94000,2747.58565220251,85,13,46,,10945,85712,23,1800,3,4.7
ráno bistro,55.7799366,37.6989038,Moscow,1225,94000,2780.250753467583,85,13,46,,10141,129429,47,2300,13,4.3
Дринкит,55.7799363,37.6987813,Moscow,339,94000,2772.6806214464186,85,13,46,,7430,68598,23,3500,4,4.8
Лепим и Варим,55.6725283,37.6317118,Moscow,622,62000,6510.19424201029,85,2,13,,11780,116623,44,1900,9,4.4
Лепим и Варим,55.6464052,37.5162293,Moscow,249,79000,11274.241692637093,85,6,26,,12548,118663,23,1950,3,4.8
Dodgy,55.776565,37.6014433,Moscow,284,54000,272.9886529934469,85,14,220,,13973,103369,22,1800,1,4.1
Чан фо,55.8144424,37.4240766,Moscow,659,71000,10828.791319117825,85,6,13,,8155,86868,39,1800,6,4.2
Гио,55.7906964,37.5421607,Moscow,597,71000,3027.092175721059,85,1,20,,7170,82292,28,2000,1,4.2
Чайхана,55.7762981,37.7141032,Moscow,1251,94000,3696.4093550759526,85,0,34,,6085,69125,27,2300,8,4.5
Ушинка,55.7403001,37.6215193,Moscow,1434,62000,1417.2767522708248,85,15,129,,7735,103498,27,1800,1,4.7
Мяо Какао,55.7320264,37.7314584,Moscow,412,68000,5371.283657007124,85,5,10,,6912,106842,26,2300,10,3.7
French Bakery SeDelice,55.6454044,37.3919739,Moscow,407,79000,15419.980947139251,85,6,17,,6084,61402,24,2400,14,3.8
La Cà Quán,55.7266721,37.7575294,Moscow,1458,68000,7084.125148203416,85,3,19,,7194,98364,26,2400,6,4.1
Даблби,55.7491502,37.5350845,Moscow,764,79000,1957.931177069622,85,39,72,,12082,94568,36,1700,8,4.3
"Не плачь, пей кофе",55.7103103,37.7347031,Moscow,1334,62000,6537.154705765412,85,1,8,,11499,73659,48,1950,8,3.6
Мир какаду,55.7405749,37.6231138,Moscow,651,62000,1374.51011576278,85,18,131,,12336,101703,32,1700,8,4.0
Empire Zone,55.7672098,37.5932364,Moscow,281,77000,835.3847361386431,85,15,149,,5726,86359,20,2100,3,3.6
ИнтерКухня,55.7708045,37.5867998,Moscow,691,71000,710.814284398051,85,13,139,,8668,117098,19,1800,7,3.6
Котомка,55.7727618,37.5903906,Moscow,430,71000,617.9258529354444,85,18,212,,14874,120810,46,2000,1,3.5
Китионы,55.7731693,37.5911553,Moscow,1384,71000,617.8121257176937,85,16,217,,9364,94606,45,1950,13,3.8
Дринкит,55.7760257,37.5956932,Moscow,911,54000,514.7211813088735,85,6,256,,11627,80331,16,2100,10,4.1
Чайхана,55.7729421,37.601432,Moscow,648,54000,674.5437231237181,85,18,211,,14330,88571,10,2300,6,4.8
Дринкит,55.7703414,37.5964406,Moscow,442,77000,842.8074298123073,85,12,167,,6059,125851,27,2300,10,3.9
Мангал,55.7711606,37.8328696,Moscow,1361,68000,11052.308526627547,85,0,6,,11730,128057,26,2300,4,4.8
Coffeelavka,55.7833774,37.7047087,Moscow,611,94000,3214.876662146317,85,14,53,,6975,73765,36,3500,9,4.1
SeDelice,55.7829943,37.70607,Moscow,1373,94000,3286.9330110057695,85,15,53,,8729,119992,32,3500,12,4.8
Salambo,55.7101816,37.5909272,Moscow,231,62000,3699.274036946096,85,3,30,,11153,105803,33,1700,11,4.7
SeDelice,55.7713849,37.6896993,Moscow,1008,94000,2230.048434840169,85,2,61,,8252,90409,27,2000,3,3.9
Осень,55.7469942,37.6470447,Moscow,436,85000,1250.9779877927558,85,2,85,,12807,124898,42,2000,13,3.6
Сова,55.6355475,37.525757,Moscow,562,79000,12307.650329790209,85,0,19,,13697,88574,40,2400,9,4.0
Лепим и Варим,55.8211262,37.386252,Moscow,1080,71000,13298.010256745176,85,7,25,,10489,91681,11,2400,1,4.7
Лепим и Варим,55.7490386,37.5395564,Moscow,1017,79000,1688.1143299779699,85,39,72,,11748,74743,29,1700,9,4.3
Лепим и Варим,55.6228213,37.6057183,Moscow,1177,62000,12187.76842111006,85,4,8,,6716,63587,18,2100,11,4.0
Лепим и Варим,55.6336847,37.4322547,Moscow,308,79000,14822.120660314391,85,12,16,,8696,119616,25,1700,9,3.8
Cinnabon,55.8261302,37.627781,Moscow,209,54000,5482.732111311898,85,2,23,,10193,75217,43,1700,7,4.3
CoFFee Russ,55.8628321,37.4711221,Moscow,620,71000,11866.390420033747,85,2,17,,8841,68736,23,1800,12,3.5
Unknown,55.7768367,37.6075217,Moscow,334,54000,420.8323727740565,85,11,167,,14844,93811,48,1800,3,4.1
Cofix,55.741386,37.6095494,Moscow,930,89000,1782.5124514886331,85,14,87,,10126,86543,10,2300,9,4.3
Urban,55.7409801,37.6087168,Moscow,1154,89000,1838.7217986137825,85,12,83,,7086,116400,42,1700,0,3.5
Unknown,55.747274,37.6355827,Moscow,1394,85000,874.1631339530982,85,1,95,,14581,125901,29,1950,14,3.9
Kurlovich,55.7567225,37.6753297,Moscow,561,68000,1084.7590708861583,85,6,48,,7213,116831,29,1900,14,4.0
Meltisss,55.763705,37.6020806,Moscow,844,72000,247.37754111903104,85,12,157,,10869,76314,41,2000,12,4.2
Smash Point,55.7636771,37.6020357,Moscow,1271,72000,250.58766253313132,85,12,156,,11131,128140,41,1800,1,4.1
Pims,55.804598,37.5847291,Moscow,1188,54000,3044.2572757107214,85,25,87,,12181,94837,49,1900,4,3.7
Терруар,55.7265486,37.7481347,Moscow,510,68000,6580.004199627274,85,12,22,,13437,69738,43,1900,13,4.1
Московский дворик,55.7862735,37.7252749,Moscow,851,94000,4540.423217137602,85,3,27,,14832,120243,32,1800,6,4.1
Unknown,55.7834561,37.7205615,Moscow,1123,94000,4182.77105648567,85,14,42,,5568,109132,17,2000,1,4.0
Фобо,55.7845092,37.7217541,Moscow,376,94000,4280.192432109616,85,15,36,,11106,70594,36,3500,9,4.2
Этно,55.7850815,37.721838,Moscow,447,94000,4299.778182216369,85,13,35,,14228,107650,39,1900,14,4.5
Surf Coffee,55.7455589,37.4071285,Moscow,630,79000,9882.604931262327,85,2,10,,7904,68354,12,1900,11,3.7
Unknown,55.752539,37.8589836,Moscow,1273,68000,12586.00182503639,85,19,53,,9738,78931,42,2000,12,4.2
Unknown,55.7418625,37.6630071,Moscow,923,68000,1712.1324443811873,85,9,102,,13056,85531,16,2300,13,3.7
Plain,55.8193343,37.4229081,Moscow,1042,71000,11114.894854552706,85,3,14,,14428,126595,41,1950,0,3.9
Ясно и Ладно,55.7587687,37.6465272,Moscow,677,68000,744.2889578917312,85,25,211,,11591,110703,34,2400,6,4.8
SeDelice,55.7430466,37.5107226,Moscow,1091,79000,3398.9543248901346,85,7,43,,5425,97696,12,2000,3,4.3
Дринкит,55.771748,37.6325452,Moscow,771,94000,1481.8358913689551,85,19,140,,8211,126659,27,3500,9,3.8
ТоТо Чай,55.7680114,37.6315394,Moscow,1488,85000,1449.6845090503489,85,18,179,,5272,63710,13,2000,13,3.5
Unknown,55.7809566,37.6920466,Moscow,246,94000,2381.379416862069,85,2,38,,10858,93004,41,1800,10,4.6
